# Blender 3.6.23
# www.blender.org
mtllib PowerRing.mtl
o PowerRing2
v -1.182919 3.210921 -1.008180
v -1.182221 3.210073 -1.490526
v -0.664248 3.212600 -1.005247
v -0.714045 3.210416 -1.490375
v -0.718912 3.211286 -0.996083
v -1.115826 3.212112 -0.146828
v -0.678748 3.211213 -0.165965
v -0.562056 3.211213 -0.404522
v -0.461033 3.211206 -0.512753
v -0.661679 3.212153 -0.915846
v -0.326349 3.211216 -0.604968
v -0.198969 3.211215 -0.655331
v -0.078125 3.211215 -0.681539
v -0.246277 3.212461 -1.088069
v 0.084258 3.211215 -0.681953
v 0.269278 3.212470 -1.085798
v 0.266876 3.211215 -0.635774
v 0.670127 3.212454 -1.008381
v 0.411534 3.211215 -0.557064
v -1.043223 2.982627 0.654281
v -1.038036 3.203333 0.655572
v -1.017918 3.203434 0.686923
v -1.001205 2.982627 0.716159
v -0.990116 3.203293 0.726027
v -0.943123 3.203388 0.783569
v -0.951742 2.982627 0.777571
v -1.080128 2.982628 0.587325
v -1.088048 3.203380 0.564692
v -1.059583 3.203281 0.618798
v -1.112346 2.982627 0.518159
v -1.112704 3.203318 0.510171
v -1.138060 2.982627 0.453399
v -1.134563 3.203305 0.455062
v -1.162441 2.982627 0.377826
v -1.158827 3.203310 0.380667
v -1.041142 2.982628 -0.623679
v -1.011835 3.203314 -0.664778
v -1.071405 2.982627 -0.571174
v -1.049766 3.203321 -0.603821
v -1.000583 2.982627 -0.686286
v -0.964550 3.203314 -0.731219
v -0.951811 2.982626 -0.752067
v -0.926033 3.203313 -0.778888
v -0.844749 2.982630 -0.867452
v -0.895979 2.982626 -0.817438
v -0.890171 3.203304 -0.819419
v -0.856773 3.203334 -0.852570
v -1.183963 2.982627 0.295105
v -1.187765 3.203279 0.263946
v -1.174826 3.203310 0.320957
v -1.198123 2.982628 0.222002
v -1.201542 3.203336 0.181223
v -1.210172 2.982626 0.134221
v -1.210203 3.203284 0.103703
v -1.215571 2.982626 0.061148
v -1.214075 3.203332 0.020076
v -1.216963 2.982626 -0.025603
v -1.213769 3.203307 -0.038871
v -1.213244 2.982628 -0.101196
v -1.210801 3.203308 -0.097538
v -1.203629 2.982627 -0.185308
v -1.196968 3.203298 -0.208669
v -1.204316 3.203311 -0.159020
v -1.179425 2.982627 -0.300910
v -1.191292 2.982627 -0.252095
v -1.187134 3.203309 -0.257942
v -1.175524 3.203323 -0.305282
v -1.162683 2.982627 -0.358800
v -1.154418 3.203297 -0.375455
v -1.135600 2.982627 -0.436117
v -1.134514 3.203307 -0.430894
v -1.103979 2.982627 -0.508009
v -1.116019 3.203315 -0.475377
v -1.084365 3.203312 -0.541188
v -0.750946 2.982581 -0.946257
v -0.715356 3.203469 -0.972505
v -0.826497 3.203294 -0.879357
v -0.722073 2.982442 -0.970592
v -0.704347 3.211213 -0.003162
v -0.683531 3.211213 0.179057
v -1.104441 3.212111 0.250086
v -0.966297 3.203316 -1.497232
v -0.885954 2.982607 -1.499900
v -1.154200 3.203371 -1.496706
v 0.991983 2.982623 -1.497245
v 1.000088 3.203327 -1.494509
v -0.954614 3.212112 0.621220
v -0.646214 3.211213 0.290589
v -0.632795 3.211213 -0.289646
v -1.018499 3.212112 -0.478524
v -0.580393 3.211213 0.411540
v 0.683674 3.078985 0.023588
v 0.682896 2.982626 0.054978
v 0.682413 3.079261 0.061720
v 0.684241 3.163552 0.024032
v 0.683920 3.187824 -0.023678
v 0.682981 3.114603 -0.016929
v 0.682160 3.187802 -0.047882
v 0.681627 3.112553 -0.041315
v 0.683206 2.982626 -0.012031
v 0.677251 2.982626 0.108756
v 0.677116 3.114604 0.110596
v 0.682980 3.163454 0.061842
v 0.669668 2.982626 0.153947
v 0.669378 3.078538 0.155553
v 0.677733 3.169870 0.110993
v 0.659481 2.982627 0.195597
v 0.659380 3.110557 0.196268
v 0.669929 3.163456 0.155675
v 0.659516 3.164883 0.197742
v 0.640276 2.982627 0.256782
v 0.644306 3.114463 0.244779
v 0.635279 3.107538 0.270700
v 0.640040 3.164108 0.259274
v 0.623992 2.982627 0.297621
v 0.624820 3.114638 0.295583
v 0.615030 3.150333 0.316454
v 0.628403 3.187832 0.290493
v 0.599917 2.982627 0.344306
v 0.599080 3.078744 0.345875
v 0.599493 3.163447 0.346306
v 0.576202 2.982627 0.383101
v 0.575248 3.078804 0.384628
v 0.575632 3.163473 0.385079
v 0.550041 2.982627 0.420198
v 0.549028 3.078633 0.421602
v 0.549384 3.163444 0.422070
v 0.524987 2.982627 0.451427
v 0.524674 3.113791 0.451961
v 0.524371 3.169873 0.453360
v 0.498478 2.982627 0.481096
v 0.507511 3.113822 0.471447
v 0.480941 3.078781 0.499047
v 0.497210 3.165031 0.483354
v 0.465448 2.982627 0.513817
v 0.447219 3.078696 0.530137
v 0.464653 3.163470 0.515368
v 0.430540 2.982627 0.543934
v 0.419787 3.078863 0.552305
v 0.417021 3.163265 0.555167
v 0.438821 3.163538 0.537825
v 0.392309 2.982627 0.572466
v 0.390930 3.078908 0.573475
v 0.376795 3.163908 0.583617
v 0.397063 3.163922 0.569803
v 0.350062 2.982627 0.599817
v 0.348680 3.079038 0.600700
v 0.334083 3.163805 0.609801
v 0.355705 3.163831 0.597025
v 0.305668 2.982627 0.624535
v 0.304408 3.079103 0.625237
v 0.289085 3.163771 0.633385
v 0.311901 3.163817 0.621923
v 0.259112 2.982627 0.646348
v 0.257906 3.078881 0.646923
v 0.241874 3.163722 0.654019
v 0.265776 3.163781 0.644081
v 0.210781 2.982627 0.664862
v 0.209514 3.078191 0.665348
v 0.192631 3.163616 0.671321
v 0.217455 3.163676 0.663127
v 0.161170 2.982627 0.679652
v 0.172478 3.078446 0.676564
v 0.151096 3.112092 0.682126
v 0.148167 3.187841 0.683962
v 0.173717 3.187841 0.677498
v 0.112147 2.982627 0.689939
v 0.122418 3.078808 0.688046
v 0.097091 3.078612 0.692171
v 0.097018 3.163497 0.692759
v 0.122567 3.163544 0.688594
v 0.061147 2.982627 0.696349
v 0.058926 3.078400 0.696589
v 0.045421 3.163514 0.698048
v 0.071247 3.163484 0.695901
v 0.019278 2.982627 0.698519
v -0.022632 2.982627 0.698670
v -0.006246 3.078518 0.698900
v -0.007080 3.163467 0.699461
v 0.019029 3.163457 0.699264
v -0.031905 3.078576 0.698062
v -0.080651 2.982627 0.693602
v -0.057752 3.078021 0.696132
v -0.059182 3.163376 0.696584
v -0.033066 3.163466 0.698582
v -0.096087 3.077822 0.691385
v -0.137145 2.982627 0.683599
v -0.110498 3.163487 0.689346
v -0.084868 3.163432 0.693505
v -0.146868 3.078251 0.681229
v -0.161142 3.163477 0.678059
v -0.136004 3.163499 0.684167
v -0.193686 2.982627 0.668195
v -0.196651 3.078902 0.667264
v -0.210282 3.163491 0.663197
v -0.185897 3.163524 0.671063
v -0.242486 2.982627 0.650774
v -0.245173 3.079061 0.649729
v -0.257889 3.163451 0.644931
v -0.234330 3.163456 0.654469
v -0.288488 2.982627 0.630435
v -0.290613 3.079399 0.629443
v -0.291560 3.163489 0.629605
v -0.336729 2.982627 0.605211
v -0.338686 3.078568 0.604118
v -0.348953 3.163493 0.598608
v -0.326916 3.163501 0.611198
v 0.615059 2.982627 -0.283616
v 0.615791 3.114348 -0.282366
v 0.616517 3.169877 -0.282409
v 0.602806 3.163485 -0.309375
v 0.636207 2.982627 -0.235502
v 0.636772 3.108179 -0.234369
v 0.637888 3.164138 -0.232964
v 0.648579 2.982627 -0.200644
v 0.648917 3.078657 -0.199710
v 0.649430 3.163407 -0.199984
v 0.662414 2.982627 -0.153390
v 0.662863 3.114351 -0.152169
v 0.670335 2.982627 -0.119625
v 0.670239 3.109886 -0.120418
v 0.668994 3.163570 -0.128704
v 0.663914 3.187790 -0.152682
v 0.678906 3.113749 -0.065593
v 0.679877 2.982627 -0.057457
v 0.676294 3.169866 -0.088328
v -0.626674 2.982627 -0.252448
v -0.627203 3.114871 -0.250981
v -0.608633 3.113823 -0.290495
v -0.622099 3.169890 -0.263983
v -0.634361 3.187838 -0.236686
v -0.598817 2.982627 -0.309444
v -0.594235 3.078342 -0.317752
v -0.598779 3.164249 -0.310899
v -0.574428 2.982627 -0.350386
v -0.581577 3.114529 -0.339189
v -0.557526 3.114530 -0.375152
v -0.566379 3.187840 -0.364246
v -0.582916 3.187834 -0.339225
v -0.539792 2.982627 -0.399031
v -0.536076 3.104543 -0.403819
v -0.549747 3.187812 -0.387865
v -0.516866 2.982627 -0.426453
v -0.525912 3.163462 -0.417172
v -0.496897 2.982627 -0.448531
v -0.503201 3.114612 -0.441906
v -0.480326 3.114437 -0.465400
v -0.496417 3.169874 -0.450146
v -0.465214 2.982627 -0.479671
v -0.444982 3.109251 -0.498164
v -0.464227 3.169864 -0.481648
v -0.433351 2.982627 -0.508082
v -0.405035 2.982627 -0.530446
v -0.419615 3.078616 -0.519295
v -0.419783 3.163452 -0.519858
v -0.437481 3.163428 -0.505249
v -0.397756 3.114636 -0.535693
v -0.361583 2.982627 -0.559617
v -0.371091 3.114547 -0.553578
v -0.398251 3.187829 -0.536746
v -0.318963 2.982627 -0.584685
v -0.339076 3.078510 -0.573369
v -0.329143 3.163522 -0.579602
v -0.359437 3.164749 -0.561710
v -0.306561 3.078526 -0.591130
v -0.275410 2.982627 -0.606019
v -0.273625 3.079211 -0.606858
v -0.284312 3.163521 -0.602584
v -0.306674 3.163490 -0.591713
v -0.225018 2.982627 -0.625875
v -0.223051 3.078634 -0.626613
v -0.260660 3.163503 -0.612807
v -0.174551 2.982627 -0.642099
v -0.172485 3.078116 -0.642696
v -0.185912 3.163465 -0.639245
v -0.222933 3.163466 -0.627252
v -0.126683 2.982627 -0.653594
v -0.136364 3.079070 -0.651505
v -0.136164 3.163541 -0.652111
v -0.160901 3.163490 -0.646252
v -0.400356 3.163469 0.564366
v -0.369733 3.163532 0.585575
v -0.399939 3.079309 0.563961
v -0.369327 3.079091 0.585170
v -0.377462 2.982627 0.579834
v -0.418442 2.982627 0.549827
v -0.429650 3.114788 0.540952
v -0.440965 3.164955 0.532433
v -0.457501 2.982627 0.517310
v -0.458638 3.079524 0.516387
v -0.466546 3.163475 0.509881
v -0.491722 2.982627 0.484669
v -0.487185 3.113925 0.489350
v -0.509001 3.102504 0.466138
v -0.491968 3.169891 0.485524
v -0.521192 2.982627 0.452040
v -0.539001 3.113873 0.430496
v -0.539048 3.169774 0.431523
v -0.514788 3.163572 0.460245
v -0.548751 2.982627 0.417738
v -0.569511 2.982627 0.388715
v -0.561731 3.107603 0.400269
v -0.558490 3.163413 0.405645
v -0.576589 3.114724 0.377723
v -0.593905 2.982627 0.348628
v -0.594641 3.114467 0.347560
v -0.573783 3.187831 0.384371
v -0.615035 2.982627 0.308749
v -0.610143 3.114478 0.318600
v -0.595139 3.169849 0.348029
v -0.629847 2.982627 0.275759
v -0.622528 3.107848 0.292950
v -0.630768 3.169944 0.275525
v -0.616230 3.164790 0.307746
v -0.635612 3.114634 0.261575
v -0.645125 2.982627 0.235413
v -0.646145 3.169740 0.234879
v -0.652645 3.107319 0.213645
v -0.657548 2.982627 0.196908
v -0.655503 3.163499 0.205707
v -0.661565 3.114987 0.181068
v -0.667735 2.982626 0.152049
v -0.670728 3.114185 0.137249
v -0.660843 3.187158 0.188835
v -0.675463 2.982626 0.107566
v -0.676197 3.103997 0.102438
v -0.672567 3.169928 0.131336
v -0.679124 2.982626 0.071401
v -0.678597 3.163537 0.086458
v -0.680935 2.982626 0.042526
v -0.681070 3.114562 0.041721
v -0.681709 3.169877 0.042388
v -0.681493 2.982626 -0.001412
v -0.681632 3.114178 0.005166
v -0.679901 2.982626 -0.036302
v -0.681039 3.078235 -0.017765
v -0.682057 3.164276 -0.008556
v -0.679256 3.114724 -0.043539
v -0.673903 2.982627 -0.085259
v -0.673832 3.114318 -0.086498
v -0.680482 3.187845 -0.042685
v -0.665967 2.982627 -0.129841
v -0.666022 3.109128 -0.130060
v -0.674544 3.169850 -0.086246
v -0.656963 2.982627 -0.166291
v -0.658217 3.114625 -0.161990
v -0.658193 3.187843 -0.166476
v -0.666329 3.164776 -0.131187
v -0.644518 2.982627 -0.205787
v -0.648654 3.114601 -0.193811
v -0.645131 3.169819 -0.206372
v -0.636891 3.114518 -0.227046
v 0.598033 3.211214 -0.358804
v -0.993619 3.203321 1.520309
v -0.971530 2.982571 1.523069
v -0.619356 2.982627 1.523032
v -1.167191 3.203199 1.519484
v -1.163936 2.982538 1.522013
v 0.955639 3.203316 1.520308
v 0.875944 2.982618 1.523061
v 1.137977 2.982544 1.521839
v 1.136760 3.203369 1.519435
v 0.670676 3.212562 1.031712
v 0.727826 3.211182 1.021877
v 1.130003 3.211025 1.034197
v 1.133464 3.210180 1.513463
v 0.107058 3.212456 1.125540
v 1.136961 2.982600 1.014067
v 1.139701 3.203298 1.016578
v 0.770299 2.982390 1.012473
v 0.806215 3.203527 1.015303
v 1.083899 2.982628 -0.531578
v 1.082421 3.203405 -0.528353
v 1.107371 3.203301 -0.475941
v 1.053931 3.203273 -0.581395
v 1.054618 2.982627 -0.585477
v 1.222370 2.982626 0.092833
v 1.218258 3.203362 0.110370
v 1.221587 3.203270 0.055919
v 1.220693 3.203323 -0.037663
v 1.222418 3.203327 0.013521
v 1.225208 2.982626 0.025252
v 1.223374 2.982627 -0.039403
v 1.208518 2.982627 0.225900
v 1.209965 3.203293 0.197726
v 1.202993 3.203348 0.240190
v 1.214452 2.982627 0.182282
v 1.199429 2.982627 0.267672
v 1.193323 3.203305 0.279805
v 1.170159 2.982627 0.370973
v 1.158981 3.203334 0.399238
v 1.145482 2.982627 0.449635
v 1.138124 3.203303 0.461436
v 1.089697 2.982627 0.577672
v 1.077848 3.203414 0.594668
v 1.106791 3.203281 0.535880
v 0.966625 2.982627 -0.720615
v 0.955918 3.203365 -0.729953
v 0.901164 3.203269 -0.797754
v 1.000475 2.982627 -0.671864
v 0.989124 3.203313 -0.684371
v 1.122069 2.982627 0.508920
v 1.123813 3.203324 0.497642
v 1.049500 2.982627 0.651643
v 1.037645 3.203316 0.666271
v 1.004229 2.982627 0.723316
v 0.979631 3.203313 0.752913
v 1.003854 3.203313 0.718701
v 0.906432 2.982627 0.844342
v 0.953408 2.982627 0.791570
v 0.946910 3.203313 0.794965
v 0.913087 3.203323 0.833217
v 0.851558 2.982632 0.897000
v 0.883559 3.203320 0.863202
v 0.843539 3.203272 0.900253
v 0.725993 3.203439 0.999834
v 0.736746 2.982520 0.994301
v 0.697390 3.211213 -0.094397
v 1.049533 3.212111 -0.415089
v 0.703411 3.211214 0.064848
v 0.684974 3.211214 0.179895
v 0.645959 3.211213 0.301320
v 1.127992 3.212113 0.224211
v 0.558302 3.211212 0.445835
v 0.897878 3.212113 0.712603
v 0.449307 3.211208 0.555624
v 0.646573 3.212120 -0.935613
v 0.336321 3.211216 0.632148
v 0.200033 3.211215 0.689514
v 0.057386 3.211215 0.717026
v 0.726205 3.210421 1.513787
v -0.083163 3.211214 0.713094
v -1.166248 3.203386 1.016464
v -1.166963 2.982586 1.014079
v -0.813708 3.203380 1.015152
v -0.815026 2.982503 1.012515
v -1.159312 3.210242 1.513506
v -1.164533 3.210896 1.033143
v -0.721882 3.210406 1.513822
v -0.778391 3.211081 1.024975
v -0.678525 3.212396 1.033887
v 0.803500 2.982552 -0.986441
v 0.804002 3.203367 -0.989155
v 1.182792 2.982577 -0.991627
v 1.180809 3.202912 -0.993066
v 1.030123 3.203270 -0.989929
v 1.032421 2.982563 -0.987233
v 0.775561 3.210308 -0.994627
v 0.706299 3.210403 -1.488436
v 1.030533 3.210223 -0.995593
v 1.006298 3.210434 -1.487878
v -0.073654 2.982627 -0.661705
v -0.098388 3.079295 -0.658490
v -0.084611 3.163472 -0.660883
v -0.110639 3.163520 -0.656985
v -0.029317 2.982627 -0.665196
v -0.052049 3.106799 -0.663877
v -0.027312 3.187817 -0.666576
v -0.058890 3.163482 -0.663751
v -0.020746 3.114532 -0.665605
v 0.016709 2.982627 -0.665787
v 0.018781 3.078654 -0.665783
v 0.004866 3.163556 -0.666429
v 0.058009 2.982627 -0.663453
v 0.057091 3.163521 -0.664260
v 0.031285 3.163503 -0.665829
v 0.093610 2.982627 -0.659666
v 0.082672 3.078958 -0.661039
v 0.108587 3.078923 -0.657248
v 0.108291 3.163531 -0.657872
v 0.082514 3.163525 -0.661629
v 0.142878 2.982627 -0.650658
v 0.145037 3.111883 -0.650302
v 0.176167 3.164387 -0.643499
v 0.133202 3.163536 -0.653235
v 0.199179 2.982627 -0.636750
v 0.185821 3.078486 -0.640316
v 0.210140 3.078289 -0.633359
v 0.209704 3.163456 -0.634075
v 0.237828 2.982627 -0.623750
v 0.238587 3.114591 -0.623558
v 0.238622 3.169824 -0.624244
v 0.294883 2.982627 -0.600376
v 0.281529 3.114287 -0.606170
v 0.303525 3.078153 -0.596264
v 0.303175 3.163418 -0.597044
v 0.280930 3.187803 -0.607666
v 0.322652 2.982627 -0.586393
v 0.326540 3.114895 -0.584404
v 0.374336 2.982627 -0.556071
v 0.371707 3.114389 -0.557664
v 0.356871 3.187811 -0.567944
v 0.326414 3.187867 -0.585773
v -0.802450 3.203543 -0.989223
v -0.758693 2.982339 -0.986250
v -1.105297 2.982506 -0.987359
v -1.161480 3.203290 -0.990398
v 0.681804 3.212154 0.914463
v -0.822980 2.982619 0.920228
v -0.813256 3.203663 0.926673
v -0.787555 2.982621 0.952191
v -0.773653 3.203305 0.961253
v -0.718506 3.203841 1.000369
v -0.746010 2.982674 0.983858
v -0.862436 2.982627 0.879944
v -0.855054 3.203270 0.883601
v -0.380465 3.212472 1.093236
v -0.226062 3.211213 0.679239
v -0.365870 3.211197 0.612282
v -0.647492 3.212156 0.957945
v -0.476051 3.211211 0.529410
v 0.887957 2.982626 -0.817989
v 0.848435 3.203190 -0.859180
v 1.120647 2.982627 -0.453691
v 1.128424 3.203310 -0.429038
v 1.149698 2.982627 -0.383439
v 1.159825 3.203318 -0.345930
v 1.146163 3.203321 -0.384581
v 1.173256 2.982627 -0.312799
v 1.175277 3.203321 -0.295961
v 1.206049 2.982627 -0.186374
v 1.197542 3.203295 -0.212615
v 1.206052 3.203343 -0.170722
v 1.196349 2.982627 -0.228783
v 1.212591 2.982627 -0.144977
v 1.211426 3.203305 -0.131117
v 0.834038 2.982623 -0.878312
v 0.800032 2.982602 -0.911551
v 0.809949 3.203322 -0.898621
v 0.782456 3.203381 -0.923606
v 0.761068 2.982585 -0.944935
v 0.755722 3.203243 -0.945246
v 0.725256 3.203356 -0.966420
v 0.723696 2.982617 -0.970832
v 0.512575 3.211213 -0.467818
v 0.657880 3.211213 -0.236975
v 0.400088 3.102740 -0.538699
v 0.383224 3.187806 -0.551664
v 0.412503 2.982627 -0.529395
v 0.423383 3.114546 -0.520786
v 0.412111 3.163742 -0.530422
v 0.450373 2.982627 -0.498037
v 0.450510 3.078577 -0.497967
v 0.449405 3.163516 -0.499679
v 0.482819 2.982627 -0.468549
v 0.483372 3.113947 -0.468194
v 0.505016 2.982627 -0.445392
v 0.506111 3.083376 -0.444240
v 0.500621 3.163576 -0.451116
v 0.483496 3.187775 -0.469685
v 0.547305 2.982627 -0.393156
v 0.548462 3.076243 -0.391718
v 0.514637 3.163627 -0.434765
v 0.548568 3.163567 -0.392527
v 0.571738 2.982627 -0.359736
v 0.572724 3.078300 -0.358325
v 0.573274 3.163466 -0.358505
v 0.595928 2.982627 -0.320830
v 0.597009 3.078727 -0.319004
v 0.591521 3.163520 -0.329410
v -0.716733 3.203453 1.002250
v -0.722237 2.982782 0.999727
v 0.706135 3.203202 -0.979060
v 0.711060 2.982764 -0.975962
v 0.701038 3.203246 -0.988563
v 0.702273 2.982439 -0.990942
v -1.160316 3.208341 -1.494960
v -1.204441 3.207908 -1.493387
v -1.208465 3.207600 -1.490164
v -1.205811 3.209158 -1.489466
v -1.209575 3.209504 -1.006530
v -1.208814 3.207594 -0.994276
v -1.208123 3.209107 -0.996896
v -1.212025 3.207827 -0.998306
v -1.196307 3.209604 -0.996013
v -1.115839 3.210159 -0.995346
v -0.706001 3.203345 -0.983583
v -0.713567 2.982363 -0.980026
v -0.705315 3.209612 -0.975990
v -0.695052 3.210018 -0.988792
v -0.702827 3.208121 -0.984446
v -0.703687 3.208209 -0.987527
v -1.207001 2.982526 -1.495914
v -1.209344 3.203328 -1.490895
v -1.205374 3.202995 -1.494371
v -1.186785 2.982529 -1.498546
v -1.194069 3.203101 -1.495654
v 1.180969 3.207718 -1.489837
v 1.001343 3.208167 -1.492867
v 1.181709 3.203550 -1.490793
v 1.186531 2.982579 -1.488628
v 1.185248 3.203003 -1.486838
v 1.184090 3.207792 -1.486374
v 1.181030 3.209082 -0.997816
v 1.183809 3.207538 -0.997239
v 1.184797 3.203431 -0.996640
v -1.209449 3.203538 1.516839
v -1.209619 2.982529 1.518899
v -1.167264 3.208285 1.517859
v -1.208268 3.207798 1.515974
v -1.211764 3.207617 1.512943
v 1.179321 2.982537 1.518588
v 1.181530 3.203314 1.513618
v 1.177586 3.202982 1.517098
v 1.177061 3.209195 1.512981
v 1.177660 3.207592 1.515874
v 1.136075 3.208321 1.517748
v 1.183198 2.982625 1.021770
v 1.178311 3.203426 1.019380
v 1.181792 3.202941 1.023304
v 1.185068 2.982624 1.032811
v 1.183096 3.203049 1.033362
v 1.180457 3.207642 1.023221
v 1.177975 3.209337 1.024886
v 1.181794 3.207743 1.033594
v 1.180681 3.207778 1.512364
v 1.183617 2.982538 1.513875
v 1.177084 3.207745 1.020233
v 1.132529 3.210010 1.021577
v 1.178422 2.982623 1.017418
v 1.138192 3.208006 1.018030
v 0.726300 2.982380 1.010323
v 0.719318 3.203488 1.012625
v 0.729829 3.203401 1.013945
v 0.715886 3.208209 1.013604
v 0.725142 3.208404 1.015132
v 0.748124 3.209740 1.018192
v 0.805041 3.208413 1.016876
v 0.718219 3.203289 1.009625
v 0.725668 2.982404 1.006386
v 0.721697 3.208303 1.001311
v 0.716021 3.209600 1.003280
v 0.707705 3.209924 1.014798
v 0.714994 3.208114 1.010470
v -1.214288 2.982529 1.514829
v -1.212951 3.203003 1.512917
v -1.214218 3.203082 1.033291
v -1.216187 2.982596 1.032738
v -1.208905 3.209193 1.512375
v -1.209769 3.209527 1.033090
v -1.212917 3.207778 1.033523
v -1.211564 3.207588 1.023016
v -1.208967 3.209102 1.023741
v -1.212514 3.203483 1.022388
v -1.210576 2.982597 1.017765
v -1.208656 3.202974 1.018973
v -1.208145 3.207813 1.020147
v -1.166440 3.209959 1.021467
v -1.164043 3.208078 1.017931
v -0.730369 3.203324 1.013652
v -0.735594 2.982519 1.011071
v -0.800940 3.208422 1.016721
v -0.718906 3.209641 1.016354
v -0.726494 3.207978 1.014709
v -0.713655 3.207843 1.009232
v -0.715403 3.207867 1.012965
v -0.717752 3.203021 1.011775
v 0.722984 3.203294 -0.987522
v 0.727463 2.982579 -0.984889
v 0.718028 3.208142 -0.988568
v 0.790907 3.208385 -0.990698
v 0.705303 3.209068 -0.987621
v 0.708396 3.207717 -0.986321
v 0.710464 3.202965 -0.985491
v 1.180376 3.207707 -0.994263
v 1.029884 3.208098 -0.991556
v 1.180520 3.209277 -1.486373
v -1.214358 2.982559 -0.995533
v -1.209458 3.203439 -0.993314
v -1.212844 3.202978 -0.997183
v -1.216154 2.982559 -1.006628
v -1.214082 3.203085 -1.007294
v -0.713901 2.982333 -0.984173
v -0.707124 3.203495 -0.986557
v -0.718497 3.203403 -0.987870
v -0.713406 3.208556 -0.989120
v -0.783560 3.210342 -0.993928
v -0.801289 3.208425 -0.990795
v -1.196386 2.982550 -0.989232
v -1.198292 3.203092 -0.991627
v -1.115972 3.208153 -0.991644
v -1.195685 3.207891 -0.992766
v 0.712528 2.982576 -0.979889
v 0.713198 3.203096 -0.975823
v 0.712711 3.207827 -0.974591
v 0.715582 3.208480 -0.971166
v -0.721551 2.982626 1.006623
v -0.716165 3.203226 1.007764
v -0.708792 3.209409 1.007787
v -0.713414 3.208238 1.004196
v 0.714867 2.982622 -0.982756
v 0.708589 3.203166 -0.981941
v 0.703391 3.208110 -0.980979
v 0.700259 3.207993 -0.987307
v 0.699835 3.208833 -0.985698
v -0.979929 3.209461 -1.493429
v -0.674114 3.210246 -0.131435
v -0.661429 3.210459 -0.184728
v -1.148260 3.211753 -0.242829
v -1.177461 3.209460 -0.283575
v -1.175100 3.210461 -0.281437
v -1.193089 3.210326 -0.197449
v -0.531973 3.210246 -0.421916
v -0.858640 3.211735 -0.792566
v -0.958579 3.211214 -0.711521
v -0.949327 3.210248 -0.741795
v -0.487099 3.210458 -0.472158
v -0.485823 3.209447 -0.469462
v -0.856810 3.211211 -0.829432
v -0.894026 3.209462 -0.809804
v -0.893003 3.210459 -0.806767
v -0.842263 3.209424 -0.861021
v -0.841387 3.210450 -0.857982
v -0.431954 3.210247 -0.520069
v -0.708773 3.211473 -0.951360
v -0.381715 3.210459 -0.558146
v -0.678053 3.211843 -0.988847
v -0.688555 3.211133 -0.985873
v -0.716909 3.210577 -0.962425
v -0.297006 3.210459 -0.607033
v -0.196129 3.210459 -0.645884
v -0.050574 3.210458 -0.673737
v 0.035625 3.210458 -0.674747
v 0.058566 3.208451 -0.668100
v 0.119891 3.210458 -0.665304
v 0.208040 3.209448 -0.641060
v 0.209581 3.210458 -0.643538
v 0.296388 3.210455 -0.610364
v 0.306963 3.209448 -0.601989
v 0.373610 3.210452 -0.567652
v -1.023409 3.209462 0.672015
v -1.025004 3.208169 0.673606
v -0.933820 3.208453 0.791489
v -0.981801 3.209461 0.730664
v -0.983272 3.208168 0.732350
v -1.063180 3.210248 0.601014
v -1.067097 3.208167 0.602013
v -1.098668 3.210248 0.528899
v -1.102685 3.208168 0.529517
v -1.128497 3.210248 0.455458
v -1.132541 3.208167 0.455795
v -1.152638 3.210247 0.382012
v -1.156758 3.208166 0.381877
v -1.041321 3.210248 -0.607375
v -1.044061 3.208167 -0.610430
v -0.997477 3.210248 -0.676136
v -1.000041 3.208167 -0.679325
v -0.951703 3.208167 -0.745113
v -0.895948 3.208169 -0.810960
v -0.844970 3.208147 -0.861431
v -1.175885 3.209459 0.300770
v -1.177916 3.208167 0.301724
v -1.190733 3.209459 0.226277
v -1.192825 3.208166 0.227063
v -1.202706 3.209459 0.141621
v -1.204835 3.208166 0.142323
v -1.210214 3.208566 0.072699
v -1.212394 3.208165 0.022342
v -1.212139 3.208598 -0.026826
v -1.205486 3.210248 -0.094127
v -1.209303 3.208167 -0.095556
v -1.202611 3.208454 -0.157989
v -1.195595 3.208166 -0.206913
v -1.185802 3.208165 -0.256356
v -1.174370 3.208167 -0.303258
v -1.150123 3.210248 -0.370693
v -1.153418 3.208165 -0.373217
v -1.133134 3.208454 -0.429411
v -1.115859 3.210327 -0.461668
v -1.115147 3.208168 -0.473291
v -1.080832 3.210248 -0.535895
v -1.083710 3.208166 -0.538867
v -0.711102 3.208314 -0.973935
v -0.689384 3.210458 0.066618
v -1.196720 3.211215 0.066475
v -1.203881 3.210461 0.106534
v -1.172516 3.211755 0.098773
v -1.170488 3.211214 0.264282
v -1.180986 3.210461 0.266765
v -0.679319 3.210458 0.142994
v -0.689775 3.210245 -0.007236
v -1.207656 3.210461 -0.017644
v -0.980698 3.208168 -1.495614
v 1.002507 3.209459 -1.490679
v 1.181858 2.982579 -1.492710
v -1.071316 3.211214 0.560713
v -1.086926 3.211753 0.466407
v -1.020293 3.210461 0.671672
v -0.593268 3.210458 0.368827
v -0.621407 3.209450 0.310655
v -0.636213 3.210459 0.286368
v -1.129708 3.211214 0.417609
v -0.665021 3.209450 0.194425
v -0.664515 3.210459 0.206561
v -0.683497 3.209448 -0.065471
v -0.686133 3.210458 -0.067069
v -1.183850 3.211214 -0.197324
v -1.121785 3.211214 -0.418154
v -0.635428 3.210459 -0.256122
v -0.614430 3.209449 -0.293329
v -0.593402 3.209450 -0.332597
v -0.601957 3.210459 -0.323354
v -1.040075 3.211754 -0.541300
v -1.051355 3.211214 -0.567090
v -0.567492 3.210458 -0.377475
v -0.512677 3.210459 0.476496
v -0.982475 3.211215 0.709676
v -0.964192 3.211753 0.690750
v -0.965937 3.210462 0.746632
v 0.685202 3.191652 0.024443
v 0.686374 3.203315 0.024577
v 0.683927 3.191642 0.062128
v 0.685092 3.203312 0.062279
v 0.688013 3.208159 0.025262
v 0.685415 3.203321 -0.023281
v 0.687263 3.208452 -0.022645
v 0.684422 3.208162 -0.056980
v 0.678497 3.191635 0.111171
v 0.679646 3.203310 0.111408
v 0.690162 3.209457 0.047060
v 0.686664 3.208156 0.063205
v 0.669659 3.191640 0.161983
v 0.671965 3.203309 0.156358
v 0.681334 3.208451 0.112475
v 0.661628 3.203294 0.197980
v 0.673405 3.208156 0.157477
v 0.658462 3.191617 0.204404
v 0.663676 3.208158 0.196677
v 0.641159 3.191641 0.258960
v 0.642242 3.203312 0.259415
v 0.646523 3.209457 0.258905
v 0.644409 3.208163 0.258312
v 0.629573 3.203313 0.291488
v 0.617316 3.201763 0.316466
v 0.628694 3.208156 0.297652
v 0.600206 3.191643 0.347003
v 0.601156 3.203310 0.347703
v 0.609844 3.209450 0.340024
v 0.607806 3.208157 0.339196
v 0.576285 3.191641 0.385836
v 0.577196 3.203310 0.386583
v 0.586295 3.209450 0.379621
v 0.584317 3.208157 0.378659
v 0.549983 3.191640 0.422873
v 0.550862 3.203311 0.423652
v 0.560412 3.209451 0.417268
v 0.558499 3.208157 0.416180
v 0.521288 3.191638 0.458230
v 0.522134 3.203311 0.459043
v 0.530251 3.208157 0.452052
v 0.494345 3.191643 0.487599
v 0.495094 3.203310 0.488510
v 0.465172 3.191638 0.516197
v 0.465897 3.203310 0.517121
v 0.468043 3.209450 0.520341
v 0.466380 3.208156 0.518903
v 0.440659 3.201762 0.538539
v 0.411266 3.191642 0.560795
v 0.411877 3.203311 0.561800
v 0.426374 3.208157 0.552918
v 0.370879 3.191641 0.588698
v 0.371443 3.203311 0.589728
v 0.382199 3.208158 0.584643
v 0.327982 3.191642 0.614419
v 0.328521 3.203310 0.615461
v 0.340878 3.209451 0.612856
v 0.339514 3.208157 0.611123
v 0.282746 3.191638 0.637546
v 0.283251 3.203310 0.638605
v 0.295990 3.209450 0.636746
v 0.294723 3.208156 0.634935
v 0.235216 3.191633 0.657732
v 0.235620 3.203309 0.658834
v 0.247559 3.208156 0.655911
v 0.198382 3.191636 0.670492
v 0.185904 3.203309 0.675684
v 0.199091 3.209449 0.675640
v 0.198161 3.208155 0.673645
v 0.147837 3.203309 0.685544
v 0.153704 3.208450 0.686099
v 0.109827 3.191632 0.691917
v 0.109883 3.203309 0.693096
v 0.109213 3.208155 0.694862
v 0.058111 3.191634 0.698205
v 0.058026 3.203310 0.699389
v 0.057693 3.209450 0.703250
v 0.057198 3.208156 0.701099
v 0.004765 3.191632 0.700595
v 0.004555 3.203308 0.701768
v 0.003613 3.208155 0.703411
v -0.033948 3.191641 0.699502
v -0.034267 3.203310 0.700659
v -0.072818 3.191633 0.696204
v -0.073281 3.203308 0.697331
v -0.074457 3.208155 0.698838
v -0.035145 3.208451 0.702431
v -0.124314 3.191642 0.687767
v -0.124863 3.203310 0.688846
v -0.125961 3.210232 0.694260
v -0.126188 3.208156 0.690243
v -0.174784 3.191638 0.675439
v -0.175396 3.203310 0.676480
v -0.177159 3.209450 0.679949
v -0.176829 3.208156 0.677772
v -0.223697 3.191641 0.659591
v -0.224347 3.203310 0.660600
v -0.225886 3.208156 0.661781
v -0.259008 3.191639 0.645498
v -0.259684 3.203311 0.646484
v -0.283249 3.209449 0.640389
v -0.260967 3.208157 0.647715
v -0.292460 3.191644 0.630234
v -0.293153 3.203311 0.631198
v -0.294732 3.208157 0.632247
v -0.340153 3.191639 0.605009
v -0.340864 3.203309 0.605949
v -0.342492 3.208156 0.606901
v 0.617240 3.191638 -0.282713
v 0.618327 3.203311 -0.283158
v 0.625994 3.208452 -0.270752
v 0.604319 3.208155 -0.314955
v 0.638499 3.191635 -0.234014
v 0.639629 3.203309 -0.234345
v 0.644685 3.208156 -0.225812
v 0.650402 3.191624 -0.200104
v 0.651539 3.203306 -0.200396
v 0.665473 3.203300 -0.152548
v 0.671623 3.191631 -0.120961
v 0.672788 3.203308 -0.121110
v 0.663696 3.208150 -0.165684
v 0.679529 3.191625 -0.071324
v 0.682721 3.203336 -0.057371
v 0.674524 3.208156 -0.120747
v 0.676619 3.209450 -0.121429
v -0.622867 3.191644 -0.264175
v -0.623938 3.203311 -0.264645
v -0.635491 3.203305 -0.237805
v -0.619392 3.208159 -0.278135
v -0.636815 3.208156 -0.239182
v -0.600062 3.191626 -0.310527
v -0.601089 3.203307 -0.311098
v -0.597839 3.208156 -0.320474
v -0.583953 3.203317 -0.340341
v -0.556011 3.203314 -0.381923
v -0.575992 3.208158 -0.355675
v -0.558789 3.209452 -0.384613
v -0.551541 3.208156 -0.390672
v -0.526596 3.191638 -0.417852
v -0.527461 3.203311 -0.418643
v -0.528195 3.208156 -0.420314
v -0.496978 3.191641 -0.450688
v -0.497770 3.203311 -0.451553
v -0.498393 3.208157 -0.453266
v -0.464718 3.191637 -0.482256
v -0.465429 3.203310 -0.483195
v -0.465966 3.208158 -0.484931
v -0.427649 3.191636 -0.514901
v -0.428293 3.203309 -0.515885
v -0.428724 3.208158 -0.517648
v -0.398669 3.203318 -0.538251
v -0.360418 3.191637 -0.562199
v -0.360964 3.203311 -0.563241
v -0.399066 3.208453 -0.540193
v -0.317097 3.191634 -0.587465
v -0.317511 3.203309 -0.588573
v -0.361138 3.208453 -0.565278
v -0.273733 3.191642 -0.608496
v -0.274057 3.203310 -0.609635
v -0.274978 3.209449 -0.613399
v -0.317465 3.208156 -0.590455
v -0.318743 3.209449 -0.592245
v -0.222912 3.191638 -0.628278
v -0.223149 3.203310 -0.629436
v -0.223784 3.209450 -0.633264
v -0.273834 3.208155 -0.611515
v -0.172251 3.191633 -0.644316
v -0.172433 3.203310 -0.645479
v -0.172789 3.209449 -0.649344
v -0.222785 3.208156 -0.631300
v -0.123686 3.191636 -0.655747
v -0.123746 3.203310 -0.656928
v -0.124842 3.210233 -0.662346
v -0.171939 3.208155 -0.647314
v -0.380591 3.191640 0.579599
v -0.381378 3.203311 0.580480
v -0.384077 3.209450 0.583262
v -0.383085 3.208156 0.581295
v -0.420601 3.191645 0.550155
v -0.421391 3.203310 0.551026
v -0.423191 3.208452 0.551924
v -0.459381 3.191632 0.517806
v -0.460181 3.203308 0.518667
v -0.461875 3.208156 0.519354
v -0.463127 3.209450 0.521163
v -0.492343 3.191640 0.486256
v -0.493122 3.203311 0.487135
v -0.494856 3.208156 0.487697
v -0.522167 3.191645 0.453246
v -0.523020 3.203312 0.454048
v -0.524902 3.208451 0.454638
v -0.553817 3.191621 0.413830
v -0.554751 3.203306 0.414545
v -0.556491 3.208156 0.414956
v -0.575195 3.203316 0.384895
v -0.595755 3.191638 0.348527
v -0.596809 3.203309 0.349042
v -0.576942 3.208158 0.385205
v -0.616679 3.191635 0.308957
v -0.617738 3.203309 0.309458
v -0.590259 3.209447 0.368367
v -0.598616 3.208157 0.349177
v -0.634559 3.191613 0.268431
v -0.632542 3.203316 0.276335
v -0.619546 3.208156 0.309487
v -0.634315 3.208158 0.276323
v -0.647932 3.203300 0.235686
v -0.643975 3.209452 0.258364
v -0.649781 3.208155 0.235373
v -0.651938 3.191605 0.220333
v -0.661230 3.203309 0.193820
v -0.662978 3.208156 0.193606
v -0.666324 3.191684 0.166527
v -0.674475 3.203315 0.131809
v -0.674633 3.191610 0.123377
v -0.678328 3.209452 0.132010
v -0.676216 3.208158 0.131395
v -0.679522 3.191644 0.086842
v -0.680679 3.203311 0.087041
v -0.682381 3.208157 0.086472
v -0.686505 3.209445 0.067353
v -0.682482 3.191642 0.042596
v -0.683650 3.203311 0.042679
v -0.685316 3.208158 0.041988
v -0.683037 3.191625 -0.007411
v -0.684210 3.203307 -0.007395
v -0.685831 3.208156 -0.008150
v -0.681916 3.203318 -0.043117
v -0.675331 3.191632 -0.086276
v -0.676484 3.203309 -0.086486
v -0.683477 3.208158 -0.043948
v -0.667440 3.191634 -0.130461
v -0.668586 3.203309 -0.130706
v -0.677994 3.208157 -0.087469
v -0.659517 3.203315 -0.167192
v -0.670028 3.208156 -0.131796
v -0.645924 3.191620 -0.206462
v -0.647033 3.203305 -0.206840
v -0.656855 3.208157 -0.182601
v -0.659041 3.209450 -0.182926
v -0.637308 3.209450 -0.243938
v 1.186835 2.982577 -0.996269
v 0.571491 3.210460 -0.377082
v 0.952549 3.211213 -0.707627
v 1.056913 3.211215 -0.542529
v 0.985415 3.209457 -0.683018
v 0.970412 3.210460 -0.700511
v 0.608997 3.210459 -0.316819
v 0.986967 3.211754 -0.613865
v 1.049608 3.209471 -0.581046
v 1.046621 3.210462 -0.580603
v 0.968732 3.209460 1.516485
v 0.970570 3.208165 1.518663
v -0.988075 3.209460 1.516479
v -0.984211 3.208174 1.518680
v 1.079752 3.208457 -0.529685
v 1.119212 3.209461 -0.440999
v 1.121042 3.208168 -0.442295
v 1.051359 3.208175 -0.582431
v 1.216664 3.208453 0.107677
v 1.214975 3.210248 -0.039500
v 1.218676 3.209463 0.030781
v 1.220884 3.208170 0.030324
v 1.208262 3.208454 0.196597
v 1.196853 3.209459 0.251364
v 1.201530 3.208177 0.239106
v 1.192432 3.208170 0.276674
v 1.164600 3.209459 0.366535
v 1.166799 3.208165 0.366839
v 1.140427 3.209460 0.444061
v 1.142644 3.208167 0.444373
v 1.084429 3.210248 0.569667
v 1.087349 3.208166 0.572587
v 1.044749 3.210249 0.643339
v 1.047540 3.208167 0.646338
v 0.953165 3.208453 -0.730564
v 0.987035 3.208164 -0.684542
v 1.116320 3.210249 0.501258
v 1.119335 3.208169 0.504163
v 1.000289 3.210249 0.714393
v 1.002979 3.208168 0.717409
v 0.950930 3.209463 0.784189
v 0.952939 3.208170 0.785203
v 0.897826 3.209464 0.843919
v 0.899731 3.208170 0.845121
v 0.840729 3.209433 0.897693
v 0.843082 3.208151 0.898474
v 0.665669 3.209443 -0.166694
v 0.675593 3.210457 -0.142186
v 1.171517 3.209456 -0.295176
v 1.162075 3.210460 -0.318083
v 0.689441 3.210459 -0.057144
v 1.188557 3.211213 -0.174677
v 1.191537 3.210247 -0.213764
v 0.686581 3.209457 -0.057396
v 1.204849 3.209440 -0.155266
v 1.201943 3.210459 -0.155600
v 0.693063 3.210458 0.002859
v 1.205612 3.211214 -0.004272
v 1.181582 3.211755 0.124292
v 1.215897 3.210461 0.029312
v 0.690036 3.210459 0.084864
v 1.207193 3.210460 0.165586
v 1.191337 3.211212 0.216963
v 0.671750 3.209441 0.176260
v 0.674329 3.210458 0.177620
v 1.194335 3.210461 0.249791
v 0.647138 3.210460 0.265924
v 1.125813 3.211214 0.447757
v 1.090888 3.211753 0.468320
v 1.146078 3.210463 0.419484
v 0.630785 3.209449 0.298326
v 0.623233 3.210458 0.321039
v 1.054420 3.211214 0.602784
v 0.582228 3.210458 0.391676
v 0.965485 3.211214 0.744229
v 0.532102 3.209451 0.453244
v 0.530074 3.210458 0.460373
v 0.931670 3.211753 0.751836
v 0.949746 3.210461 0.781191
v 0.499815 3.208451 0.486298
v 0.477418 3.210459 0.515660
v 0.868531 3.211211 0.854561
v 0.896866 3.210461 0.840894
v 0.840475 3.210456 0.894112
v 0.427972 3.209451 0.554441
v 0.428939 3.210460 0.557259
v 0.716591 3.211486 0.980176
v 0.417073 3.210247 -0.536308
v 0.680316 3.211600 -0.964388
v 0.692770 3.211003 -0.976230
v 0.757014 3.209519 -0.939464
v 0.755249 3.210512 -0.937191
v 0.712377 3.210221 -0.968961
v 0.688792 3.211353 -0.991323
v 0.697859 3.209854 -0.984504
v 0.694479 3.210465 -0.986035
v -1.214544 2.982597 1.022343
v 0.272283 3.210459 0.651407
v 0.383653 3.209453 0.586299
v 0.362704 3.210459 0.603570
v 0.248657 3.209450 0.657824
v 0.172374 3.210459 0.686976
v 0.109844 3.209449 0.696971
v 0.070713 3.210458 0.705411
v -0.074465 3.209449 0.701035
v -0.069344 3.210458 0.704584
v -0.001853 3.210224 0.707313
v -0.203786 3.210458 0.675227
v -0.723617 2.982555 1.009495
v -0.731644 3.210717 1.021183
v -0.070985 3.191636 -0.663624
v -0.070943 3.203308 -0.664810
v -0.070700 3.209449 -0.668681
v -0.123065 3.208155 -0.658723
v -0.026843 3.203312 -0.668071
v -0.026034 3.208451 -0.669922
v -0.070174 3.208155 -0.666542
v 0.019226 3.191631 -0.667299
v 0.019358 3.203308 -0.668467
v 0.020146 3.209449 -0.672269
v 0.020369 3.208155 -0.670080
v 0.057563 3.191629 -0.665183
v 0.057713 3.203308 -0.666347
v 0.095635 3.191642 -0.660956
v 0.095887 3.203310 -0.662103
v 0.097070 3.209449 -0.665789
v 0.097065 3.208155 -0.663584
v 0.144549 3.191644 -0.651908
v 0.144857 3.203311 -0.653040
v 0.146119 3.208451 -0.654624
v 0.200377 3.191629 -0.638019
v 0.200739 3.203306 -0.639133
v 0.207631 3.208155 -0.638904
v 0.238835 3.191622 -0.624994
v 0.239256 3.203306 -0.626086
v 0.254848 3.208453 -0.621936
v 0.296413 3.203310 -0.602671
v 0.303693 3.191575 -0.597854
v 0.306203 3.208155 -0.599933
v 0.333467 3.203330 -0.583586
v 0.343067 3.208453 -0.580045
v -1.211405 2.982526 -1.491131
v -1.209612 2.982557 -0.991183
v 0.687966 3.211859 1.015593
v 0.700087 3.211083 1.012661
v 0.725751 3.210561 0.991239
v -0.785193 3.210309 0.944630
v -0.789265 3.208210 0.946295
v -0.811917 3.210322 0.920083
v -0.818461 3.208187 0.919295
v -0.854013 3.210247 0.876525
v -0.857842 3.208158 0.878131
v -0.715260 3.209448 0.999497
v -0.761205 3.208495 0.968240
v -0.717203 3.208311 0.999865
v -0.226373 3.209450 0.663927
v -0.285297 3.210459 0.642540
v -0.343518 3.210245 0.610832
v -0.391405 3.210458 0.581710
v -0.691432 3.211634 1.018391
v -0.684695 3.211819 0.984834
v -0.697596 3.211234 0.999681
v -0.697964 3.211091 1.014880
v -0.712917 3.210531 0.998123
v -0.703213 3.210449 1.010811
v -0.453406 3.210458 0.533718
v -0.801944 3.211223 0.915434
v 0.878249 3.209450 -0.819423
v 0.896542 3.208162 -0.800744
v 1.149433 3.209461 -0.364956
v 1.151342 3.208168 -0.366145
v 1.173505 3.208163 -0.296190
v 1.195717 3.208163 -0.213157
v 1.204309 3.208174 -0.171149
v 1.209761 3.208160 -0.131232
v 1.218961 3.208168 -0.038750
v 0.803419 3.208523 -0.902305
v 0.753372 3.208211 -0.944845
v 0.780175 3.208201 -0.923401
v 0.815717 3.210336 -0.885230
v 0.845089 3.208167 -0.860353
v 0.477876 3.210458 -0.486434
v 0.811725 3.211749 -0.836547
v 0.803394 3.211219 -0.882167
v 0.513800 3.210458 -0.449644
v 0.875284 3.210458 -0.818562
v 0.511296 3.209441 -0.448218
v 0.568821 3.209460 -0.375990
v 0.606120 3.209448 -0.316208
v 0.644376 3.210458 -0.241252
v 1.139756 3.211755 -0.283559
v 1.085206 3.210462 -0.508217
v 0.646658 3.209449 -0.226772
v 1.140384 3.211213 -0.352910
v 1.132338 3.210461 -0.402431
v -0.558982 3.210246 0.418176
v 0.384179 3.203299 -0.552792
v 0.385712 3.208450 -0.553965
v 0.413323 3.191642 -0.530702
v 0.414002 3.203311 -0.531656
v 0.415614 3.208156 -0.532480
v 0.449669 3.191647 -0.500723
v 0.450350 3.203311 -0.501682
v 0.451967 3.208158 -0.502447
v 0.475081 3.209445 -0.485161
v 0.484711 3.203297 -0.470562
v 0.506251 3.191617 -0.446384
v 0.507129 3.203303 -0.447164
v 0.486301 3.208154 -0.471309
v 0.549413 3.191734 -0.393016
v 0.550388 3.203335 -0.393668
v 0.509820 3.208149 -0.446600
v 0.553063 3.208159 -0.392850
v 0.574192 3.191637 -0.358856
v 0.575219 3.203310 -0.359427
v 0.577053 3.208156 -0.359632
v 0.598730 3.191631 -0.319071
v 0.599824 3.203309 -0.319517
v -0.496224 3.209450 0.489425
v -0.697368 3.210530 -0.991432
v 0.709063 3.210538 1.017311
v 0.711768 3.210043 -0.991038
v -0.710011 3.210489 1.017154
v -0.707070 3.209949 1.014148
v 2.076427 3.251219 -0.743245
v 2.134227 3.251219 -0.559658
v 2.136431 2.714739 -0.560248
v 2.078571 2.714738 -0.744025
v 2.175842 3.251219 -0.371722
v 2.178088 2.714739 -0.372118
v 2.209356 3.251624 0.011849
v 2.211772 2.714738 0.011398
v 2.203288 2.714739 -0.181086
v 2.201015 3.251219 -0.180887
v 1.693285 3.251219 -1.406867
v 1.810390 3.251219 -1.254120
v 1.812259 2.714738 -1.255429
v 1.695033 2.714738 -1.408333
v 1.913772 3.251219 -1.091751
v 1.915748 2.714738 -1.092892
v 2.002697 3.251219 -0.921034
v 2.004765 2.714738 -0.921999
v 1.106277 3.251219 -1.899425
v 1.107418 2.714738 -1.901401
v 1.268562 3.251219 -1.795942
v 1.421243 3.251219 -1.678724
v 1.422710 2.714738 -1.680472
v 1.269871 2.714738 -1.797811
v 1.563194 3.251219 -1.548717
v 1.564807 2.714738 -1.550330
v 0.386205 3.251219 -2.161509
v 0.574097 3.251219 -2.119772
v 0.574687 2.714738 -2.121976
v 0.386601 2.714738 -2.163757
v 0.757661 3.251219 -2.061843
v 0.758441 2.714738 -2.063987
v 0.935516 3.251219 -1.988226
v 0.936480 2.714738 -1.990295
v -0.380079 3.251219 -2.161509
v -0.189244 3.251219 -2.186552
v -0.189443 2.714738 -2.188825
v -0.380475 2.714738 -2.163757
v 0.003063 3.251219 -2.194899
v 0.003063 2.714738 -2.197181
v 0.195370 3.251219 -2.186552
v 0.195569 2.714738 -2.188825
v -1.100151 3.251219 -1.899425
v -0.929389 3.251219 -1.988226
v -0.930354 2.714738 -1.990294
v -1.101292 2.714738 -1.901401
v -0.751535 3.251219 -2.061843
v -0.752315 2.714738 -2.063987
v -0.567971 3.251219 -2.119772
v -0.568561 2.714738 -2.121976
v -1.687158 3.251219 -1.406867
v -1.557067 3.251219 -1.548717
v -1.558681 2.714738 -1.550330
v -1.688906 2.714738 -1.408333
v -1.415117 3.251219 -1.678724
v -1.416584 2.714738 -1.680472
v -1.262436 3.251219 -1.795942
v -1.263744 2.714738 -1.797811
v -2.070301 3.251219 -0.743245
v -1.996570 3.251219 -0.921035
v -1.998638 2.714738 -0.921999
v -2.072445 2.714738 -0.744026
v -1.907646 3.251219 -1.091751
v -1.909622 2.714738 -1.092892
v -1.804263 3.251219 -1.254120
v -1.806132 2.714738 -1.255429
v -2.203364 3.251219 0.011397
v -2.194888 3.251219 -0.180887
v -2.197161 2.714739 -0.181086
v -2.205646 2.714738 0.011397
v -2.169715 3.251219 -0.371722
v -2.171962 2.714739 -0.372118
v -2.128101 3.251219 -0.559658
v -2.130305 2.714739 -0.560248
v -2.070301 3.251220 0.766040
v -2.128101 3.251219 0.582453
v -2.130305 2.714738 0.583043
v -2.072445 2.714739 0.766820
v -2.169715 3.251219 0.394517
v -2.171962 2.714738 0.394913
v -2.194888 3.251219 0.203682
v -2.197161 2.714738 0.203881
v -1.687159 3.251220 1.429661
v -1.804264 3.251220 1.276915
v -1.806133 2.714739 1.278224
v -1.688907 2.714739 1.431128
v -1.907646 3.251220 1.114545
v -1.909622 2.714739 1.115686
v -1.996570 3.251220 0.943829
v -1.998638 2.714739 0.944794
v -1.100151 3.251220 1.922220
v -1.262436 3.251220 1.818736
v -1.263745 2.714739 1.820606
v -1.101292 2.714739 1.924196
v -1.415118 3.251220 1.701519
v -1.416584 2.714739 1.703267
v -1.557068 3.251220 1.571511
v -1.558681 2.714739 1.573125
v -0.380080 3.251220 2.184304
v -0.567971 3.251220 2.142566
v -0.568562 2.714739 2.144771
v -0.380476 2.714739 2.186551
v -0.751536 3.251220 2.084637
v -0.752316 2.714739 2.086782
v -0.929390 3.251220 2.011020
v -0.930354 2.714739 2.013089
v 0.386204 3.251220 2.184304
v 0.195369 3.251220 2.209347
v 0.195568 2.714739 2.211620
v 0.386600 2.714739 2.186551
v 0.003062 3.251220 2.217695
v 0.003062 2.714739 2.219977
v -0.189245 3.251220 2.209347
v -0.189444 2.714739 2.211620
v 1.106276 3.251220 1.922220
v 0.935514 3.251220 2.011021
v 0.936479 2.714739 2.013089
v 1.107417 2.714739 1.924197
v 0.757660 3.251220 2.084638
v 0.758440 2.714739 2.086783
v 0.574096 3.251220 2.142567
v 0.574686 2.714739 2.144771
v 1.693284 3.251220 1.429663
v 1.563192 3.251220 1.571513
v 1.564806 2.714739 1.573126
v 1.695032 2.714739 1.431130
v 1.421242 3.251220 1.701520
v 1.422709 2.714739 1.703268
v 1.268561 3.251220 1.818737
v 1.269870 2.714739 1.820607
v 2.076427 3.251220 0.766041
v 2.002696 3.251220 0.943831
v 2.004764 2.714739 0.944795
v 2.078571 2.714739 0.766822
v 1.913772 3.251220 1.114547
v 1.915748 2.714739 1.115688
v 1.810389 3.251220 1.276916
v 1.812258 2.714739 1.278225
v 2.201014 3.251219 0.203682
v 2.203288 2.714738 0.203882
v 2.175841 3.251219 0.394518
v 2.178088 2.714738 0.394914
v 2.134227 3.251219 0.582454
v 2.136431 2.714738 0.583045
v 1.851284 3.253837 -0.661300
v 2.131779 3.253747 -0.560075
v 2.073956 3.253747 -0.743435
v 2.173437 3.253747 -0.372357
v 2.206883 3.253837 0.011398
v 2.198720 3.253708 -0.181686
v 1.962343 3.253837 -0.160007
v 1.508815 3.253747 -1.253426
v 1.613255 3.253747 -1.117346
v 1.807947 3.253747 -1.253672
v 1.705468 3.253747 -0.972688
v 1.911297 3.253747 -1.091522
v 1.784804 3.253747 -0.820574
v 2.000214 3.253747 -0.921018
v 0.985416 3.253747 -1.692141
v 1.266222 3.253746 -1.495598
v 1.418996 3.253747 -1.677663
v 1.266418 3.253747 -1.794688
v 1.392802 3.253746 -1.379789
v 1.560861 3.253747 -1.547856
v 0.343532 3.253747 -1.925389
v 0.510996 3.253747 -1.888282
v 0.572510 3.253747 -2.117861
v 0.384807 3.253747 -2.159464
v 0.674623 3.253747 -1.836740
v 0.833173 3.253747 -1.771212
v -0.190083 3.253747 -2.184213
v -0.380694 3.253747 -2.159109
v 0.002024 3.253747 -1.954972
v 0.002025 3.253747 -2.192642
v 0.173424 3.253747 -1.947622
v 0.194140 3.253747 -2.184393
v -0.929374 3.253747 -1.985743
v -1.099906 3.253747 -1.896960
v -0.751740 3.253747 -2.059367
v -0.568388 3.253747 -2.117323
v -1.556203 3.253747 -1.546388
v -1.686086 3.253746 -1.404633
v -1.414461 3.253747 -1.676328
v -1.261991 3.253747 -1.793497
v -1.994962 3.253747 -0.919142
v -2.068529 3.253747 -0.741510
v -1.906211 3.253747 -1.089723
v -1.803010 3.253747 -1.251974
v -2.192731 3.253747 -0.179659
v -2.201108 3.253747 0.012423
v -2.167673 3.253747 -0.370301
v -2.126188 3.253747 -0.558075
v -2.125653 3.253747 0.582865
v -2.067827 3.253748 0.766232
v -2.167311 3.253747 0.395149
v -2.192549 3.253747 0.204515
v -1.801820 3.253748 1.276468
v -1.684771 3.253747 1.428995
v -1.905172 3.253747 1.114315
v -1.994088 3.253747 0.943811
v -1.260290 3.253748 1.817483
v -1.098139 3.253747 1.920774
v -1.412871 3.253747 1.700456
v -1.554741 3.253747 1.570645
v -0.566390 3.253747 2.140653
v -0.378682 3.253747 2.182257
v -0.749785 3.253748 2.082872
v -0.927497 3.253747 2.009412
v 0.175487 3.253748 1.970238
v 0.196204 3.253748 2.207007
v 0.386818 3.253747 2.181903
v 0.004101 3.253748 1.977767
v 0.004102 3.253748 2.215435
v -0.188019 3.253748 2.207186
v 0.935501 3.253747 2.008537
v 1.106032 3.253747 1.919754
v 0.757861 3.253747 2.082163
v 0.574516 3.253748 2.140115
v 1.562328 3.253748 1.569185
v 1.692212 3.253748 1.427427
v 1.420587 3.253747 1.699122
v 1.268114 3.253747 1.816294
v 2.001087 3.253748 0.941939
v 2.074656 3.253748 0.764304
v 1.912336 3.253747 1.112520
v 1.809133 3.253748 1.274772
v 2.198857 3.253747 0.202454
v 2.173800 3.253747 0.393101
v 2.132315 3.253747 0.580869
v 1.967291 3.251219 0.011398
v 1.955199 2.987409 -0.159382
v 1.962727 2.987408 0.011398
v 1.937335 3.251219 -0.329667
v 1.932841 2.987409 -0.328874
v 1.844545 2.987409 -0.658847
v 1.895861 2.986998 -0.495318
v 1.900289 3.251219 -0.496973
v 1.848833 3.251219 0.683204
v 1.895880 2.987408 0.518588
v 1.844545 2.987409 0.681643
v 1.932841 2.987408 0.351670
v 1.955199 2.987408 0.182178
v 1.507748 3.251220 1.273980
v 1.611998 3.251220 1.138000
v 1.608260 2.987409 1.135382
v 1.504252 2.987409 1.271046
v 1.700081 2.987409 0.991173
v 1.779060 2.987409 0.839549
v 0.985176 3.251220 1.712469
v 1.127029 2.987409 1.616608
v 0.982894 2.987409 1.708517
v 1.265568 3.251220 1.515995
v 1.262635 2.987409 1.512499
v 1.391937 3.251220 1.400259
v 1.388710 2.987409 1.397032
v 0.511413 3.251220 1.908628
v 0.510232 2.987409 1.904220
v 0.343354 2.987409 1.941291
v 0.673267 2.987409 1.852770
v 0.833159 3.251220 1.791521
v 0.831230 2.987409 1.787387
v -0.338022 3.251220 1.945783
v -0.168135 3.251220 1.968076
v -0.167737 2.987409 1.963531
v -0.337230 2.987409 1.941290
v 0.003062 2.987409 1.970946
v 0.174260 3.251220 1.968077
v 0.173862 2.987409 1.963531
v -0.827035 3.251220 1.791521
v -0.825106 2.987409 1.787385
v -0.976769 2.987409 1.708516
v -0.667142 2.987409 1.852770
v -0.505289 3.251220 1.908627
v -0.504108 2.987409 1.904219
v -1.501623 3.251220 1.273978
v -1.382585 2.987409 1.397031
v -1.498127 2.987409 1.271045
v -1.259444 3.251220 1.515994
v -1.256510 2.987409 1.512498
v -1.123522 3.251220 1.620345
v -1.120905 2.987409 1.616607
v -1.842707 3.251219 0.683203
v -1.777070 3.251220 0.841476
v -1.772935 2.987409 0.839547
v -1.838419 2.987409 0.681642
v -1.697907 3.251220 0.993453
v -1.693955 2.987409 0.991171
v -1.602135 2.987409 1.135381
v -1.949073 2.987408 0.182177
v -1.956601 2.987408 0.011397
v -1.931209 3.251219 0.352462
v -1.926715 2.987408 0.351669
v -1.894163 3.251219 0.519768
v -1.889755 2.987408 0.518587
v -1.894163 3.251219 -0.496973
v -1.889755 2.987409 -0.495792
v -1.838419 2.987409 -0.658847
v -1.926715 2.987409 -0.328875
v -1.949073 2.987409 -0.159382
v -1.602134 2.987408 -1.112586
v -1.498127 2.987408 -1.248250
v -1.693955 2.987408 -0.968376
v -1.772935 2.987408 -0.816753
v -1.120904 2.987408 -1.593811
v -0.976769 2.987408 -1.685721
v -1.259443 3.251219 -1.493199
v -1.256510 2.987408 -1.489703
v -1.385811 3.251219 -1.377463
v -1.382585 2.987408 -1.374236
v -0.504107 2.987408 -1.881425
v -0.337229 2.987408 -1.918494
v -0.667142 2.987408 -1.829975
v -0.825105 2.987408 -1.764591
v 0.344148 3.251219 -1.922989
v 0.173863 2.987408 -1.940736
v 0.343355 2.987408 -1.918495
v 0.003063 3.251219 -1.952714
v 0.003063 2.987408 -1.948150
v -0.168134 3.251219 -1.945282
v -0.167737 2.987408 -1.940736
v 0.985177 3.251219 -1.689673
v 0.833160 3.251219 -1.768727
v 0.831231 2.987408 -1.764591
v 0.982895 2.987408 -1.685721
v 0.674829 3.251219 -1.834263
v 0.673268 2.987408 -1.829975
v 0.511414 3.251219 -1.885833
v 0.510233 2.987408 -1.881425
v 1.507749 3.251219 -1.251183
v 1.391938 3.251219 -1.377463
v 1.388711 2.987408 -1.374236
v 1.504253 2.987408 -1.248250
v 1.262636 2.987408 -1.489703
v 1.783196 3.251219 -0.818681
v 1.779060 2.987408 -0.816752
v 1.704033 3.251219 -0.970658
v 1.700081 2.987408 -0.968376
v 1.611999 3.251219 -1.115204
v 1.608261 2.987408 -1.112586
v 1.902202 3.253747 -0.498559
v 1.939379 3.253748 -0.331081
v 1.959855 3.251588 -0.159643
v 1.969506 3.253707 0.010414
v 1.690900 3.253747 -1.406197
v 1.104262 3.253747 -1.897982
v 0.933620 3.253747 -1.986619
v -0.339420 3.253747 -1.925034
v -0.169364 3.253747 -1.947442
v -0.981066 3.253747 -1.691116
v -0.828928 3.253747 -1.770335
v -0.670452 3.253747 -1.836029
v -0.506874 3.253747 -1.887745
v -1.504012 3.253747 -1.251849
v -1.388137 3.253746 -1.378329
v -1.261694 3.253746 -1.494257
v -1.125667 3.253747 -1.598803
v -1.845178 3.253747 -0.660219
v -1.779555 3.253747 -0.818696
v -1.700383 3.253747 -0.970884
v -1.608314 3.253747 -1.115652
v -1.963423 3.253748 0.012425
v -1.955958 3.253747 -0.158949
v -1.933614 3.253747 -0.329032
v -1.896611 3.253747 -0.496557
v -1.844477 3.253747 0.684940
v -1.896076 3.253747 0.521350
v -1.933251 3.253747 0.353881
v -1.955777 3.253747 0.183798
v -1.502693 3.253747 1.276216
v -1.607127 3.253747 1.140143
v -1.699343 3.253747 0.995480
v -1.778678 3.253747 0.843370
v -0.979294 3.253747 1.714935
v -1.123969 3.253747 1.622788
v -1.260097 3.253747 1.518393
v -1.386678 3.253747 1.402583
v -0.337408 3.253747 1.948184
v -0.504875 3.253747 1.911076
v -0.668498 3.253748 1.859536
v -0.827053 3.253747 1.794004
v 0.345547 3.253747 1.947830
v -0.167302 3.253747 1.970416
v 0.987188 3.253747 1.713914
v 0.835053 3.253748 1.793132
v 0.676581 3.253747 1.858823
v 0.512996 3.253747 1.910540
v 1.510137 3.253747 1.274645
v 1.394262 3.253747 1.401126
v 1.267819 3.253747 1.517054
v 1.131792 3.253747 1.621599
v 1.851304 3.253747 0.683014
v 1.785680 3.253748 0.841494
v 1.706506 3.253748 0.993686
v 1.614442 3.253748 1.138447
v 1.962085 3.253747 0.181741
v 1.939739 3.253747 0.351828
v 1.902735 3.253747 0.519354
v 0.755913 3.253747 -2.060078
v 1.849120 3.251633 -0.660035
v 1.900289 3.251219 0.519769
v 1.937335 3.251219 0.352463
v 1.959745 3.251219 0.182575
v 1.704033 3.251220 0.993455
v 1.783196 3.251220 0.841478
v 1.129647 3.251220 1.620346
v 0.344147 3.251220 1.945784
v 0.674828 3.251220 1.857058
v 0.003062 3.251220 1.975508
v -0.979051 3.251220 1.712468
v -0.668703 3.251220 1.857057
v -1.385812 3.251220 1.400258
v -1.605873 3.251220 1.137999
v -1.953619 3.251219 0.182575
v -1.961164 3.251219 0.011397
v -1.842707 3.251219 -0.660408
v -1.931209 3.251219 -0.329667
v -1.953619 3.251220 -0.159780
v -1.605873 3.251219 -1.115204
v -1.501623 3.251219 -1.251183
v -1.697907 3.251219 -0.970658
v -1.777070 3.251219 -0.818681
v -1.123522 3.251219 -1.597550
v -0.979051 3.251219 -1.689673
v -0.505288 3.251219 -1.885833
v -0.338022 3.251219 -1.922989
v -0.668703 3.251219 -1.834263
v -0.827034 3.251219 -1.768727
v 0.174260 3.251219 -1.945282
v 1.130094 3.253747 -1.599993
v 1.129648 3.251219 -1.597550
v 1.265569 3.251219 -1.493199
v 1.842769 2.984889 0.679946
v 1.893972 2.984889 0.517020
v 1.930803 2.984888 0.350270
v 1.953045 2.984888 0.180979
v 1.960479 2.984889 0.010410
v 1.952870 2.984889 -0.160205
v 1.930447 2.984888 -0.329496
v 1.842096 2.984890 -0.659006
v 1.893362 2.984791 -0.495117
v 1.776591 2.984889 -0.816728
v 1.697619 2.984888 -0.968141
v 1.605841 2.984888 -1.112121
v 1.501896 2.984889 -1.247563
v 1.386397 2.984889 -1.373370
v 1.260404 2.984888 -1.488639
v 1.124915 2.984888 -1.592547
v 0.980916 2.984889 -1.684269
v 0.829355 2.984889 -1.762985
v 0.671534 2.984888 -1.828212
v 0.508681 2.984888 -1.879513
v 0.341989 2.984889 -1.916453
v 0.172650 2.984889 -1.938586
v 0.002034 2.984887 -1.945900
v -0.168542 2.984888 -1.938409
v -0.337811 2.984889 -1.916110
v -0.504512 2.984889 -1.878989
v -0.667339 2.984888 -1.827510
v -0.825067 2.984888 -1.762128
v -0.976503 2.984889 -1.683280
v -1.120451 2.984889 -1.591385
v -1.255851 2.984888 -1.487320
v -1.381707 2.984888 -1.371932
v -1.497041 2.984889 -1.246048
v -1.600878 2.984889 -1.110461
v -1.692519 2.984888 -0.966363
v -1.771322 2.984888 -0.814888
v -1.836645 2.984890 -0.657150
v -1.887848 2.984890 -0.494223
v -1.924678 2.984888 -0.327473
v -1.946920 2.984888 -0.158184
v -1.954353 2.984889 0.012383
v -1.946743 2.984889 0.182997
v -1.924320 2.984888 0.352289
v -1.887322 2.984888 0.518977
v -1.835969 2.984890 0.681802
v -1.770465 2.984890 0.839524
v -1.691492 2.984888 0.990937
v -1.599717 2.984888 1.134913
v -1.495768 2.984889 1.270356
v -1.380271 2.984889 1.396163
v -1.254281 2.984888 1.511432
v -1.118789 2.984888 1.615342
v -0.974788 2.984890 1.707065
v -0.823227 2.984890 1.785782
v -0.665409 2.984888 1.851007
v -0.502553 2.984888 1.902307
v -0.335865 2.984889 1.939247
v -0.166523 2.984889 1.961381
v 0.004087 2.984888 1.968696
v 0.174668 2.984888 1.961203
v 0.343936 2.984889 1.938905
v 0.510638 2.984889 1.901783
v 0.673464 2.984888 1.850304
v 0.831192 2.984888 1.784923
v 0.982626 2.984890 1.706076
v 1.126577 2.984890 1.614179
v 1.261975 2.984888 1.510116
v 1.387830 2.984888 1.394729
v 1.503166 2.984889 1.268842
v 1.607003 2.984889 1.133257
v 1.698646 2.984888 0.989158
v 1.777447 2.984888 0.837687
v 1.127030 2.987408 -1.593812
vn -0.0127 0.9996 -0.0248
vn 0.1008 0.9914 -0.0833
vn 0.0042 0.9999 0.0149
vn 0.2168 0.9744 0.0599
vn -0.0204 0.9998 0.0086
vn -0.0040 1.0000 0.0056
vn 0.0539 0.9985 -0.0077
vn 0.0028 0.9999 -0.0150
vn -0.0113 0.9999 -0.0039
vn -0.0031 1.0000 -0.0006
vn 0.0072 0.9999 -0.0076
vn -0.0152 0.9998 -0.0097
vn -0.0303 0.9995 -0.0015
vn -0.0035 1.0000 -0.0012
vn 0.0184 0.9998 0.0010
vn 0.0164 0.9998 0.0146
vn -0.0003 1.0000 -0.0045
vn -0.8525 0.0128 0.5225
vn -0.8677 0.0748 0.4915
vn -0.8069 0.0858 0.5845
vn -0.6902 0.1835 0.6999
vn -0.8024 0.0115 0.5967
vn -0.7662 0.0115 0.6425
vn -0.7021 0.0763 0.7080
vn -0.8913 0.0121 0.4533
vn -0.9077 0.0735 0.4130
vn -0.8051 0.2006 0.5582
vn -0.9184 0.0116 0.3955
vn -0.8818 0.0801 0.4647
vn -0.9417 0.0194 0.3358
vn -0.9410 0.0119 0.3383
vn -0.9602 0.0201 0.2784
vn -0.9600 0.0113 0.2798
vn -0.8953 0.1456 -0.4210
vn -0.8217 0.0106 -0.5698
vn -0.8532 0.0110 -0.5215
vn -0.8004 0.0817 -0.5939
vn -0.8776 0.0110 -0.4792
vn -0.8667 0.1473 -0.4766
vn -0.7823 0.0103 -0.6229
vn -0.8092 0.0886 -0.5808
vn -0.7301 0.0105 -0.6832
vn -0.7300 0.3008 -0.6137
vn -0.6708 0.0114 -0.7416
vn -0.6543 0.0675 -0.7532
vn -0.9748 0.0106 0.2227
vn -0.9862 0.1048 0.1283
vn -0.9325 0.1562 0.3257
vn -0.9864 0.0117 0.1639
vn -0.9474 0.1626 0.2756
vn -0.9943 0.0105 0.1062
vn -0.9618 0.1660 0.2178
vn -0.9989 0.0118 0.0457
vn -0.9731 0.1589 0.1668
vn -0.9998 0.0111 -0.0160
vn -0.9951 0.0784 0.0605
vn -0.9964 0.0198 -0.0828
vn -0.9967 0.0114 -0.0810
vn -0.9890 0.0107 -0.1477
vn -0.9707 0.0693 -0.2300
vn -0.9952 0.0489 -0.0849
vn -0.9855 0.0803 -0.1496
vn -0.9664 0.0120 -0.2568
vn -0.9777 0.0116 -0.2096
vn -0.9756 0.0206 -0.2186
vn -0.9529 0.0112 -0.3032
vn -0.9693 0.1795 -0.1680
vn -0.9303 0.0105 -0.3666
vn -0.9584 0.0531 -0.2803
vn -0.9024 0.0104 -0.4308
vn -0.8776 0.0405 -0.4776
vn -0.9369 0.1184 -0.3289
vn -0.7304 0.0957 -0.6763
vn -0.7825 0.1217 -0.6107
vn -0.6437 0.0128 -0.7652
vn -0.6962 0.0149 -0.7177
vn 0.0258 0.9983 -0.0517
vn -0.0029 0.9997 0.0231
vn -0.0006 1.0000 0.0004
vn -0.0035 1.0000 0.0043
vn -0.0776 0.0456 -0.9959
vn 0.0498 0.0318 -0.9983
vn -0.0006 0.0115 -0.9999
vn -0.0780 0.0091 -0.9969
vn 0.0094 0.0119 -0.9999
vn -0.0000 0.0202 -0.9998
vn 0.0080 0.9984 -0.0553
vn 0.0080 0.9999 0.0110
vn 0.0010 1.0000 -0.0005
vn -0.0052 0.9999 0.0113
vn -0.0042 1.0000 0.0024
vn -0.0122 0.9999 -0.0059
vn -0.0083 0.9984 -0.0556
vn -0.0010 1.0000 -0.0063
vn -0.9985 0.0024 -0.0552
vn -0.9975 0.0011 -0.0705
vn -1.0000 0.0020 -0.0066
vn -0.9993 0.0026 0.0366
vn -0.9973 0.0190 -0.0710
vn -0.9998 0.0201 -0.0068
vn -0.9977 0.0403 0.0549
vn -0.9993 0.0099 0.0366
vn -0.9963 0.0061 0.0854
vn -0.9942 0.0433 0.0981
vn -0.9936 0.0030 0.1132
vn -0.9908 0.0015 -0.1353
vn -0.9903 0.0062 -0.1386
vn -0.9900 0.0249 -0.1388
vn -0.9794 0.0010 -0.2017
vn -0.9789 0.0021 -0.2044
vn -0.9789 0.0222 -0.2029
vn -0.9632 0.0009 -0.2687
vn -0.9630 0.0056 -0.2694
vn -0.9620 0.0217 -0.2722
vn -0.9425 0.0024 -0.3342
vn -0.9499 0.0049 -0.3125
vn -0.9336 0.0059 -0.3582
vn -0.9434 0.0186 -0.3311
vn -0.9099 0.0035 -0.4149
vn -0.9124 0.0059 -0.4092
vn -0.8920 0.0175 -0.4517
vn -0.9200 0.0421 -0.3897
vn -0.8711 0.0023 -0.4911
vn -0.8664 0.0023 -0.4994
vn -0.8668 0.0231 -0.4981
vn -0.8357 0.0009 -0.5492
vn -0.8342 0.0034 -0.5515
vn -0.8339 0.0205 -0.5515
vn -0.7990 0.0008 -0.6013
vn -0.7975 0.0028 -0.6033
vn -0.7971 0.0205 -0.6036
vn -0.7631 0.0009 -0.6462
vn -0.7642 0.0068 -0.6450
vn -0.7626 0.0247 -0.6464
vn -0.7389 0.0078 -0.6738
vn -0.7258 0.0022 -0.6879
vn -0.7003 0.0027 -0.7139
vn -0.7229 0.0205 -0.6907
vn -0.6790 0.0033 -0.7341
vn -0.6530 0.0035 -0.7573
vn -0.6787 0.0194 -0.7342
vn -0.6256 0.0030 -0.7801
vn -0.6098 0.0036 -0.7925
vn -0.6062 0.0230 -0.7950
vn -0.6399 0.0240 -0.7681
vn -0.5706 0.0016 -0.8212
vn -0.5671 0.0044 -0.8236
vn -0.5517 0.0196 -0.8338
vn -0.5750 0.0167 -0.8180
vn -0.5153 0.0009 -0.8570
vn -0.5135 0.0049 -0.8581
vn -0.4960 0.0197 -0.8681
vn -0.5206 0.0164 -0.8536
vn -0.4557 0.0009 -0.8901
vn -0.4540 0.0050 -0.8910
vn -0.4351 0.0197 -0.9002
vn -0.4619 0.0160 -0.8868
vn -0.3913 0.0009 -0.9203
vn -0.3896 0.0051 -0.9210
vn -0.3691 0.0196 -0.9292
vn -0.3980 0.0157 -0.9173
vn -0.3220 0.0009 -0.9468
vn -0.3224 0.0054 -0.9466
vn -0.2949 0.0192 -0.9553
vn -0.3287 0.0151 -0.9443
vn -0.2462 0.0020 -0.9692
vn -0.2708 0.0025 -0.9626
vn -0.2304 0.0059 -0.9731
vn -0.2053 0.0445 -0.9777
vn -0.2700 0.0468 -0.9617
vn -0.1654 0.0027 -0.9862
vn -0.1843 0.0030 -0.9829
vn -0.1376 0.0031 -0.9905
vn -0.1379 0.0199 -0.9903
vn -0.1821 0.0198 -0.9831
vn -0.0876 0.0020 -0.9961
vn -0.0889 0.0047 -0.9960
vn -0.0619 0.0183 -0.9979
vn -0.1054 0.0192 -0.9942
vn -0.0282 0.0028 -0.9996
vn 0.0410 0.0033 -0.9992
vn 0.0150 0.0032 -0.9999
vn 0.0158 0.0196 -0.9997
vn -0.0290 0.0183 -0.9994
vn 0.0541 0.0030 -0.9985
vn 0.0980 0.0036 -0.9952
vn 0.1308 0.0043 -0.9914
vn 0.0965 0.0214 -0.9951
vn 0.0540 0.0197 -0.9983
vn 0.1591 0.0030 -0.9873
vn 0.2195 0.0026 -0.9756
vn 0.1779 0.0187 -0.9839
vn 0.1415 0.0196 -0.9897
vn 0.2339 0.0035 -0.9723
vn 0.2525 0.0188 -0.9674
vn 0.2192 0.0192 -0.9755
vn 0.3001 0.0014 -0.9539
vn 0.3053 0.0042 -0.9523
vn 0.3226 0.0191 -0.9463
vn 0.2910 0.0195 -0.9565
vn 0.3705 0.0010 -0.9288
vn 0.3741 0.0043 -0.9274
vn 0.3943 0.0193 -0.9188
vn 0.3596 0.0196 -0.9329
vn 0.4341 0.0009 -0.9008
vn 0.4374 0.0038 -0.8992
vn 0.4385 0.0210 -0.8985
vn 0.4949 0.0008 -0.8689
vn 0.4968 0.0032 -0.8678
vn 0.5162 0.0190 -0.8563
vn 0.4758 0.0212 -0.8793
vn -0.8716 0.0032 0.4903
vn -0.8700 0.0009 0.4931
vn -0.9028 0.0012 0.4300
vn -0.9046 0.0074 0.4262
vn -0.9046 0.0236 0.4257
vn -0.8841 0.0195 0.4669
vn -0.9296 0.0012 0.3687
vn -0.9295 0.0063 0.3688
vn -0.9308 0.0210 0.3648
vn -0.9515 0.0008 0.3077
vn -0.9521 0.0025 0.3059
vn -0.9520 0.0201 0.3056
vn -0.9670 0.0009 0.2549
vn -0.9673 0.0074 0.2534
vn -0.9817 0.0014 0.1904
vn -0.9815 0.0055 0.1912
vn -0.9644 0.0416 0.2610
vn -0.9787 0.0198 0.2042
vn -0.9915 0.0030 0.1301
vn -0.9877 0.0217 0.1552
vn 0.9172 0.0029 0.3985
vn 0.8960 0.0060 0.4441
vn 0.9167 0.0063 0.3995
vn 0.9072 0.0207 0.4202
vn 0.9285 0.0416 0.3689
vn 0.8795 0.0031 0.4760
vn 0.8712 0.0023 0.4909
vn 0.8800 0.0197 0.4745
vn 0.8382 0.0032 0.5453
vn 0.8461 0.0066 0.5329
vn 0.8165 0.0083 0.5773
vn 0.8213 0.0388 0.5692
vn 0.8534 0.0500 0.5188
vn 0.7910 0.0027 0.6118
vn 0.7895 0.0064 0.6137
vn 0.8054 0.0425 0.5913
vn 0.7545 0.0021 0.6563
vn 0.7631 0.0175 0.6460
vn 0.7225 0.0007 0.6913
vn 0.7296 0.0053 0.6839
vn 0.6985 0.0052 0.7156
vn 0.7217 0.0228 0.6918
vn 0.6833 0.0024 0.7301
vn 0.6622 0.0065 0.7493
vn 0.6821 0.0232 0.7309
vn 0.6443 0.0024 0.7648
vn 0.6202 0.0010 0.7844
vn 0.5893 0.0033 0.8079
vn 0.6174 0.0198 0.7864
vn 0.6530 0.0209 0.7570
vn 0.5783 0.0074 0.8158
vn 0.5337 0.0029 0.8456
vn 0.5451 0.0084 0.8383
vn 0.5290 0.0197 0.8484
vn 0.5726 0.0701 0.8168
vn 0.5026 0.0023 0.8645
vn 0.4735 0.0032 0.8808
vn 0.4927 0.0194 0.8700
vn 0.4546 0.0032 0.8907
vn 0.4030 0.0020 0.9152
vn 0.3980 0.0041 0.9174
vn 0.4203 0.0196 0.9072
vn 0.4532 0.0202 0.8912
vn 0.3365 0.0009 0.9417
vn 0.3333 0.0038 0.9428
vn 0.3335 0.0201 0.9425
vn 0.3739 0.0182 0.9273
vn 0.2700 0.0008 0.9629
vn 0.2698 0.0042 0.9629
vn 0.2914 0.0201 0.9564
vn 0.1939 0.0027 0.9810
vn 0.2096 0.0037 0.9778
vn 0.2112 0.0197 0.9772
vn 0.2472 0.0188 0.9688
vn 0.5915 0.0020 -0.8063
vn 0.5937 0.0203 -0.8044
vn 0.5480 0.0198 -0.8362
vn 0.5475 0.0038 -0.8368
vn 0.5593 0.0024 -0.8290
vn 0.6158 0.0025 -0.7879
vn 0.6265 0.0066 -0.7794
vn 0.6388 0.0202 -0.7691
vn 0.6644 0.0017 -0.7474
vn 0.6685 0.0031 -0.7437
vn 0.6800 0.0191 -0.7329
vn 0.7162 0.0021 -0.6979
vn 0.7087 0.0081 -0.7054
vn 0.7480 0.0045 -0.6637
vn 0.7161 0.0230 -0.6976
vn 0.7612 0.0026 -0.6485
vn 0.7836 0.0047 -0.6213
vn 0.7821 0.0220 -0.6227
vn 0.7524 0.0223 -0.6583
vn 0.7967 0.0027 -0.6043
vn 0.8173 0.0055 -0.5762
vn 0.8342 0.0016 -0.5515
vn 0.8090 0.0187 -0.5875
vn 0.8467 0.0077 -0.5320
vn 0.8695 0.0017 -0.4939
vn 0.8703 0.0070 -0.4924
vn 0.8710 0.0221 -0.4908
vn 0.8391 0.0685 -0.5397
vn 0.8982 0.0019 -0.4396
vn 0.8904 0.0069 -0.4551
vn 0.8991 0.0200 -0.4373
vn 0.9120 0.0052 -0.4102
vn 0.9239 0.0038 -0.3827
vn 0.9233 0.0217 -0.3834
vn 0.9331 0.0074 -0.3595
vn 0.9431 0.0027 -0.3326
vn 0.9432 0.0217 -0.3315
vn 0.9546 0.0041 -0.2977
vn 0.9642 0.0047 -0.2653
vn 0.9576 0.0188 -0.2875
vn 0.9725 0.0064 -0.2328
vn 0.9805 0.0027 -0.1964
vn 0.9836 0.0069 -0.1801
vn 0.9850 0.0230 -0.1713
vn 0.9649 0.0555 -0.2567
vn 0.9905 0.0022 -0.1373
vn 0.9905 0.0056 -0.1371
vn 0.9967 0.0016 -0.0813
vn 0.9948 0.0197 -0.0997
vn 0.9993 0.0032 -0.0378
vn 0.9993 0.0032 -0.0377
vn 0.9990 0.0236 -0.0369
vn 0.9999 0.0019 0.0158
vn 1.0000 0.0057 -0.0040
vn 0.9989 0.0009 0.0469
vn 0.9965 0.0034 0.0833
vn 0.9995 0.0190 0.0260
vn 0.9954 0.0065 0.0958
vn 0.9891 0.0014 0.1473
vn 0.9882 0.0060 0.1528
vn 0.9879 0.0216 0.1539
vn 0.9925 0.0702 0.1000
vn 0.9782 0.0009 0.2077
vn 0.9782 0.0053 0.2075
vn 0.9778 0.0205 0.2085
vn 0.9629 0.0016 0.2698
vn 0.9651 0.0077 0.2619
vn 0.9611 0.0417 0.2731
vn 0.9505 0.0064 0.3107
vn 0.9445 0.0034 0.3284
vn 0.9457 0.0189 0.3245
vn 0.9351 0.0079 0.3543
vn 0.0665 0.9975 -0.0260
vn -0.0025 0.0123 0.9999
vn -0.0000 0.0124 0.9999
vn 0.0657 0.0417 0.9970
vn -0.0274 0.0111 0.9996
vn -0.1113 0.2717 0.9559
vn 0.1620 0.1200 0.9795
vn -0.0459 0.0307 0.9985
vn 0.0018 0.0118 0.9999
vn 0.0315 0.0254 0.9992
vn 0.0450 0.9948 -0.0913
vn 0.0129 0.9999 0.0050
vn -0.0444 0.9985 0.0313
vn -0.0223 0.9991 -0.0369
vn 0.0099 0.9995 -0.0311
vn 0.0031 1.0000 0.0032
vn 0.0326 0.0110 -0.9994
vn 0.0190 0.0132 -0.9997
vn 0.0399 0.0218 -0.9990
vn 0.1388 0.2610 -0.9553
vn 0.9115 0.0570 -0.4072
vn 0.9136 0.0110 -0.4064
vn 0.8918 0.0117 -0.4522
vn 0.9285 0.0564 -0.3670
vn 0.8632 0.0120 -0.5047
vn 0.8298 0.0385 -0.5568
vn 0.9914 0.0342 0.1266
vn 0.9940 0.0114 0.1084
vn 0.9979 0.0095 0.0644
vn 0.9781 0.1193 0.1704
vn 0.9978 0.0116 -0.0652
vn 0.9984 0.0512 0.0257
vn 0.9978 0.0541 -0.0386
vn 0.9999 0.0110 0.0066
vn 0.9847 0.0109 0.1738
vn 0.9779 0.0460 0.2038
vn 0.9814 0.0207 0.1908
vn 0.9776 0.0313 0.2080
vn 0.9583 0.0112 0.2855
vn 0.9700 0.0113 0.2430
vn 0.9742 0.0939 0.2051
vn 0.9431 0.0111 0.3324
vn 0.9621 0.0781 0.2611
vn 0.8798 0.0591 0.4716
vn 0.8625 0.0107 0.5059
vn 0.8923 0.0108 0.4512
vn 0.8543 0.0918 0.5116
vn 0.7999 0.0108 -0.6000
vn 0.8429 0.0553 -0.5352
vn 0.7504 0.0840 -0.6556
vn 0.7617 0.0123 -0.6479
vn 0.8023 0.0309 -0.5961
vn 0.8350 0.0114 -0.5501
vn 0.9181 0.0105 0.3962
vn 0.8682 0.0864 0.4886
vn 0.8486 0.0608 0.5256
vn 0.8245 0.0102 0.5658
vn 0.8455 0.0943 0.5256
vn 0.7749 0.0105 0.6320
vn 0.7638 0.0456 0.6439
vn 0.7314 0.0546 0.6797
vn 0.7204 0.0108 0.6935
vn 0.7008 0.0702 0.7099
vn 0.6692 0.0115 0.7430
vn 0.6909 0.0530 0.7210
vn 0.6661 0.0191 0.7456
vn 0.7849 0.1004 0.6115
vn 0.6941 0.0156 0.7197
vn 0.0029 0.9996 0.0273
vn 0.0052 1.0000 -0.0026
vn 0.0023 1.0000 0.0002
vn 0.0108 0.9998 0.0139
vn 0.0069 1.0000 -0.0037
vn 0.0104 0.9998 -0.0181
vn 0.0041 1.0000 -0.0018
vn 0.0122 0.9999 0.0099
vn 0.0003 1.0000 0.0074
vn 0.0071 1.0000 -0.0032
vn 0.0093 1.0000 -0.0033
vn -0.0464 0.9988 -0.0134
vn 0.0194 0.9998 -0.0102
vn 0.0029 0.9999 0.0134
vn -0.0508 0.9987 0.0101
vn -0.0021 1.0000 0.0035
vn 0.0230 0.9997 0.0014
vn -0.0052 0.9999 0.0145
vn -0.1187 0.0471 -0.9918
vn -0.0063 0.0218 -0.9997
vn -0.0110 0.0118 -0.9999
vn -0.0347 0.0237 -0.9991
vn 0.1842 0.9619 0.2018
vn -0.0087 0.9995 -0.0302
vn -0.0145 0.9999 0.0047
vn -0.0175 0.9998 -0.0024
vn 0.0123 0.0118 0.9999
vn 0.3969 -0.0878 0.9136
vn 0.0628 0.0108 0.9980
vn 0.0087 0.0185 0.9998
vn 0.0666 0.2872 0.9555
vn 0.0119 0.0123 0.9999
vn 0.0336 0.9582 0.2840
vn 0.0676 0.9820 0.1762
vn 0.0044 0.9999 -0.0091
vn 0.1484 0.0023 0.9889
vn 0.1143 0.0037 0.9934
vn 0.1310 0.0195 0.9912
vn 0.1660 0.0195 0.9859
vn 0.0834 0.0064 0.9965
vn 0.0452 0.0027 0.9990
vn 0.0397 0.0406 0.9984
vn 0.0929 0.0190 0.9955
vn 0.0305 0.0090 0.9995
vn -0.0221 0.0015 0.9998
vn -0.0195 0.0041 0.9998
vn -0.0030 0.0185 0.9998
vn -0.0809 0.0024 0.9967
vn -0.0813 0.0188 0.9965
vn -0.0442 0.0182 0.9989
vn -0.1426 0.0023 0.9898
vn -0.1272 0.0032 0.9919
vn -0.1674 0.0024 0.9859
vn -0.1672 0.0205 0.9857
vn -0.1221 0.0210 0.9923
vn -0.2105 0.0020 0.9776
vn -0.2116 0.0064 0.9773
vn -0.2457 0.0186 0.9692
vn -0.1969 0.0219 0.9802
vn -0.2773 0.0019 0.9608
vn -0.2555 0.0018 0.9668
vn -0.3018 0.0017 0.9534
vn -0.3015 0.0199 0.9533
vn -0.3497 0.0016 0.9368
vn -0.3530 0.0065 0.9356
vn -0.3490 0.0226 0.9368
vn -0.4144 0.0015 0.9101
vn -0.3918 0.0059 0.9200
vn -0.4358 0.0007 0.9000
vn -0.3734 0.0469 0.9265
vn -0.4336 0.0189 0.9009
vn -0.4774 0.0035 0.8787
vn -0.4863 0.0066 0.8737
vn -0.5392 0.0024 0.8421
vn -0.5312 0.0091 0.8472
vn -0.5264 0.0340 0.8496
vn -0.4688 0.0495 0.8819
vn -0.0105 0.0111 0.9999
vn -0.0179 0.0137 0.9997
vn -0.0650 0.0308 0.9974
vn -0.1530 0.2207 0.9633
vn -0.7916 0.2194 0.5703
vn -0.7341 0.0124 0.6789
vn -0.6931 0.0092 0.7208
vn -0.7497 0.0721 0.6578
vn -0.5089 0.1129 0.8534
vn -0.6389 0.0068 0.7693
vn -0.7160 0.2111 0.6654
vn -0.5818 0.0069 0.8133
vn -0.7404 -0.2376 0.6288
vn -0.0017 1.0000 -0.0017
vn 0.8229 0.1229 -0.5548
vn 0.9055 0.0490 -0.4215
vn 0.9369 0.0106 -0.3494
vn 0.9319 0.0550 -0.3584
vn 0.9568 0.0111 -0.2904
vn 0.9615 0.0932 -0.2584
vn 0.8915 0.1958 -0.4086
vn 0.9691 0.0115 -0.2464
vn 0.9818 0.0113 -0.1896
vn 0.9874 0.0398 -0.1532
vn 0.9842 0.0207 -0.1761
vn 0.9910 0.0199 -0.1323
vn 0.9916 0.0115 -0.1287
vn 0.6562 0.0475 -0.7531
vn 0.7224 0.0106 -0.6914
vn 0.6752 0.0109 -0.7375
vn 0.7073 0.0392 -0.7059
vn 0.4980 0.0885 -0.8626
vn 0.6104 0.0119 -0.7920
vn 0.6807 0.1937 -0.7065
vn 0.5973 0.0124 -0.8019
vn -0.0115 0.9997 -0.0206
vn -0.0224 0.9995 -0.0226
vn 0.0060 1.0000 -0.0055
vn -0.5832 0.0050 0.8123
vn -0.5394 0.0430 0.8410
vn -0.6065 0.0050 0.7950
vn -0.6263 0.0045 0.7795
vn -0.6100 0.0183 0.7922
vn -0.6558 0.0012 0.7549
vn -0.6578 0.0022 0.7532
vn -0.6539 0.0201 0.7563
vn -0.6947 0.0009 0.7193
vn -0.6961 0.0059 0.7179
vn -0.7493 0.0011 0.6622
vn -0.7525 0.0047 0.6585
vn -0.6825 0.0533 0.7289
vn -0.7385 0.0198 0.6739
vn -0.7913 -0.0013 0.6114
vn -0.7930 -0.0002 0.6092
vn -0.7930 0.0171 0.6089
vn -0.7698 0.0201 0.6380
vn -0.8288 0.0008 0.5595
vn -0.8305 0.0032 0.5570
vn -0.8288 0.0210 0.5592
vn -0.8579 0.0205 0.5133
vn -0.9375 0.0813 0.3384
vn 0.1023 0.3495 0.9313
vn -0.5698 -0.0061 -0.8218
vn 0.0378 0.0427 0.9984
vn -0.3235 -0.0183 -0.9461
vn 0.0697 0.6884 -0.7220
vn -0.4010 0.5690 -0.7179
vn -0.8831 0.4345 -0.1772
vn -0.1934 0.9811 -0.0070
vn -0.3815 0.9231 0.0479
vn -0.8462 0.4972 0.1917
vn -0.2979 0.4627 0.8350
vn -0.1004 0.9737 0.2047
vn -0.0099 0.9675 0.2529
vn 0.0008 0.9680 0.2508
vn -0.8294 0.3813 -0.4083
vn -0.9237 0.0255 -0.3824
vn -0.5214 0.8015 -0.2928
vn -0.5812 0.6765 -0.4524
vn -0.2588 0.9318 -0.2545
vn -0.1324 0.9808 0.1435
vn -0.4768 0.6163 0.6268
vn -0.4590 -0.0648 -0.8861
vn -0.9599 0.0236 -0.2793
vn -0.2653 0.0102 -0.9641
vn -0.0378 0.0510 -0.9980
vn 0.4808 0.4397 -0.7586
vn -0.1081 0.5934 -0.7976
vn -0.0038 0.9054 -0.4245
vn 0.3634 -0.0948 -0.9268
vn 0.8829 -0.0866 -0.4615
vn 0.9994 0.0073 -0.0326
vn 0.7606 0.6491 -0.0117
vn 0.0476 0.9860 0.1599
vn 0.8740 0.4465 0.1916
vn 0.9321 -0.1027 0.3474
vn -0.2657 0.2592 0.9286
vn -0.1372 0.0099 0.9905
vn 0.0245 0.7078 0.7060
vn -0.2913 0.7593 0.5819
vn -0.7203 0.6880 0.0887
vn 0.4755 -0.0631 0.8774
vn 0.9664 0.1065 0.2342
vn 0.1246 0.0038 0.9922
vn 0.3556 0.3783 0.8547
vn 0.2458 0.9679 0.0524
vn -0.0447 0.6640 0.7464
vn 0.8765 -0.0577 -0.4780
vn 0.4652 -0.0477 -0.8839
vn 0.9628 0.0054 -0.2703
vn 0.9999 0.0142 -0.0002
vn 0.9999 0.0090 -0.0056
vn 0.2264 0.9354 -0.2717
vn 0.8561 0.5167 0.0080
vn 0.7499 0.4289 -0.5037
vn 0.7795 0.4559 0.4296
vn 0.9994 0.0099 0.0319
vn 0.0801 0.6839 -0.7252
vn -0.0068 0.9658 -0.2593
vn 0.1631 0.0094 -0.9866
vn -0.0209 0.4925 -0.8701
vn 0.6119 0.0145 -0.7908
vn 0.9186 0.3925 -0.0460
vn 0.3405 0.0709 -0.9376
vn -0.0540 0.2046 -0.9774
vn 0.4539 0.8909 0.0161
vn 0.5342 0.7373 -0.4135
vn 0.1681 0.6490 -0.7420
vn -0.0073 0.9107 -0.4130
vn 0.0108 0.3831 -0.9237
vn 0.9385 0.0277 0.3442
vn 0.5821 0.6851 0.4379
vn 0.2595 0.9385 0.2278
vn 0.0639 0.9937 -0.0926
vn -1.0000 0.0087 -0.0000
vn -0.8820 -0.0858 0.4634
vn -0.9996 0.0008 0.0276
vn -0.9999 0.0123 -0.0094
vn -0.0444 0.9874 0.1521
vn -0.2152 0.9763 0.0228
vn -0.8801 0.4748 -0.0027
vn -0.1859 0.9265 -0.3271
vn -0.6832 0.5018 -0.5305
vn -0.8460 -0.0027 -0.5332
vn -0.4885 -0.0629 -0.8703
vn -0.1374 0.0106 -0.9905
vn -0.0372 0.9672 -0.2511
vn -0.0144 0.4835 -0.8752
vn -0.4964 0.6043 -0.6232
vn -0.0862 0.0172 -0.9961
vn -0.0573 0.0129 -0.9983
vn -0.1110 0.6955 -0.7099
vn -0.0572 0.9037 -0.4242
vn -0.0508 0.3906 -0.9191
vn -0.5172 0.7076 -0.4815
vn -0.6305 0.7328 -0.2559
vn -0.5234 0.0126 -0.8520
vn 0.0893 0.0156 0.9959
vn 0.0756 0.0133 0.9970
vn 0.1083 0.6352 0.7647
vn 0.0138 0.6066 0.7949
vn 0.1513 0.8972 0.4148
vn 0.1908 0.6894 0.6988
vn 0.3586 0.2009 0.9116
vn 0.0188 0.6530 0.7571
vn 0.0096 0.5021 0.8648
vn 0.0260 0.9994 -0.0217
vn -0.8788 -0.0578 0.4737
vn -0.3616 0.0807 0.9288
vn -0.9591 0.0041 0.2832
vn -0.9972 0.0695 -0.0281
vn -1.0000 0.0094 -0.0012
vn -0.6411 0.0110 0.7673
vn -0.3223 0.0693 0.9441
vn 0.0581 0.2050 0.9770
vn -0.1785 0.6122 0.7703
vn 0.0075 0.9344 0.3561
vn -0.0090 0.4298 0.9029
vn -0.0644 0.0088 0.9979
vn -0.0756 0.0171 0.9970
vn -0.0437 0.4703 0.8814
vn 0.1049 0.5131 0.8519
vn 0.7803 0.2263 -0.5830
vn -0.3920 0.4959 -0.7749
vn 0.5486 0.6671 -0.5041
vn 0.7473 0.0751 -0.6602
vn -0.9649 0.0201 -0.2618
vn -0.9921 0.0623 -0.1085
vn -0.2848 0.9543 0.0908
vn -0.6895 0.6609 0.2963
vn 0.4809 0.0128 0.8767
vn 0.8078 0.0535 0.5870
vn 0.0429 0.9730 -0.2267
vn -0.1634 0.7906 0.5901
vn -0.0000 0.9268 -0.3754
vn 0.4332 0.8998 0.0521
vn 0.0705 0.9970 0.0317
vn 0.1907 0.9762 0.1037
vn -0.1360 0.9838 -0.1168
vn -0.4537 0.8676 -0.2036
vn -0.3306 0.9430 0.0369
vn -0.0670 0.9977 -0.0118
vn 0.1388 0.9637 0.2281
vn 0.3078 0.9001 0.3082
vn 0.1402 0.9805 0.1375
vn -0.0090 0.9999 -0.0081
vn -0.0142 0.9999 -0.0094
vn -0.0368 0.9990 -0.0244
vn -0.0616 0.9951 -0.0768
vn -0.2878 0.9028 -0.3197
vn -0.1663 0.9768 -0.1352
vn 0.2985 0.9216 0.2483
vn 0.0514 0.9967 0.0624
vn -0.0313 0.9985 -0.0452
vn -0.0728 0.9964 -0.0430
vn -0.2794 0.9033 -0.3255
vn -0.0244 0.9996 -0.0163
vn 0.1089 0.9818 0.1556
vn -0.0360 0.9971 -0.0676
vn 0.3499 0.6854 0.6386
vn 0.1843 0.9800 0.0744
vn 0.4228 0.6095 0.6706
vn -0.0272 0.9995 0.0166
vn -0.0978 0.9933 -0.0615
vn 0.1734 0.9812 0.0843
vn 0.2112 0.9025 0.3753
vn 0.2548 0.8675 0.4272
vn 0.2306 0.8724 0.4309
vn 0.1013 0.9934 0.0530
vn 0.1977 0.8657 0.4598
vn 0.1399 0.9658 0.2184
vn -0.0257 0.8698 0.4928
vn 0.0293 0.9960 0.0843
vn -0.0399 0.6400 0.7674
vn 0.0786 0.8801 0.4683
vn 0.0678 0.9902 0.1223
vn 0.0265 0.7070 0.7067
vn -0.0670 0.9191 0.3884
vn -0.0218 0.9966 0.0792
vn -0.1683 0.9746 0.1475
vn -0.1293 0.8842 0.4488
vn -0.2510 0.6961 0.6727
vn -0.0366 0.9977 0.0568
vn -0.1779 0.9185 0.3532
vn -0.3312 0.7115 0.6197
vn 0.0118 0.9881 0.1533
vn -0.5912 0.5537 0.5864
vn -0.2797 0.9212 0.2704
vn -0.2946 0.9403 0.1708
vn -0.7357 0.5093 0.4464
vn -0.5053 0.6902 0.5180
vn -0.2270 0.9728 0.0465
vn -0.7657 0.5195 0.3791
vn -0.2336 0.9714 0.0426
vn -0.4979 0.8140 0.2992
vn -0.2311 0.9720 0.0424
vn -0.4957 0.8506 0.1755
vn -0.2353 0.9716 0.0241
vn -0.5468 0.8219 0.1596
vn -0.5316 0.8148 -0.2311
vn -0.1905 0.9778 -0.0873
vn -0.1909 0.9567 -0.2198
vn -0.6820 0.7077 -0.1847
vn -0.6644 0.7131 -0.2239
vn -0.4211 0.7048 -0.5709
vn -0.5039 0.5524 -0.6640
vn -0.3504 0.9334 0.0769
vn -0.5856 0.7877 0.1914
vn -0.3370 0.9403 0.0479
vn -0.6279 0.7605 0.1658
vn -0.3432 0.9386 0.0361
vn -0.6161 0.7733 0.1496
vn -0.6645 0.7471 0.0155
vn -0.5896 0.7877 0.1788
vn -0.5964 0.8000 0.0654
vn -0.2347 0.9704 0.0563
vn -0.6165 0.7857 -0.0499
vn -0.5967 0.7984 -0.0799
vn -0.6729 0.7101 -0.2071
vn -0.7722 0.5900 -0.2357
vn -0.6583 0.7298 -0.1845
vn -0.2960 0.9406 -0.1662
vn -0.7126 0.6856 -0.1491
vn -0.6317 0.6876 -0.3579
vn -0.1875 0.9798 -0.0700
vn -0.5344 0.7442 -0.4007
vn -0.2177 0.9563 -0.1952
vn -0.6248 0.7749 -0.0955
vn 0.2368 0.9682 0.0810
vn 0.3829 0.9217 -0.0619
vn 0.3538 0.9315 -0.0846
vn 0.1058 0.9913 -0.0783
vn -0.0184 0.9998 0.0019
vn -0.0452 0.9990 0.0002
vn -0.0519 0.9986 0.0038
vn -0.3221 0.9452 -0.0522
vn -0.2237 0.9679 0.1143
vn 0.1780 0.9838 0.0186
vn -0.1855 0.9793 0.0815
vn -0.0016 0.5267 -0.8500
vn 0.0595 0.0098 -0.9982
vn -0.0137 0.9999 0.0041
vn -0.0123 0.9999 0.0102
vn -0.0399 0.9990 0.0191
vn -0.0471 0.9986 0.0227
vn -0.0721 0.9881 0.1360
vn 0.0924 0.9956 -0.0136
vn 0.3341 0.9313 -0.1452
vn 0.3950 0.8774 -0.2723
vn 0.0218 0.9991 -0.0371
vn 0.3679 0.9214 -0.1254
vn -0.0424 0.9990 0.0130
vn 0.0584 0.9982 -0.0162
vn 0.4808 0.8647 -0.1453
vn 0.4215 0.9013 0.1001
vn 0.1225 0.9902 -0.0673
vn -0.0131 0.9999 -0.0032
vn -0.0518 0.9986 -0.0088
vn 0.3395 0.9279 0.1539
vn 0.0504 0.9983 0.0296
vn 0.3839 0.9134 0.1353
vn -0.0434 0.9989 -0.0192
vn 0.0625 0.9972 0.0410
vn 0.4234 0.8844 0.1964
vn 0.0649 0.9950 -0.0755
vn 0.4014 0.8733 -0.2762
vn 0.5187 0.6485 -0.5572
vn -0.0343 0.9983 0.0475
vn -0.2717 0.9604 0.0615
vn -0.1471 0.9662 0.2117
vn -0.9992 0.0395 -0.0064
vn -0.9950 0.0859 -0.0506
vn -0.9855 0.1698 -0.0069
vn -0.9699 0.2407 -0.0366
vn -0.5402 0.8414 0.0107
vn -0.7952 0.6022 -0.0705
vn -0.8623 0.5056 -0.0282
vn -0.9653 0.2074 0.1586
vn -0.9825 0.1854 0.0186
vn -0.7275 0.6861 -0.0054
vn -0.3924 0.9192 0.0337
vn -0.8105 0.5850 0.0286
vn -0.9860 0.0473 -0.1597
vn -0.9679 0.1885 -0.1664
vn -0.7981 0.5910 -0.1175
vn -0.9744 0.0358 -0.2217
vn -0.9592 0.1774 -0.2201
vn -0.7561 0.5846 -0.2942
vn -0.3807 0.9241 -0.0337
vn -0.9482 0.1701 -0.2684
vn -0.8333 0.5226 -0.1803
vn -0.9573 0.0383 -0.2864
vn -0.7801 0.5662 -0.2664
vn -0.3477 0.9303 -0.1170
vn -0.9416 0.0400 -0.3343
vn -0.9277 0.1701 -0.3322
vn -0.8963 0.1688 -0.4101
vn -0.8939 0.1290 -0.4293
vn -0.6695 0.7075 -0.2261
vn -0.3731 0.9198 -0.1216
vn -0.8620 0.0370 -0.5055
vn -0.8564 0.1539 -0.4928
vn -0.4951 0.8150 -0.3010
vn -0.3532 0.9138 -0.2006
vn -0.8332 0.0388 -0.5516
vn -0.8208 0.1541 -0.5500
vn -0.4500 0.8343 -0.3184
vn -0.3096 0.9310 -0.1936
vn -0.7959 0.0385 -0.6042
vn -0.7836 0.1541 -0.6018
vn -0.4287 0.8340 -0.3474
vn -0.3387 0.9058 -0.2545
vn -0.7563 0.0394 -0.6530
vn -0.7445 0.1559 -0.6491
vn -0.4042 0.8332 -0.3774
vn -0.2745 0.9345 -0.2268
vn -0.7175 0.0382 -0.6955
vn -0.7037 0.1734 -0.6890
vn -0.6385 0.5272 -0.5607
vn -0.6779 0.0375 -0.7342
vn -0.6689 0.1701 -0.7236
vn -0.3706 0.8151 -0.4454
vn -0.2410 0.9299 -0.2780
vn -0.6456 0.1263 -0.7531
vn -0.5767 0.0434 -0.8158
vn -0.5688 0.1475 -0.8091
vn -0.3475 0.5208 -0.7798
vn -0.2175 0.9358 -0.2773
vn -0.5264 0.0433 -0.8491
vn -0.5119 0.1571 -0.8445
vn -0.4189 0.4320 -0.7987
vn -0.3152 0.8884 -0.3337
vn -0.4693 0.0434 -0.8820
vn -0.4551 0.1559 -0.8767
vn -0.3650 0.4334 -0.8240
vn -0.2730 0.8944 -0.3541
vn -0.4072 0.0433 -0.9123
vn -0.3932 0.1544 -0.9064
vn -0.3078 0.4362 -0.8456
vn -0.2810 0.8750 -0.3942
vn -0.3419 0.0442 -0.9387
vn -0.3272 0.1516 -0.9327
vn -0.4220 0.5268 -0.7378
vn -0.2336 0.8920 -0.3871
vn -0.2881 0.0469 -0.9564
vn -0.2582 0.1536 -0.9538
vn -0.2533 0.7287 -0.6362
vn -0.2486 0.8528 -0.4592
vn -0.1870 0.1768 -0.9663
vn -0.2080 0.7513 -0.6264
vn -0.1620 0.0379 -0.9861
vn -0.1580 0.1688 -0.9729
vn -0.1464 0.5341 -0.8326
vn -0.1197 0.8749 -0.4694
vn -0.0829 0.0369 -0.9959
vn -0.0833 0.1689 -0.9821
vn -0.0823 0.5362 -0.8400
vn -0.0191 0.9382 -0.3456
vn -0.0074 0.0377 -0.9993
vn -0.0096 0.1686 -0.9856
vn 0.0870 0.5852 -0.8062
vn 0.0123 0.9814 -0.1917
vn 0.0555 0.0379 -0.9977
vn 0.0545 0.1755 -0.9830
vn 0.1399 0.0437 -0.9892
vn 0.1506 0.1818 -0.9717
vn -0.0239 0.6398 -0.7681
vn 0.0419 0.8614 -0.5062
vn 0.1475 0.6678 -0.7296
vn 0.2164 0.0425 -0.9754
vn 0.2248 0.1804 -0.9575
vn 0.0356 0.6691 -0.7423
vn -0.0389 0.9509 -0.3072
vn 0.2894 0.0426 -0.9563
vn 0.2963 0.1805 -0.9379
vn 0.0959 0.6410 -0.7616
vn 0.1302 0.8265 -0.5476
vn 0.3565 0.0436 -0.9333
vn 0.3615 0.1804 -0.9147
vn 0.1815 0.6384 -0.7480
vn 0.1835 0.8224 -0.5386
vn 0.4110 0.0469 -0.9104
vn 0.4145 0.1810 -0.8919
vn 0.3786 0.6496 -0.6593
vn 0.0781 0.9261 -0.3691
vn 0.4404 0.0379 -0.8970
vn 0.4341 0.1688 -0.8849
vn 0.4694 0.6149 -0.6337
vn 0.4987 0.0368 -0.8660
vn 0.4904 0.1689 -0.8550
vn 0.5005 0.6191 -0.6051
vn 0.0922 0.9835 -0.1555
vn -0.8574 0.0568 0.5115
vn -0.9035 0.0398 0.4268
vn -0.8384 0.1754 0.5161
vn -0.8921 0.1524 0.4254
vn -0.6242 0.6320 0.4593
vn -0.4122 0.8976 0.1561
vn -0.6610 0.6747 0.3285
vn -0.9298 0.0392 0.3660
vn -0.9167 0.1552 0.3682
vn -0.7302 0.6573 0.1866
vn -0.4075 0.8966 0.1733
vn -0.9515 0.0395 0.3050
vn -0.9448 0.1289 0.3012
vn -0.7629 0.6271 0.1573
vn -0.4727 0.8688 0.1475
vn -0.9663 0.1552 0.2054
vn -0.9824 0.0419 0.1818
vn -0.9706 0.1789 0.1612
vn -0.7770 0.5895 0.2208
vn -0.4503 0.8853 0.1159
vn -0.9890 0.0423 0.1419
vn 0.9095 0.0407 0.4138
vn 0.9133 0.1748 0.3679
vn 0.8993 0.1505 0.4107
vn 0.6852 0.6235 0.3765
vn 0.7786 0.6083 0.1540
vn 0.8800 0.0405 0.4733
vn 0.8743 0.1530 0.4607
vn 0.6238 0.6547 0.4269
vn 0.8207 0.1581 0.5490
vn 0.8042 0.1497 0.5752
vn 0.6596 0.5748 0.4843
vn 0.6129 0.6667 0.4241
vn 0.7675 0.0391 0.6398
vn 0.7556 0.1698 0.6326
vn 0.4798 0.5988 0.6413
vn 0.7208 0.0388 0.6920
vn 0.7103 0.1687 0.6834
vn 0.6754 0.6186 0.4014
vn 0.6807 0.0381 0.7315
vn 0.6714 0.1687 0.7217
vn 0.5325 0.5655 0.6298
vn 0.6336 0.0376 0.7728
vn 0.6265 0.1684 0.7610
vn 0.3955 0.6238 0.6741
vn 0.5869 0.2449 0.7718
vn 0.5140 0.0455 0.8566
vn 0.4935 0.1883 0.8491
vn 0.4546 0.0431 0.8897
vn 0.4363 0.1817 0.8813
vn 0.3761 0.5104 0.7733
vn 0.3828 0.0436 0.9228
vn 0.3664 0.1811 0.9127
vn 0.2447 0.5286 0.8129
vn 0.3141 0.0461 0.9483
vn 0.2990 0.1810 0.9369
vn 0.0783 0.7135 0.6963
vn 0.2486 0.0427 0.9677
vn 0.2331 0.1811 0.9554
vn 0.1262 0.5288 0.8393
vn 0.1712 0.0428 0.9843
vn 0.1571 0.1809 0.9709
vn 0.2485 0.6001 0.7604
vn 0.5619 0.0373 -0.8263
vn 0.5533 0.1686 -0.8157
vn 0.5810 0.6071 -0.5421
vn 0.1942 0.9351 -0.2965
vn 0.6167 0.0388 -0.7863
vn 0.6049 0.1856 -0.7744
vn 0.4631 0.5906 -0.6608
vn 0.6659 0.0379 -0.7451
vn 0.6538 0.1767 -0.7358
vn 0.4846 0.5394 -0.6886
vn 0.2555 0.9285 -0.2694
vn 0.7160 0.0388 -0.6970
vn 0.7057 0.1688 -0.6881
vn 0.6430 0.6170 -0.4537
vn 0.7609 0.0372 -0.6479
vn 0.7473 0.1823 -0.6390
vn 0.8013 0.0377 -0.5970
vn 0.7850 0.1870 -0.5906
vn 0.6387 0.5860 -0.4986
vn 0.1456 0.9843 -0.1002
vn 0.7978 0.2383 -0.5538
vn 0.8779 0.0468 -0.4766
vn 0.8704 0.1813 -0.4578
vn 0.6606 0.6738 -0.3312
vn 0.8096 0.4814 -0.3358
vn 0.9072 0.0469 -0.4181
vn 0.8969 0.1820 -0.4031
vn 0.8064 0.5239 -0.2744
vn 0.9309 0.0371 -0.3634
vn 0.9089 0.1714 -0.3801
vn 0.6804 0.6493 -0.3399
vn 0.9364 0.1842 -0.2987
vn 0.7888 0.5342 -0.3041
vn 0.9563 0.0392 -0.2898
vn 0.9578 0.1838 -0.2211
vn 0.7949 0.5663 -0.2178
vn 0.9799 0.0505 -0.1931
vn 0.9697 0.1725 -0.1728
vn 0.7432 0.6373 -0.2038
vn 0.9875 0.0351 -0.1534
vn 0.9942 0.0383 -0.1006
vn 0.9803 0.1689 -0.1022
vn 0.6992 0.7125 -0.0582
vn 0.9985 0.0396 -0.0367
vn 0.9849 0.1688 -0.0375
vn 0.8458 0.5327 -0.0293
vn 0.9989 0.0402 0.0237
vn 0.9854 0.1686 0.0219
vn 0.7431 0.6648 -0.0764
vn 0.9695 0.2379 0.0588
vn 0.9852 0.0454 0.1655
vn 0.9679 0.1798 0.1757
vn 0.7343 0.6646 0.1381
vn 0.8376 0.5343 0.1135
vn 0.9734 0.0456 0.2246
vn 0.9554 0.1808 0.2335
vn 0.8088 0.5286 0.2576
vn 0.9546 0.1434 0.2609
vn 0.7112 0.6135 0.3433
vn 0.9440 0.0969 0.3153
vn 0.9435 0.1738 0.2820
vn 0.9996 0.0093 0.0275
vn 0.0146 0.9999 -0.0088
vn 0.0352 0.9992 -0.0202
vn 0.0350 0.9986 -0.0394
vn 0.0498 0.9951 -0.0853
vn 0.3240 0.9277 -0.1853
vn 0.3084 0.9304 -0.1981
vn 0.0986 0.9794 -0.1760
vn -0.2138 0.9769 -0.0032
vn -0.3633 0.9008 0.2378
vn -0.0783 0.9964 0.0337
vn 0.1186 0.6465 0.7536
vn 0.0053 0.9153 0.4028
vn 0.0068 0.9207 0.3903
vn 0.0033 0.5270 0.8499
vn 0.7152 0.5437 -0.4391
vn 0.6416 0.7218 -0.2594
vn 0.3239 0.9249 -0.1993
vn 0.7685 0.5909 -0.2456
vn 0.8441 0.5362 0.0046
vn 0.4203 0.9067 -0.0348
vn 0.7057 0.7003 0.1076
vn 0.8124 0.5730 -0.1081
vn 0.2779 0.9552 -0.1016
vn 0.7265 0.6710 0.1481
vn 0.4554 0.8812 0.1268
vn 0.8197 0.5513 0.1554
vn 0.7535 0.5959 0.2776
vn 0.3635 0.9253 0.1082
vn 0.8111 0.5351 0.2361
vn 0.3483 0.9282 0.1308
vn 0.8288 0.5006 0.2501
vn 0.6512 0.5364 0.5370
vn 0.2071 0.9753 0.0766
vn 0.2231 0.9507 0.2152
vn 0.6556 0.7333 0.1800
vn 0.6494 0.5815 -0.4900
vn 0.3495 0.8843 -0.3095
vn 0.6206 0.6438 -0.4475
vn 0.7226 0.5619 -0.4026
vn 0.2393 0.9486 0.2071
vn 0.5787 0.7432 0.3360
vn 0.2078 0.9503 0.2317
vn 0.5036 0.7030 0.5022
vn 0.2996 0.9028 0.3086
vn 0.6072 0.5320 0.5901
vn 0.2722 0.9030 0.3323
vn 0.5583 0.5202 0.6463
vn 0.2597 0.9171 0.3024
vn 0.4095 0.6496 0.6406
vn -0.0713 0.9891 0.1286
vn 0.1444 0.9783 -0.1482
vn 0.3542 0.9299 -0.0990
vn 0.3785 0.9015 -0.2101
vn -0.0726 0.9974 0.0036
vn 0.0181 0.9998 -0.0038
vn 0.0425 0.9991 -0.0014
vn 0.0537 0.9985 -0.0088
vn 0.0754 0.9961 -0.0450
vn 0.4646 0.8839 -0.0533
vn 0.2355 0.9601 -0.1510
vn 0.0182 0.9998 0.0013
vn -0.1153 0.9894 0.0887
vn 0.0408 0.9992 -0.0016
vn -0.1309 0.9870 0.0937
vn 0.0891 0.9944 -0.0566
vn 0.0442 0.9990 0.0086
vn 0.3007 0.9426 0.1455
vn -0.1203 0.9910 0.0589
vn 0.0727 0.9958 0.0555
vn 0.2103 0.9572 0.1987
vn -0.0594 0.9978 -0.0292
vn 0.0121 0.9999 0.0040
vn 0.0433 0.9990 0.0116
vn -0.1058 0.9943 0.0113
vn 0.0419 0.9990 0.0163
vn -0.0979 0.9951 -0.0146
vn 0.0113 0.9999 0.0096
vn 0.0397 0.9990 0.0225
vn -0.0597 0.9964 -0.0594
vn 0.0322 0.9945 0.0995
vn 0.0235 0.9991 0.0355
vn 0.0423 0.9969 0.0660
vn -0.1044 0.9934 -0.0473
vn 0.0962 0.9947 0.0354
vn 0.0265 0.9995 0.0181
vn -0.0520 0.9957 -0.0767
vn 0.0853 0.9959 0.0306
vn -0.4706 0.6623 0.5830
vn -0.1289 0.9808 0.1463
vn 0.1127 0.9658 -0.2337
vn 0.2755 0.8993 -0.3396
vn 0.1273 0.9916 -0.0227
vn 0.0725 0.9963 -0.0463
vn 0.0630 0.9973 0.0379
vn 0.0130 0.9999 -0.0105
vn 0.1091 0.9940 -0.0078
vn -0.9547 0.0087 -0.2974
vn -0.1108 0.9608 -0.2541
vn -0.0475 0.9967 -0.0662
vn -0.0192 0.9951 -0.0974
vn -0.0041 0.9976 -0.0694
vn 0.0852 0.9555 -0.2826
vn -0.0222 0.9962 -0.0843
vn -0.3009 0.0185 -0.9535
vn 0.1463 0.8312 -0.5363
vn 0.0965 0.0417 0.9945
vn 0.0805 0.1808 0.9802
vn 0.1803 0.5713 0.8007
vn 0.0419 0.1731 0.9840
vn -0.0389 0.0430 0.9983
vn -0.0527 0.1812 0.9820
vn 0.0200 0.5565 0.8306
vn -0.1019 0.0460 0.9937
vn -0.1110 0.1876 0.9760
vn -0.1459 0.0375 0.9886
vn -0.1429 0.1693 0.9751
vn -0.2201 0.6423 0.7342
vn -0.2118 0.0376 0.9766
vn -0.2068 0.1753 0.9625
vn -0.0918 0.6501 0.7543
vn -0.2806 0.0378 0.9591
vn -0.2660 0.1649 0.9498
vn -0.2371 0.5856 0.7751
vn -0.3478 0.0402 0.9367
vn -0.3422 0.1467 0.9281
vn -0.4039 0.1511 0.9022
vn -0.4541 0.0425 0.8900
vn -0.2934 0.5877 0.7541
vn -0.4898 0.1537 0.8582
vn -0.9992 0.0097 -0.0388
vn -0.3003 0.0091 0.9538
vn 0.0734 0.9970 0.0245
vn 0.0806 0.9945 0.0663
vn -0.5080 0.5196 0.6870
vn -0.0977 0.9693 0.2254
vn -0.2446 0.9551 0.1673
vn -0.5132 0.7428 0.4300
vn -0.6118 0.6012 0.5140
vn -0.4708 0.5288 0.7062
vn -0.3187 0.8781 0.3570
vn -0.4973 0.6775 0.5419
vn 0.1957 0.9558 -0.2194
vn 0.0603 0.9955 -0.0734
vn -0.0454 0.9986 -0.0281
vn -0.0121 0.9999 0.0056
vn -0.0353 0.9992 0.0183
vn -0.0844 0.9963 -0.0182
vn -0.1574 0.9856 -0.0613
vn -0.2111 0.9763 0.0472
vn 0.0586 0.9964 -0.0615
vn 0.4486 0.7008 -0.5547
vn 0.7824 0.6014 -0.1621
vn 0.7776 0.5953 -0.2026
vn 0.8055 0.5818 -0.1127
vn 0.8136 0.5623 -0.1481
vn 0.8109 0.5781 -0.0904
vn 0.5280 0.5772 -0.6230
vn 0.3287 0.6894 -0.6455
vn 0.5516 0.6823 -0.4798
vn 0.6830 0.0119 -0.7303
vn 0.1226 0.9610 -0.2480
vn -0.2974 0.9034 0.3090
vn -0.0106 0.9903 0.1384
vn 0.0093 0.9999 -0.0079
vn 0.0349 0.9990 -0.0270
vn -0.3025 0.9163 0.2624
vn -0.0591 0.9974 0.0419
vn 0.0771 0.9965 -0.0310
vn -0.0587 0.9981 0.0171
vn 0.1163 0.9806 -0.1577
vn 0.3518 0.9313 -0.0945
vn -0.5385 0.1736 0.8246
vn -0.6042 0.0390 0.7959
vn -0.6000 0.1691 0.7819
vn -0.5153 0.6486 0.5602
vn -0.6536 0.0391 0.7558
vn -0.6435 0.1683 0.7467
vn -0.5671 0.6047 0.5592
vn -0.7062 0.1773 0.6855
vn -0.7591 0.0427 0.6495
vn -0.7551 0.1811 0.6300
vn -0.6063 0.5433 0.5807
vn -0.5816 0.5004 0.6414
vn -0.7910 0.0390 0.6106
vn -0.7788 0.1679 0.6044
vn -0.7049 0.5889 0.3954
vn -0.8297 0.0377 0.5569
vn -0.8181 0.1692 0.5496
vn -0.6326 0.5509 0.5444
vn -0.6114 0.7475 -0.2598
vn -0.3799 0.8760 0.2972
vn 0.0805 0.9950 -0.0593
vn 0.0530 0.7944 0.6051
vn -0.1764 0.4544 -0.8732
vn -0.4176 0.8017 -0.4277
vn 0.9397 0.0043 -0.3420
vn 0.8792 0.3558 -0.3168
vn 0.9035 0.3560 -0.2386
vn 0.9660 0.0043 -0.2585
vn 0.9208 0.3560 -0.1593
vn 0.9848 0.0043 -0.1736
vn 0.9315 0.3551 -0.0788
vn 0.9138 0.4061 0.0013
vn 1.0000 0.0043 -0.0000
vn 0.9962 0.0043 -0.0875
vn 0.7660 0.0043 -0.6428
vn 0.7178 0.3560 -0.5983
vn 0.7674 0.3560 -0.5333
vn 0.8193 0.0043 -0.5733
vn 0.8108 0.3560 -0.4646
vn 0.8660 0.0043 -0.5000
vn 0.9062 0.0043 -0.4229
vn 0.8481 0.3559 -0.3925
vn 0.5000 0.0043 -0.8660
vn 0.4699 0.3559 -0.8078
vn 0.5388 0.3559 -0.7636
vn 0.5738 0.0043 -0.8190
vn 0.6030 0.3559 -0.7139
vn 0.6428 0.0043 -0.7660
vn 0.7069 0.0043 -0.7073
vn 0.6627 0.3560 -0.6588
vn 0.1736 0.0043 -0.9848
vn 0.1653 0.3558 -0.9198
vn 0.2451 0.3560 -0.9018
vn 0.2591 0.0043 -0.9658
vn 0.3225 0.3559 -0.8771
vn 0.3420 0.0043 -0.9397
vn 0.4223 0.0043 -0.9064
vn 0.3974 0.3560 -0.8458
vn -0.1736 0.0043 -0.9848
vn -0.1593 0.3558 -0.9209
vn -0.0781 0.3560 -0.9312
vn -0.0868 0.0043 -0.9962
vn 0.0030 0.3560 -0.9345
vn -0.0000 0.0043 -1.0000
vn 0.0868 0.0043 -0.9962
vn 0.0842 0.3560 -0.9307
vn -0.5000 0.0043 -0.8660
vn -0.4646 0.3559 -0.8108
vn -0.3919 0.3559 -0.8484
vn -0.4223 0.0043 -0.9064
vn -0.3168 0.3559 -0.8792
vn -0.3420 0.0043 -0.9397
vn -0.2591 0.0043 -0.9658
vn -0.2392 0.3560 -0.9034
vn -0.7660 0.0043 -0.6428
vn -0.7139 0.3560 -0.6030
vn -0.6584 0.3560 -0.6632
vn -0.7069 0.0043 -0.7073
vn -0.5983 0.3559 -0.7179
vn -0.6428 0.0043 -0.7660
vn -0.5738 0.0043 -0.8190
vn -0.5338 0.3560 -0.7671
vn -0.9397 0.0043 -0.3420
vn -0.8771 0.3560 -0.3225
vn -0.8455 0.3560 -0.3980
vn -0.9062 0.0043 -0.4229
vn -0.8078 0.3559 -0.4699
vn -0.8660 0.0043 -0.5000
vn -0.8193 0.0043 -0.5733
vn -0.7639 0.3559 -0.5383
vn -1.0000 0.0043 -0.0000
vn -0.9346 0.3557 -0.0031
vn -0.9307 0.3558 -0.0848
vn -0.9962 0.0043 -0.0875
vn -0.9198 0.3559 -0.1653
vn -0.9848 0.0043 -0.1736
vn -0.9660 0.0043 -0.2585
vn -0.9019 0.3560 -0.2445
vn -0.9397 0.0043 0.3420
vn -0.8791 0.3561 0.3167
vn -0.9035 0.3560 0.2386
vn -0.9660 0.0043 0.2585
vn -0.9208 0.3560 0.1593
vn -0.9848 0.0043 0.1736
vn -0.9962 0.0043 0.0875
vn -0.9312 0.3559 0.0787
vn -0.7660 0.0043 0.6428
vn -0.7178 0.3560 0.5983
vn -0.7674 0.3561 0.5332
vn -0.8193 0.0043 0.5733
vn -0.8108 0.3560 0.4646
vn -0.8660 0.0043 0.5000
vn -0.9062 0.0043 0.4229
vn -0.8481 0.3559 0.3925
vn -0.5000 0.0043 0.8660
vn -0.4699 0.3560 0.8077
vn -0.5387 0.3560 0.7635
vn -0.5738 0.0043 0.8190
vn -0.6030 0.3562 0.7138
vn -0.6428 0.0043 0.7660
vn -0.7069 0.0043 0.7073
vn -0.6627 0.3561 0.6588
vn -0.1736 0.0043 0.9848
vn -0.1653 0.3561 0.9197
vn -0.2451 0.3560 0.9018
vn -0.2591 0.0043 0.9658
vn -0.3225 0.3561 0.8770
vn -0.3420 0.0043 0.9397
vn -0.4223 0.0043 0.9064
vn -0.3974 0.3560 0.8458
vn 0.1736 0.0043 0.9848
vn 0.1593 0.3561 0.9208
vn 0.0781 0.3561 0.9312
vn 0.0868 0.0043 0.9962
vn -0.0031 0.3562 0.9344
vn -0.0000 0.0043 1.0000
vn -0.0868 0.0043 0.9962
vn -0.0842 0.3561 0.9306
vn 0.5000 0.0043 0.8660
vn 0.4646 0.3561 0.8108
vn 0.3919 0.3560 0.8483
vn 0.4223 0.0043 0.9064
vn 0.3167 0.3560 0.8792
vn 0.3420 0.0043 0.9397
vn 0.2591 0.0043 0.9658
vn 0.2392 0.3562 0.9033
vn 0.7660 0.0043 0.6428
vn 0.7139 0.3561 0.6030
vn 0.6584 0.3560 0.6632
vn 0.7069 0.0043 0.7073
vn 0.5983 0.3561 0.7178
vn 0.6428 0.0043 0.7660
vn 0.5738 0.0043 0.8190
vn 0.5338 0.3560 0.7670
vn 0.9397 0.0043 0.3420
vn 0.8770 0.3561 0.3225
vn 0.8455 0.3561 0.3980
vn 0.9062 0.0043 0.4229
vn 0.8077 0.3561 0.4699
vn 0.8660 0.0043 0.5000
vn 0.8193 0.0043 0.5733
vn 0.7640 0.3556 0.5384
vn 0.9307 0.3557 0.0849
vn 0.9962 0.0043 0.0875
vn 0.9198 0.3559 0.1653
vn 0.9848 0.0043 0.1736
vn 0.9660 0.0043 0.2585
vn 0.9020 0.3559 0.2445
vn 0.3926 0.9079 -0.1467
vn -0.3257 0.9378 0.1201
vn -0.3836 0.9173 0.1063
vn 0.4036 0.9081 -0.1118
vn -0.3916 0.9173 0.0720
vn 0.4118 0.9081 -0.0763
vn -0.3467 0.9375 0.0309
vn -0.3990 0.9169 0.0036
vn 0.3653 0.9309 -0.0015
vn 0.4178 0.9076 -0.0405
vn 0.3185 0.9081 -0.2720
vn -0.3027 0.9174 0.2584
vn -0.3244 0.9173 0.2310
vn 0.3410 0.9081 -0.2431
vn -0.3432 0.9173 0.2019
vn 0.3608 0.9081 -0.2125
vn 0.3780 0.9080 -0.1805
vn -0.3596 0.9173 0.1711
vn 0.2063 0.9080 -0.3646
vn -0.1962 0.9173 0.3465
vn -0.2258 0.9173 0.3280
vn 0.2374 0.9080 -0.3451
vn -0.2534 0.9173 0.3071
vn 0.2664 0.9081 -0.3231
vn 0.2934 0.9081 -0.2988
vn -0.2792 0.9173 0.2841
vn 0.0692 0.9080 -0.4132
vn -0.0659 0.9173 0.3927
vn -0.1000 0.9173 0.3854
vn 0.1050 0.9081 -0.4054
vn -0.1331 0.9173 0.3754
vn 0.1399 0.9081 -0.3948
vn 0.1736 0.9081 -0.3812
vn -0.1652 0.9173 0.3623
vn -0.0763 0.9080 -0.4120
vn 0.0724 0.9173 0.3915
vn 0.0379 0.9173 0.3963
vn -0.0400 0.9081 -0.4169
vn 0.0033 0.9173 0.3983
vn -0.0036 0.9081 -0.4188
vn 0.0327 0.9081 -0.4175
vn -0.0313 0.9173 0.3970
vn -0.2126 0.9080 -0.3609
vn 0.2016 0.9174 0.3430
vn 0.1712 0.9173 0.3595
vn -0.1802 0.9080 -0.3782
vn 0.1393 0.9173 0.3731
vn -0.1467 0.9081 -0.3923
vn -0.1120 0.9081 -0.4036
vn 0.1064 0.9173 0.3837
vn -0.3232 0.9080 -0.2665
vn 0.3071 0.9174 0.2533
vn 0.2838 0.9173 0.2793
vn -0.2986 0.9081 -0.2937
vn 0.2585 0.9173 0.3029
vn -0.2720 0.9081 -0.3185
vn -0.2433 0.9081 -0.3409
vn 0.2312 0.9173 0.3243
vn -0.3948 0.9080 -0.1399
vn 0.3752 0.9173 0.1331
vn 0.3622 0.9173 0.1654
vn -0.3810 0.9081 -0.1739
vn 0.3465 0.9173 0.1963
vn -0.3645 0.9081 -0.2063
vn -0.3453 0.9080 -0.2372
vn 0.3282 0.9173 0.2256
vn -0.4191 0.9079 0.0036
vn 0.3980 0.9174 -0.0033
vn 0.3969 0.9173 0.0315
vn -0.4177 0.9080 -0.0330
vn 0.3927 0.9173 0.0659
vn -0.4131 0.9081 -0.0691
vn -0.4055 0.9081 -0.1048
vn 0.3855 0.9173 0.0997
vn -0.3922 0.9081 0.1466
vn 0.3729 0.9173 -0.1393
vn 0.3838 0.9173 -0.1061
vn -0.4036 0.9081 0.1117
vn 0.3916 0.9173 -0.0724
vn -0.4118 0.9081 0.0763
vn -0.4170 0.9080 0.0402
vn 0.3964 0.9173 -0.0381
vn -0.3185 0.9081 0.2720
vn 0.3027 0.9174 -0.2583
vn 0.3243 0.9173 -0.2310
vn -0.3409 0.9081 0.2430
vn 0.3431 0.9173 -0.2019
vn -0.3608 0.9081 0.2125
vn -0.3780 0.9080 0.1804
vn 0.3593 0.9174 -0.1714
vn -0.2063 0.9081 0.3645
vn 0.1961 0.9174 -0.3463
vn 0.2257 0.9174 -0.3279
vn -0.2373 0.9081 0.3450
vn 0.2534 0.9173 -0.3071
vn -0.2663 0.9082 0.3230
vn -0.2934 0.9081 0.2987
vn 0.2791 0.9173 -0.2839
vn -0.0692 0.9081 0.4130
vn 0.0659 0.9174 -0.3925
vn 0.1000 0.9174 -0.3853
vn -0.1050 0.9081 0.4054
vn 0.1330 0.9174 -0.3751
vn -0.1398 0.9081 0.3946
vn -0.1735 0.9081 0.3811
vn 0.1651 0.9173 -0.3622
vn 0.0763 0.9081 0.4117
vn -0.0724 0.9174 -0.3913
vn -0.0379 0.9174 -0.3962
vn 0.0399 0.9081 0.4168
vn -0.0033 0.9173 -0.3981
vn 0.0036 0.9082 0.4185
vn -0.0327 0.9082 0.4173
vn 0.0313 0.9174 -0.3968
vn 0.2125 0.9081 0.3608
vn -0.2018 0.9174 -0.3430
vn -0.1710 0.9174 -0.3593
vn 0.1801 0.9081 0.3780
vn -0.1393 0.9173 -0.3730
vn 0.1466 0.9081 0.3923
vn 0.1120 0.9082 0.4033
vn -0.1064 0.9173 -0.3837
vn 0.3231 0.9081 0.2664
vn -0.3070 0.9174 -0.2533
vn -0.2838 0.9173 -0.2793
vn 0.2986 0.9081 0.2937
vn -0.2584 0.9174 -0.3028
vn 0.2719 0.9081 0.3184
vn 0.2433 0.9081 0.3408
vn -0.2312 0.9173 -0.3241
vn 0.3947 0.9081 0.1398
vn -0.3752 0.9173 -0.1330
vn -0.3621 0.9173 -0.1653
vn 0.3809 0.9081 0.1738
vn -0.3465 0.9173 -0.1962
vn 0.3644 0.9081 0.2063
vn 0.3451 0.9081 0.2371
vn -0.3280 0.9174 -0.2254
vn -0.3969 0.9173 -0.0315
vn 0.4175 0.9081 0.0335
vn -0.3927 0.9173 -0.0659
vn 0.4131 0.9080 0.0692
vn 0.4056 0.9080 0.1048
vn -0.3856 0.9172 -0.0998
vn -0.9322 0.3618 -0.0030
vn -0.9306 0.3661 -0.0033
vn -0.9040 0.4202 0.0788
vn -0.9289 0.3619 0.0786
vn -0.9168 0.3666 0.1581
vn -0.9187 0.3617 0.1588
vn -0.8995 0.3669 0.2372
vn -0.8530 0.4206 0.3089
vn -0.8771 0.3616 0.3161
vn -0.8805 0.4122 0.2343
vn -0.8750 0.3618 -0.3216
vn -0.8730 0.3669 -0.3213
vn -0.8978 0.3667 -0.2437
vn -0.8998 0.3619 -0.2439
vn -0.9156 0.3669 -0.1648
vn -0.9175 0.3620 -0.1648
vn -0.9284 0.3619 -0.0845
vn -0.9264 0.3669 -0.0847
vn -0.7123 0.3617 -0.6015
vn -0.7104 0.3670 -0.6005
vn -0.7603 0.3671 -0.5360
vn -0.7621 0.3617 -0.5369
vn -0.8039 0.3669 -0.4680
vn -0.8058 0.3618 -0.4687
vn -0.8436 0.3617 -0.3969
vn -0.8415 0.3670 -0.3964
vn -0.4636 0.3616 -0.8089
vn -0.4622 0.3670 -0.8072
vn -0.5311 0.3670 -0.7637
vn -0.5325 0.3618 -0.7652
vn -0.5954 0.3670 -0.7147
vn -0.5969 0.3618 -0.7161
vn -0.6569 0.3619 -0.6615
vn -0.6553 0.3669 -0.6603
vn -0.1590 0.3618 -0.9186
vn -0.1583 0.3670 -0.9166
vn -0.2379 0.3669 -0.8993
vn -0.2387 0.3618 -0.9012
vn -0.3150 0.3670 -0.8753
vn -0.3160 0.3618 -0.8771
vn -0.3910 0.3618 -0.8463
vn -0.3898 0.3672 -0.8445
vn 0.1648 0.3618 -0.9176
vn 0.1648 0.3671 -0.9155
vn 0.0840 0.3670 -0.9264
vn 0.0839 0.3617 -0.9285
vn 0.0033 0.3670 -0.9302
vn 0.0030 0.3619 -0.9322
vn -0.0780 0.3618 -0.9290
vn -0.0775 0.3671 -0.9269
vn 0.4687 0.3616 -0.8059
vn 0.4679 0.3671 -0.8039
vn 0.3958 0.3670 -0.8418
vn 0.3965 0.3617 -0.8438
vn 0.3213 0.3671 -0.8729
vn 0.3217 0.3618 -0.8750
vn 0.2444 0.3618 -0.8996
vn 0.2443 0.3670 -0.8976
vn 0.7160 0.3618 -0.5970
vn 0.7147 0.3671 -0.5954
vn 0.6599 0.3669 -0.6556
vn 0.6611 0.3619 -0.6573
vn 0.6005 0.3670 -0.7105
vn 0.6208 0.2121 -0.7547
vn 0.5374 0.3619 -0.7618
vn 0.5365 0.3670 -0.7599
vn 0.8771 0.3617 -0.3161
vn 0.8753 0.3669 -0.3150
vn 0.8443 0.3670 -0.3904
vn 0.8461 0.3618 -0.3916
vn 0.8073 0.3670 -0.4622
vn 0.8088 0.3618 -0.4635
vn 0.7655 0.3618 -0.5321
vn 0.7641 0.3669 -0.5306
vn 0.9323 0.3618 0.0029
vn 0.9302 0.3670 0.0033
vn 0.9270 0.3668 -0.0781
vn 0.9289 0.3619 -0.0786
vn 0.9167 0.3668 -0.1583
vn 0.9185 0.3620 -0.1589
vn 0.9013 0.3619 -0.2381
vn 0.8995 0.3669 -0.2373
vn 0.8751 0.3617 0.3216
vn 0.8730 0.3669 0.3213
vn 0.8978 0.3668 0.2436
vn 0.8998 0.3618 0.2439
vn 0.9155 0.3669 0.1648
vn 0.9176 0.3618 0.1649
vn 0.9284 0.3618 0.0845
vn 0.9264 0.3670 0.0847
vn 0.7123 0.3618 0.6015
vn 0.7105 0.3670 0.6005
vn 0.7603 0.3668 0.5360
vn 0.7621 0.3618 0.5369
vn 0.8040 0.3668 0.4680
vn 0.8058 0.3619 0.4687
vn 0.8435 0.3619 0.3970
vn 0.8416 0.3669 0.3964
vn 0.4636 0.3617 0.8088
vn 0.4623 0.3669 0.8073
vn 0.5311 0.3668 0.7638
vn 0.5325 0.3618 0.7652
vn 0.5954 0.3669 0.7147
vn 0.5969 0.3619 0.7161
vn 0.6568 0.3619 0.6615
vn 0.6553 0.3669 0.6603
vn 0.1590 0.3617 0.9186
vn 0.1583 0.3669 0.9167
vn 0.2379 0.3669 0.8993
vn 0.2387 0.3619 0.9012
vn 0.3151 0.3668 0.8753
vn 0.3160 0.3619 0.8770
vn 0.3910 0.3619 0.8463
vn 0.3899 0.3668 0.8446
vn -0.1648 0.3619 0.9175
vn -0.1648 0.3675 0.9153
vn -0.0841 0.3669 0.9265
vn -0.0839 0.3618 0.9285
vn -0.0033 0.3668 0.9303
vn -0.0030 0.3619 0.9322
vn 0.0780 0.3618 0.9290
vn 0.0775 0.3669 0.9270
vn -0.4687 0.3618 0.8059
vn -0.4680 0.3669 0.8040
vn -0.3959 0.3669 0.8418
vn -0.3964 0.3618 0.8438
vn -0.3213 0.3668 0.8730
vn -0.3217 0.3619 0.8750
vn -0.2444 0.3619 0.8996
vn -0.2443 0.3669 0.8976
vn -0.7161 0.3618 0.5970
vn -0.7147 0.3670 0.5954
vn -0.6599 0.3668 0.6557
vn -0.6611 0.3619 0.6573
vn -0.6005 0.3669 0.7105
vn -0.6015 0.3619 0.7122
vn -0.5374 0.3619 0.7617
vn -0.5366 0.3668 0.7600
vn -0.8446 0.3666 0.3903
vn -0.8461 0.3618 0.3915
vn -0.8073 0.3669 0.4622
vn -0.8088 0.3619 0.4635
vn -0.7655 0.3619 0.5320
vn -0.7641 0.3668 0.5306
vn -0.6438 0.7449 0.1750
vn -0.6996 0.6648 0.2619
vn -0.7342 0.6653 0.1354
vn -0.7439 0.6644 0.0718
vn -0.7473 0.6645 0.0063
vn -0.7448 0.6647 -0.0591
vn -0.7369 0.6646 -0.1234
vn -0.7235 0.6645 -0.1870
vn -0.7043 0.6645 -0.2496
vn -0.6799 0.6644 -0.3104
vn -0.6504 0.6644 -0.3682
vn -0.6161 0.6643 -0.4233
vn -0.5768 0.6645 -0.4752
vn -0.5326 0.6646 -0.5241
vn -0.4853 0.6643 -0.5685
vn -0.4342 0.6643 -0.6084
vn -0.3792 0.6643 -0.6442
vn -0.3213 0.6644 -0.6748
vn -0.2617 0.6643 -0.7002
vn -0.1999 0.6644 -0.7202
vn -0.1360 0.6645 -0.7348
vn -0.0712 0.6644 -0.7440
vn -0.0064 0.6644 -0.7473
vn 0.0585 0.6642 -0.7452
vn 0.1236 0.6645 -0.7370
vn 0.1876 0.6644 -0.7234
vn 0.2496 0.6643 -0.7045
vn 0.3099 0.6642 -0.6803
vn 0.3683 0.6643 -0.6505
vn 0.4233 0.6647 -0.6156
vn 0.4585 0.6581 -0.5973
vn 0.5238 0.6644 -0.5330
vn 0.5680 0.6647 -0.4854
vn 0.6087 0.6644 -0.4337
vn 0.6441 0.6643 -0.3794
vn 0.6746 0.6643 -0.3220
vn 0.7002 0.6643 -0.2615
vn 0.7201 0.6646 -0.1993
vn 0.7347 0.6646 -0.1361
vn 0.7438 0.6646 -0.0718
vn 0.7472 0.6646 -0.0063
vn 0.7450 0.6645 0.0591
vn 0.7372 0.6643 0.1235
vn 0.7237 0.6643 0.1870
vn 0.7045 0.6643 0.2497
vn 0.6797 0.6647 0.3103
vn 0.6504 0.6645 0.3680
vn 0.6161 0.6643 0.4232
vn 0.5767 0.6646 0.4751
vn 0.5326 0.6646 0.5241
vn 0.4852 0.6645 0.5683
vn 0.4342 0.6643 0.6084
vn 0.3794 0.6645 0.6438
vn 0.3213 0.6646 0.6746
vn 0.2616 0.6645 0.7000
vn 0.1999 0.6645 0.7201
vn 0.1360 0.6644 0.7349
vn 0.0712 0.6644 0.7440
vn 0.0064 0.6646 0.7472
vn -0.0585 0.6644 0.7451
vn -0.1235 0.6647 0.7369
vn -0.1875 0.6645 0.7233
vn -0.2495 0.6645 0.7044
vn -0.3098 0.6644 0.6801
vn -0.3682 0.6645 0.6502
vn -0.4236 0.6646 0.6156
vn -0.4751 0.6647 0.5766
vn -0.5236 0.6645 0.5332
vn -0.5684 0.6645 0.4851
vn -0.6086 0.6646 0.4336
vn -0.6439 0.6645 0.3792
vn -0.6745 0.6644 0.3218
vt 0.166144 0.149613
vt 0.142894 0.149661
vt 0.142806 0.125676
vt 0.165843 0.125030
vt 0.168564 0.125508
vt 0.168595 0.120847
vt 0.173643 0.095622
vt 0.178699 0.100927
vt 0.185374 0.105459
vt 0.189389 0.129028
vt 0.191647 0.108035
vt 0.197649 0.109251
vt 0.205675 0.109192
vt 0.214907 0.129212
vt 0.214686 0.106883
vt 0.234833 0.125552
vt 0.221851 0.103027
vt 0.667214 0.341790
vt 0.669829 0.355750
vt 0.667470 0.355750
vt 0.672867 0.355750
vt 0.671914 0.341790
vt 0.676879 0.341790
vt 0.677579 0.355750
vt 0.662376 0.341790
vt 0.664784 0.355750
vt 0.660930 0.355750
vt 0.657554 0.341790
vt 0.657145 0.355750
vt 0.653367 0.355750
vt 0.653194 0.341790
vt 0.648363 0.355750
vt 0.648249 0.341790
vt 0.579401 0.355750
vt 0.577961 0.341790
vt 0.582681 0.341790
vt 0.583926 0.355750
vt 0.586513 0.341790
vt 0.574246 0.355750
vt 0.572786 0.341790
vt 0.570373 0.355750
vt 0.567340 0.341790
vt 0.563984 0.355750
vt 0.562819 0.341790
vt 0.566959 0.355750
vt 0.642911 0.341790
vt 0.644419 0.355750
vt 0.640702 0.355750
vt 0.638234 0.341790
vt 0.635397 0.355750
vt 0.632648 0.341790
vt 0.630486 0.355750
vt 0.628004 0.341790
vt 0.625230 0.355750
vt 0.622501 0.341790
vt 0.621518 0.355750
vt 0.617804 0.355750
vt 0.617715 0.341790
vt 0.612383 0.341790
vt 0.613891 0.355750
vt 0.610712 0.355750
vt 0.604465 0.355750
vt 0.604945 0.341790
vt 0.608107 0.341790
vt 0.607537 0.355750
vt 0.601137 0.341790
vt 0.599836 0.355750
vt 0.595958 0.341790
vt 0.596108 0.355750
vt 0.591003 0.341790
vt 0.593055 0.355750
vt 0.588438 0.355750
vt 0.561432 0.355750
vt 0.552745 0.355750
vt 0.555271 0.341790
vt 0.552703 0.341790
vt 0.167570 0.066732
vt 0.166735 0.075757
vt 0.147342 0.063392
vt 0.146382 0.082896
vt 0.918632 0.340291
vt 0.906874 0.340300
vt 0.901734 0.321988
vt 0.920722 0.321985
vt 0.778467 0.321982
vt 0.777870 0.340292
vt 0.172714 0.055252
vt 0.169380 0.061195
vt 0.154318 0.045007
vt 0.167826 0.083823
vt 0.151457 0.099136
vt 0.170151 0.089928
vt 0.177817 0.049375
vt 0.168946 0.028237
vt 0.655163 0.361914
vt 0.655645 0.369109
vt 0.652984 0.369122
vt 0.650486 0.361914
vt 0.655658 0.375350
vt 0.653006 0.375354
vt 0.649685 0.377116
vt 0.650150 0.371734
vt 0.648460 0.371817
vt 0.648004 0.377122
vt 0.647308 0.361914
vt 0.658940 0.361914
vt 0.659082 0.371756
vt 0.659084 0.375822
vt 0.662153 0.361914
vt 0.662281 0.369102
vt 0.662291 0.375356
vt 0.665185 0.361914
vt 0.664765 0.371236
vt 0.665381 0.375599
vt 0.669724 0.361914
vt 0.668845 0.371772
vt 0.671197 0.371048
vt 0.669929 0.375499
vt 0.672821 0.361914
vt 0.672671 0.371750
vt 0.674290 0.374382
vt 0.672249 0.377118
vt 0.676517 0.361914
vt 0.676656 0.369108
vt 0.676676 0.375353
vt 0.679724 0.361914
vt 0.679865 0.369111
vt 0.679884 0.375355
vt 0.682933 0.361914
vt 0.683069 0.369099
vt 0.683091 0.375353
vt 0.685773 0.361914
vt 0.685473 0.371611
vt 0.685899 0.375822
vt 0.687672 0.371699
vt 0.688615 0.361914
vt 0.690432 0.369114
vt 0.688832 0.375563
vt 0.691964 0.361914
vt 0.693750 0.369112
vt 0.692104 0.375356
vt 0.695318 0.361914
vt 0.696326 0.369116
vt 0.696408 0.375305
vt 0.694586 0.375357
vt 0.698829 0.361914
vt 0.698972 0.369114
vt 0.700073 0.375322
vt 0.698256 0.375328
vt 0.702589 0.361915
vt 0.702743 0.369116
vt 0.703856 0.375311
vt 0.701947 0.375316
vt 0.706475 0.361915
vt 0.706635 0.369117
vt 0.707803 0.375302
vt 0.705802 0.375308
vt 0.710551 0.361914
vt 0.710719 0.369120
vt 0.711954 0.375296
vt 0.709849 0.375300
vt 0.714855 0.361913
vt 0.715026 0.369100
vt 0.716325 0.375285
vt 0.714113 0.375291
vt 0.719371 0.361913
vt 0.718363 0.369104
vt 0.720358 0.371829
vt 0.720641 0.377120
vt 0.718347 0.377120
vt 0.723848 0.361913
vt 0.722916 0.369114
vt 0.725186 0.369096
vt 0.725181 0.375352
vt 0.722910 0.375355
vt 0.728281 0.361914
vt 0.728431 0.369090
vt 0.729497 0.375355
vt 0.727402 0.375352
vt 0.731350 0.361920
vt 0.732705 0.361919
vt 0.732725 0.369106
vt 0.732744 0.375358
vt 0.731446 0.375356
vt 0.423998 0.361908
vt 0.424550 0.369089
vt 0.422721 0.369090
vt 0.426632 0.369050
vt 0.428753 0.361913
vt 0.426637 0.375344
vt 0.424543 0.375349
vt 0.422698 0.375346
vt 0.430030 0.369059
vt 0.433943 0.361914
vt 0.431203 0.375351
vt 0.428872 0.375346
vt 0.434722 0.369080
vt 0.435907 0.375351
vt 0.433568 0.375352
vt 0.439160 0.361915
vt 0.439316 0.369098
vt 0.440434 0.375353
vt 0.438199 0.375355
vt 0.443536 0.361915
vt 0.443688 0.369089
vt 0.444725 0.375351
vt 0.442613 0.375351
vt 0.447576 0.361915
vt 0.447710 0.369105
vt 0.447713 0.375353
vt 0.451774 0.361915
vt 0.451915 0.369113
vt 0.452773 0.375359
vt 0.450837 0.375360
vt 0.628044 0.369108
vt 0.627888 0.361914
vt 0.630810 0.361914
vt 0.630918 0.371728
vt 0.630917 0.375822
vt 0.628830 0.375356
vt 0.634481 0.361914
vt 0.634122 0.371005
vt 0.634723 0.375510
vt 0.637064 0.361914
vt 0.637148 0.369095
vt 0.637136 0.375352
vt 0.640502 0.361914
vt 0.640606 0.371758
vt 0.642921 0.361914
vt 0.643408 0.371032
vt 0.640600 0.377120
vt 0.642297 0.375346
vt 0.646264 0.371596
vt 0.645130 0.375822
vt 0.521915 0.361914
vt 0.524891 0.371759
vt 0.521834 0.371759
vt 0.522807 0.375822
vt 0.520772 0.377122
vt 0.526353 0.361914
vt 0.527031 0.369118
vt 0.526501 0.375513
vt 0.529686 0.361914
vt 0.528778 0.371744
vt 0.531801 0.371765
vt 0.530900 0.377122
vt 0.528754 0.377117
vt 0.533862 0.361914
vt 0.533963 0.370841
vt 0.532856 0.377119
vt 0.536215 0.361915
vt 0.535490 0.375355
vt 0.538452 0.361914
vt 0.537823 0.371755
vt 0.540123 0.371753
vt 0.538555 0.375822
vt 0.541580 0.361913
vt 0.543007 0.371017
vt 0.541700 0.375821
vt 0.544589 0.361914
vt 0.545823 0.369118
vt 0.547129 0.361914
vt 0.545823 0.375358
vt 0.544225 0.375356
vt 0.547732 0.371749
vt 0.550806 0.361914
vt 0.549988 0.371757
vt 0.550996 0.375545
vt 0.547735 0.377117
vt 0.552644 0.369109
vt 0.554274 0.361914
vt 0.553451 0.375359
vt 0.555238 0.369100
vt 0.557672 0.361914
vt 0.557796 0.369100
vt 0.556972 0.375350
vt 0.555234 0.375358
vt 0.561464 0.361914
vt 0.561601 0.369106
vt 0.561608 0.375355
vt 0.558780 0.375348
vt 0.565176 0.361914
vt 0.565308 0.369106
vt 0.564321 0.375355
vt 0.568621 0.361914
vt 0.567905 0.369122
vt 0.567902 0.375354
vt 0.566130 0.375356
vt 0.457386 0.369116
vt 0.457398 0.375354
vt 0.454624 0.375354
vt 0.454630 0.369121
vt 0.455363 0.361915
vt 0.459074 0.361915
vt 0.460133 0.371765
vt 0.461195 0.375551
vt 0.462734 0.361915
vt 0.462873 0.369112
vt 0.463651 0.375356
vt 0.466135 0.361913
vt 0.465318 0.371593
vt 0.467798 0.370742
vt 0.466150 0.375821
vt 0.469278 0.361914
vt 0.471297 0.371761
vt 0.471241 0.375822
vt 0.468608 0.375355
vt 0.472400 0.361914
vt 0.474410 0.371043
vt 0.474920 0.361914
vt 0.473545 0.375357
vt 0.475863 0.371753
vt 0.478222 0.361914
vt 0.478337 0.371757
vt 0.478318 0.375822
vt 0.475394 0.377118
vt 0.481393 0.361914
vt 0.480641 0.371756
vt 0.481550 0.375547
vt 0.483044 0.371074
vt 0.483933 0.361914
vt 0.483988 0.375822
vt 0.485033 0.371751
vt 0.486962 0.361914
vt 0.487038 0.375822
vt 0.488162 0.370964
vt 0.489800 0.361914
vt 0.489206 0.375365
vt 0.490971 0.371758
vt 0.493027 0.361914
vt 0.494117 0.371770
vt 0.494542 0.375822
vt 0.490203 0.376901
vt 0.496194 0.361914
vt 0.496259 0.370803
vt 0.498595 0.361914
vt 0.497749 0.375357
vt 0.500773 0.361914
vt 0.500865 0.371758
vt 0.500820 0.375822
vt 0.503853 0.361914
vt 0.503420 0.371755
vt 0.505016 0.369114
vt 0.506297 0.361914
vt 0.504420 0.375521
vt 0.506830 0.371754
vt 0.509743 0.361914
vt 0.509856 0.371761
vt 0.509824 0.375822
vt 0.506792 0.377118
vt 0.512907 0.361914
vt 0.512534 0.371085
vt 0.513053 0.375546
vt 0.515530 0.361914
vt 0.515237 0.371746
vt 0.515571 0.377119
vt 0.517565 0.371761
vt 0.518424 0.361914
vt 0.518474 0.375822
vt 0.520026 0.371768
vt 0.236678 0.149358
vt 0.773255 0.341790
vt 0.797144 0.341790
vt 0.772057 0.355750
vt 0.762853 0.341790
vt 0.762676 0.355750
vt 0.907742 0.355750
vt 0.894825 0.355750
vt 0.890471 0.341790
vt 0.907833 0.341790
vt 0.237472 0.024739
vt 0.234654 0.024242
vt 0.237333 0.000274
vt 0.257440 0.024097
vt 0.257558 0.000251
vt 0.206604 0.020218
vt 0.945345 0.341790
vt 0.968421 0.341790
vt 0.964932 0.355750
vt 0.945135 0.355750
vt 0.657751 0.340295
vt 0.656065 0.321988
vt 0.661665 0.321988
vt 0.661530 0.340295
vt 0.665651 0.321988
vt 0.665447 0.340295
vt 0.618379 0.340295
vt 0.613691 0.321988
vt 0.619533 0.321988
vt 0.621933 0.340295
vt 0.628129 0.321988
vt 0.628030 0.340295
vt 0.624693 0.340295
vt 0.623928 0.321988
vt 0.610834 0.321988
vt 0.612662 0.340295
vt 0.609855 0.340294
vt 0.607195 0.340294
vt 0.601065 0.321988
vt 0.608057 0.321988
vt 0.599091 0.340294
vt 0.595701 0.321988
vt 0.594818 0.340294
vt 0.585306 0.340294
vt 0.581182 0.321988
vt 0.586631 0.321988
vt 0.589562 0.340294
vt 0.676105 0.321988
vt 0.676987 0.340294
vt 0.673345 0.340294
vt 0.684119 0.321987
vt 0.682576 0.340293
vt 0.672274 0.321988
vt 0.591561 0.321988
vt 0.592284 0.340294
vt 0.579984 0.340294
vt 0.575725 0.321988
vt 0.573265 0.340294
vt 0.570294 0.321988
vt 0.575958 0.340294
vt 0.566626 0.340293
vt 0.565829 0.321986
vt 0.569864 0.340294
vt 0.561047 0.321983
vt 0.563981 0.340292
vt 0.560578 0.340289
vt 0.551031 0.340327
vt 0.551697 0.321990
vt 0.235880 0.080105
vt 0.255596 0.064601
vt 0.252343 0.095475
vt 0.236257 0.072237
vt 0.235385 0.066529
vt 0.233347 0.060550
vt 0.245591 0.040311
vt 0.228959 0.053446
vt 0.223637 0.047946
vt 0.235293 0.029952
vt 0.233741 0.121702
vt 0.218007 0.044209
vt 0.211263 0.041367
vt 0.204197 0.040067
vt 0.165421 0.000435
vt 0.182456 0.021474
vt 0.197241 0.040212
vt 0.190190 0.041972
vt 0.725225 0.355750
vt 0.702975 0.355750
vt 0.702743 0.341790
vt 0.725217 0.341790
vt 0.143699 0.000501
vt 0.162668 0.024729
vt 0.143492 0.024354
vt 0.167629 0.024270
vt 0.726552 0.321971
vt 0.735947 0.321961
vt 0.735860 0.340239
vt 0.726544 0.340278
vt 0.711909 0.340293
vt 0.711667 0.321986
vt 0.240063 0.124827
vt 0.252647 0.124731
vt 0.251576 0.149304
vt 0.570604 0.369112
vt 0.572368 0.361914
vt 0.571559 0.375353
vt 0.569718 0.375353
vt 0.574293 0.370931
vt 0.575469 0.361915
vt 0.575578 0.377117
vt 0.573369 0.375355
vt 0.576043 0.371745
vt 0.578678 0.361915
vt 0.578820 0.369108
vt 0.577843 0.375356
vt 0.581422 0.361917
vt 0.581502 0.375360
vt 0.579692 0.375358
vt 0.584057 0.361915
vt 0.583300 0.369116
vt 0.585129 0.369119
vt 0.585120 0.375356
vt 0.583294 0.375355
vt 0.587541 0.361915
vt 0.588270 0.371129
vt 0.589988 0.375514
vt 0.586898 0.375352
vt 0.591575 0.361914
vt 0.590651 0.369121
vt 0.592411 0.369111
vt 0.592402 0.375364
vt 0.594417 0.361914
vt 0.594526 0.371733
vt 0.594518 0.375822
vt 0.598714 0.361914
vt 0.597762 0.371774
vt 0.599425 0.369121
vt 0.597758 0.377123
vt 0.599425 0.375367
vt 0.600877 0.361915
vt 0.601252 0.371746
vt 0.605034 0.361915
vt 0.604922 0.371776
vt 0.603825 0.377123
vt 0.601248 0.377118
vt 0.959514 0.321964
vt 0.979911 0.322000
vt 0.977168 0.340341
vt 0.956007 0.340275
vt 0.686008 0.355750
vt 0.685423 0.341790
vt 0.688947 0.341790
vt 0.689828 0.355750
vt 0.693164 0.355750
vt 0.691945 0.341790
vt 0.697795 0.355750
vt 0.695405 0.341790
vt 0.698018 0.341790
vt 0.183236 0.045220
vt 0.687719 0.340292
vt 0.654401 0.340295
vt 0.651120 0.321988
vt 0.648608 0.340295
vt 0.646275 0.321988
vt 0.651281 0.340295
vt 0.645194 0.340294
vt 0.640598 0.321988
vt 0.637768 0.321988
vt 0.639563 0.340295
vt 0.636770 0.340295
vt 0.634158 0.340295
vt 0.635041 0.321988
vt 0.691182 0.340291
vt 0.689232 0.321984
vt 0.692217 0.321982
vt 0.693497 0.340292
vt 0.695648 0.340295
vt 0.695438 0.321983
vt 0.698032 0.340305
vt 0.698369 0.322002
vt 0.226904 0.098664
vt 0.231052 0.093200
vt 0.234066 0.087195
vt 0.607024 0.370730
vt 0.605889 0.377122
vt 0.608271 0.361914
vt 0.609354 0.371732
vt 0.608331 0.375526
vt 0.611716 0.361913
vt 0.611819 0.369120
vt 0.611735 0.375354
vt 0.614823 0.361912
vt 0.614927 0.371764
vt 0.617099 0.361913
vt 0.617222 0.369069
vt 0.614912 0.377119
vt 0.616640 0.375339
vt 0.621800 0.361914
vt 0.621956 0.369125
vt 0.621896 0.375336
vt 0.618158 0.375346
vt 0.624690 0.361914
vt 0.624822 0.369112
vt 0.624839 0.375356
vt 0.627229 0.375357
vt 0.698011 0.355750
vt 0.702875 0.340314
vt 0.700837 0.321996
vt 0.703065 0.322021
vt 0.700900 0.340309
vt 0.144060 0.149921
vt 0.141800 0.149812
vt 0.141599 0.149657
vt 0.141725 0.149631
vt 0.141486 0.125697
vt 0.141377 0.125243
vt 0.141524 0.125043
vt 0.141558 0.125168
vt 0.142201 0.125111
vt 0.146192 0.124935
vt 0.552081 0.355750
vt 0.552112 0.341790
vt 0.166635 0.124493
vt 0.166221 0.123985
vt 0.166502 0.124092
vt 0.167041 0.124687
vt 0.552745 0.360857
vt 0.552121 0.360857
vt 0.166604 0.124647
vt 0.922235 0.321985
vt 0.922826 0.340272
vt 0.922205 0.340273
vt 0.921305 0.340283
vt 0.922857 0.340654
vt 0.922156 0.340656
vt 0.918912 0.340690
vt 0.260244 0.149373
vt 0.251331 0.149549
vt 0.251388 0.149443
vt 0.766838 0.340251
vt 0.777785 0.340697
vt 0.766878 0.340634
vt 0.766272 0.321969
vt 0.766146 0.340254
vt 0.766135 0.340636
vt 0.260403 0.149208
vt 0.260197 0.124951
vt 0.260331 0.124923
vt 0.736730 0.340243
vt 0.736746 0.340624
vt 0.761127 0.355750
vt 0.761181 0.341790
vt 0.762724 0.360857
vt 0.761181 0.360857
vt 0.748462 0.360857
vt 0.911091 0.341790
vt 0.912292 0.355750
vt 0.910820 0.355750
vt 0.259748 0.000123
vt 0.259723 0.000261
vt 0.257742 0.000031
vt 0.911091 0.360857
vt 0.907782 0.360857
vt 0.943175 0.341790
vt 0.943672 0.355750
vt 0.943097 0.355750
vt 0.927256 0.355750
vt 0.927256 0.341790
vt 0.259788 0.024487
vt 0.260012 0.024066
vt 0.259939 0.024572
vt 0.943180 0.360857
vt 0.927256 0.360857
vt 0.259901 0.000290
vt 0.912346 0.360857
vt 0.912346 0.341790
vt 0.259777 0.024727
vt 0.257550 0.024663
vt 0.943726 0.341790
vt 0.257849 0.024832
vt 0.945188 0.360857
vt 0.943726 0.360857
vt 0.972447 0.341790
vt 0.972641 0.355750
vt 0.972395 0.355750
vt 0.971226 0.355750
vt 0.972641 0.360857
vt 0.972395 0.360857
vt 0.971247 0.360857
vt 0.238487 0.024854
vt 0.241305 0.024946
vt 0.237337 0.025039
vt 0.964715 0.360857
vt 0.550335 0.340323
vt 0.550616 0.321986
vt 0.236842 0.025266
vt 0.237178 0.025708
vt 0.236902 0.025605
vt 0.236456 0.025074
vt 0.550791 0.340737
vt 0.550057 0.340694
vt 0.236876 0.025109
vt 0.730228 0.341790
vt 0.749690 0.341790
vt 0.745672 0.355750
vt 0.730228 0.355750
vt 0.141102 0.000532
vt 0.141238 0.000554
vt 0.141250 0.024332
vt 0.141090 0.024334
vt 0.730228 0.360857
vt 0.141289 0.024818
vt 0.141165 0.024851
vt 0.729729 0.360857
vt 0.729725 0.355750
vt 0.728738 0.341790
vt 0.728374 0.355750
vt 0.143451 0.024891
vt 0.143519 0.025092
vt 0.141329 0.024994
vt 0.728374 0.360857
vt 0.725089 0.360857
vt 0.699018 0.355750
vt 0.698980 0.341790
vt 0.161537 0.025086
vt 0.165617 0.025131
vt 0.165248 0.025226
vt 0.702738 0.360857
vt 0.698990 0.360857
vt 0.698557 0.360857
vt 0.698239 0.360857
vt 0.698538 0.355750
vt 0.165800 0.025300
vt 0.141271 0.000377
vt 0.143356 0.000279
vt 0.706061 0.340306
vt 0.706104 0.322007
vt 0.711382 0.340695
vt 0.705837 0.340707
vt 0.237212 0.124536
vt 0.236557 0.124486
vt 0.236726 0.124429
vt 0.704590 0.340715
vt 0.704651 0.340317
vt 0.735855 0.340623
vt 0.252693 0.124652
vt 0.260163 0.124773
vt 0.726539 0.340682
vt 0.260228 0.149210
vt 0.952504 0.321984
vt 0.952935 0.340262
vt 0.952430 0.340269
vt 0.951702 0.340280
vt 0.951734 0.321987
vt 0.952943 0.340642
vt 0.952371 0.340652
vt 0.982493 0.321996
vt 0.982684 0.340331
vt 0.982620 0.340342
vt 0.982000 0.340357
vt 0.982928 0.340688
vt 0.982872 0.340713
vt 0.982256 0.340751
vt 0.162654 0.124911
vt 0.161756 0.124810
vt 0.166117 0.124724
vt 0.977235 0.340747
vt 0.953996 0.321971
vt 0.953739 0.340268
vt 0.142171 0.124965
vt 0.146129 0.124898
vt 0.958737 0.340685
vt 0.953893 0.340663
vt 0.236947 0.123853
vt 0.236314 0.124466
vt 0.237069 0.123636
vt 0.699134 0.340301
vt 0.699067 0.340696
vt 0.698078 0.340710
vt 0.698375 0.341790
vt 0.698260 0.355750
vt 0.165884 0.025487
vt 0.166095 0.025562
vt 0.165894 0.025734
vt 0.698027 0.360857
vt 0.704615 0.322018
vt 0.703572 0.340306
vt 0.236239 0.124363
vt 0.236487 0.124173
vt 0.702816 0.340728
vt 0.701004 0.340714
vt 0.152941 0.149798
vt 0.168755 0.084676
vt 0.168637 0.084765
vt 0.168018 0.082189
vt 0.143147 0.089624
vt 0.143030 0.089730
vt 0.142202 0.085460
vt 0.142944 0.085408
vt 0.173325 0.094316
vt 0.173744 0.094679
vt 0.175132 0.096572
vt 0.159073 0.114798
vt 0.150275 0.102290
vt 0.154002 0.110901
vt 0.157201 0.115671
vt 0.157151 0.115822
vt 0.154420 0.112468
vt 0.177393 0.098865
vt 0.177330 0.098998
vt 0.159040 0.116750
vt 0.159770 0.118204
vt 0.159728 0.118354
vt 0.166312 0.122864
vt 0.180107 0.101419
vt 0.165942 0.123401
vt 0.181616 0.102464
vt 0.182565 0.103254
vt 0.183507 0.103705
vt 0.167813 0.124753
vt 0.167372 0.124527
vt 0.186785 0.105644
vt 0.185682 0.104960
vt 0.187857 0.106004
vt 0.190399 0.106988
vt 0.191787 0.107566
vt 0.192933 0.107777
vt 0.195378 0.108412
vt 0.198003 0.108726
vt 0.199005 0.108940
vt 0.200201 0.108889
vt 0.202513 0.108895
vt 0.203280 0.108995
vt 0.204415 0.108795
vt 0.206330 0.108563
vt 0.207455 0.108496
vt 0.211909 0.107435
vt 0.211833 0.107313
vt 0.214177 0.106476
vt 0.216202 0.105754
vt 0.216741 0.105371
vt 0.218568 0.104383
vt 0.220036 0.103645
vt 0.152547 0.039281
vt 0.152619 0.039364
vt 0.150563 0.042281
vt 0.150485 0.042202
vt 0.673451 0.360857
vt 0.668878 0.360857
vt 0.154995 0.036321
vt 0.678364 0.360857
vt 0.148595 0.045831
vt 0.148400 0.045758
vt 0.663630 0.360857
vt 0.146842 0.049415
vt 0.146640 0.049361
vt 0.658524 0.360857
vt 0.145370 0.053066
vt 0.145165 0.053023
vt 0.653455 0.360857
vt 0.144180 0.056726
vt 0.143967 0.056694
vt 0.648472 0.360857
vt 0.149675 0.105946
vt 0.149837 0.105809
vt 0.152022 0.109216
vt 0.151868 0.109361
vt 0.583382 0.360857
vt 0.578221 0.360857
vt 0.154276 0.112621
vt 0.573052 0.360857
vt 0.157056 0.115879
vt 0.567596 0.360857
vt 0.159591 0.118377
vt 0.563057 0.360857
vt 0.143028 0.060724
vt 0.142928 0.060677
vt 0.643178 0.360857
vt 0.142297 0.064423
vt 0.142194 0.064385
vt 0.638339 0.360857
vt 0.141715 0.068628
vt 0.141609 0.068593
vt 0.632932 0.360857
vt 0.141398 0.072046
vt 0.629268 0.360857
vt 0.625371 0.360857
vt 0.141246 0.074551
vt 0.141308 0.076998
vt 0.621583 0.360857
vt 0.141620 0.080358
vt 0.141415 0.080404
vt 0.617919 0.360857
vt 0.141741 0.083490
vt 0.613958 0.360857
vt 0.142100 0.085931
vt 0.610804 0.360857
vt 0.142584 0.088387
vt 0.607613 0.360857
vt 0.143163 0.090713
vt 0.604566 0.360857
vt 0.144408 0.094079
vt 0.144218 0.094182
vt 0.599948 0.360857
vt 0.145220 0.096962
vt 0.596177 0.360857
vt 0.146076 0.098573
vt 0.146123 0.099149
vt 0.593151 0.360857
vt 0.147869 0.102270
vt 0.147698 0.102398
vt 0.588546 0.360857
vt 0.551993 0.341790
vt 0.167718 0.068506
vt 0.167753 0.069048
vt 0.167383 0.072260
vt 0.167240 0.072297
vt 0.143793 0.070793
vt 0.142180 0.072366
vt 0.143355 0.062546
vt 0.141719 0.070375
vt 0.142835 0.062424
vt 0.167213 0.076021
vt 0.141487 0.076536
vt 0.152903 0.149906
vt 0.907760 0.340705
vt 0.766976 0.321966
vt 0.147723 0.052606
vt 0.153652 0.041454
vt 0.148258 0.047840
vt 0.152708 0.040493
vt 0.150718 0.042297
vt 0.171966 0.057294
vt 0.172115 0.057316
vt 0.170555 0.060173
vt 0.169876 0.061403
vt 0.169460 0.062778
vt 0.145366 0.054937
vt 0.168430 0.065346
vt 0.168413 0.065950
vt 0.167536 0.078849
vt 0.167406 0.078928
vt 0.144696 0.087657
vt 0.145880 0.096377
vt 0.169835 0.087703
vt 0.169950 0.088298
vt 0.170965 0.090157
vt 0.149360 0.103766
vt 0.171594 0.091643
vt 0.172025 0.092097
vt 0.175961 0.051952
vt 0.176750 0.051285
vt 0.175263 0.052935
vt 0.161622 0.030266
vt 0.153432 0.038591
vt 0.158915 0.032155
vt 0.653013 0.377395
vt 0.655644 0.377395
vt 0.653019 0.378220
vt 0.655647 0.378220
vt 0.654571 0.378665
vt 0.653064 0.378554
vt 0.655702 0.378554
vt 0.647314 0.378220
vt 0.649688 0.378220
vt 0.649730 0.378567
vt 0.647339 0.378665
vt 0.647352 0.378554
vt 0.659087 0.377395
vt 0.659091 0.378220
vt 0.659144 0.378567
vt 0.662700 0.377395
vt 0.662278 0.378220
vt 0.662333 0.378554
vt 0.663642 0.378665
vt 0.665299 0.378220
vt 0.665171 0.378554
vt 0.665797 0.377395
vt 0.669714 0.378554
vt 0.669703 0.378665
vt 0.669837 0.377395
vt 0.669839 0.378220
vt 0.672257 0.378220
vt 0.674299 0.378108
vt 0.672674 0.378554
vt 0.672656 0.378665
vt 0.676659 0.377395
vt 0.676667 0.378220
vt 0.675919 0.378554
vt 0.675901 0.378665
vt 0.679867 0.377395
vt 0.679874 0.378220
vt 0.679133 0.378554
vt 0.679115 0.378665
vt 0.683073 0.377395
vt 0.683078 0.378220
vt 0.682332 0.378554
vt 0.682314 0.378665
vt 0.686302 0.377395
vt 0.686305 0.378220
vt 0.685554 0.378554
vt 0.685534 0.378665
vt 0.689146 0.377395
vt 0.689154 0.378220
vt 0.688804 0.378567
vt 0.692084 0.377395
vt 0.692089 0.378220
vt 0.692150 0.378554
vt 0.692132 0.378665
vt 0.694591 0.378108
vt 0.697183 0.377395
vt 0.697190 0.378220
vt 0.695954 0.378554
vt 0.695930 0.378665
vt 0.700835 0.377395
vt 0.700842 0.378221
vt 0.699960 0.378555
vt 0.699938 0.378666
vt 0.704645 0.377396
vt 0.704650 0.378221
vt 0.703751 0.378555
vt 0.703727 0.378666
vt 0.708630 0.377395
vt 0.708633 0.378221
vt 0.707689 0.378555
vt 0.707662 0.378666
vt 0.712822 0.377394
vt 0.712828 0.378220
vt 0.711829 0.378554
vt 0.711805 0.378665
vt 0.716088 0.377394
vt 0.717245 0.378219
vt 0.716197 0.378554
vt 0.716172 0.378665
vt 0.720645 0.378219
vt 0.720155 0.378567
vt 0.724021 0.377394
vt 0.724030 0.378219
vt 0.724112 0.378554
vt 0.724087 0.378665
vt 0.728427 0.377395
vt 0.728437 0.378220
vt 0.728513 0.378554
vt 0.728488 0.378665
vt 0.732127 0.377397
vt 0.732138 0.378223
vt 0.732176 0.378556
vt 0.732167 0.378667
vt 0.422690 0.377388
vt 0.424542 0.377392
vt 0.422687 0.378214
vt 0.424548 0.378219
vt 0.427732 0.377394
vt 0.427746 0.378220
vt 0.427826 0.378554
vt 0.427803 0.378665
vt 0.424591 0.378566
vt 0.422713 0.378661
vt 0.422726 0.378549
vt 0.432373 0.377395
vt 0.432386 0.378220
vt 0.432473 0.378554
vt 0.432449 0.378665
vt 0.437055 0.377395
vt 0.437067 0.378221
vt 0.437153 0.378555
vt 0.437127 0.378666
vt 0.441537 0.377396
vt 0.441548 0.378221
vt 0.441632 0.378555
vt 0.441607 0.378666
vt 0.444726 0.377396
vt 0.444736 0.378221
vt 0.444789 0.378555
vt 0.446663 0.378666
vt 0.447693 0.377396
vt 0.447703 0.378221
vt 0.447777 0.378555
vt 0.451901 0.377396
vt 0.451908 0.378221
vt 0.451977 0.378555
vt 0.451955 0.378666
vt 0.628073 0.377395
vt 0.630916 0.377395
vt 0.628080 0.378220
vt 0.630918 0.378220
vt 0.628506 0.378554
vt 0.628489 0.378665
vt 0.631919 0.378567
vt 0.634625 0.377395
vt 0.634630 0.378220
vt 0.635310 0.378554
vt 0.635295 0.378665
vt 0.637135 0.377395
vt 0.637138 0.378220
vt 0.639691 0.378554
vt 0.639659 0.378665
vt 0.640605 0.378220
vt 0.642839 0.377395
vt 0.642844 0.378220
vt 0.642891 0.378554
vt 0.642873 0.378665
vt 0.646328 0.377395
vt 0.522804 0.377395
vt 0.520775 0.378220
vt 0.522808 0.378220
vt 0.523794 0.378554
vt 0.524891 0.378665
vt 0.521125 0.378665
vt 0.520832 0.378554
vt 0.526401 0.377395
vt 0.526405 0.378220
vt 0.527085 0.378554
vt 0.527963 0.378665
vt 0.528758 0.378220
vt 0.532237 0.378220
vt 0.529952 0.378554
vt 0.532277 0.378665
vt 0.532911 0.378554
vt 0.535470 0.377395
vt 0.535474 0.378220
vt 0.535531 0.378554
vt 0.535514 0.378665
vt 0.538556 0.377395
vt 0.538561 0.378220
vt 0.538617 0.378554
vt 0.540027 0.378665
vt 0.541700 0.377394
vt 0.541707 0.378220
vt 0.541761 0.378554
vt 0.545145 0.377395
vt 0.545151 0.378220
vt 0.545204 0.378554
vt 0.545192 0.378665
vt 0.547741 0.378220
vt 0.550902 0.377395
vt 0.550905 0.378220
vt 0.550966 0.378567
vt 0.547791 0.378567
vt 0.554415 0.377395
vt 0.554423 0.378220
vt 0.554486 0.378554
vt 0.554466 0.378665
vt 0.557783 0.377395
vt 0.557792 0.378221
vt 0.557859 0.378554
vt 0.557838 0.378665
vt 0.561588 0.377395
vt 0.561597 0.378220
vt 0.561663 0.378554
vt 0.561643 0.378665
vt 0.565291 0.377395
vt 0.565297 0.378220
vt 0.565363 0.378554
vt 0.565344 0.378665
vt 0.568769 0.377395
vt 0.568777 0.378220
vt 0.568847 0.378554
vt 0.568825 0.378665
vt 0.455507 0.377396
vt 0.455517 0.378221
vt 0.455587 0.378555
vt 0.455566 0.378666
vt 0.459182 0.377396
vt 0.459189 0.378221
vt 0.459248 0.378568
vt 0.462863 0.377395
vt 0.462868 0.378221
vt 0.462927 0.378555
vt 0.462908 0.378666
vt 0.466141 0.377394
vt 0.466142 0.378220
vt 0.466203 0.378554
vt 0.466183 0.378665
vt 0.469305 0.377395
vt 0.469309 0.378220
vt 0.469365 0.378567
vt 0.472872 0.377395
vt 0.472876 0.378220
vt 0.472930 0.378554
vt 0.472912 0.378665
vt 0.475397 0.378220
vt 0.478314 0.377395
vt 0.478322 0.378220
vt 0.476933 0.378665
vt 0.475448 0.378554
vt 0.478378 0.378554
vt 0.481449 0.377395
vt 0.481453 0.378220
vt 0.481508 0.378554
vt 0.481491 0.378665
vt 0.484553 0.377395
vt 0.483991 0.378220
vt 0.484041 0.378554
vt 0.485454 0.378665
vt 0.487033 0.378220
vt 0.487098 0.378554
vt 0.488137 0.377395
vt 0.490105 0.378220
vt 0.490153 0.378554
vt 0.490135 0.378665
vt 0.492041 0.377395
vt 0.494544 0.378220
vt 0.494596 0.378554
vt 0.494581 0.378665
vt 0.495124 0.377395
vt 0.497710 0.377395
vt 0.497711 0.378220
vt 0.497767 0.378554
vt 0.499120 0.378665
vt 0.500817 0.377395
vt 0.500822 0.378220
vt 0.500878 0.378554
vt 0.504306 0.377395
vt 0.504309 0.378220
vt 0.504361 0.378554
vt 0.504346 0.378665
vt 0.506794 0.378220
vt 0.509822 0.377395
vt 0.509829 0.378220
vt 0.508325 0.378665
vt 0.506844 0.378554
vt 0.509883 0.378554
vt 0.512950 0.377395
vt 0.512954 0.378220
vt 0.513010 0.378554
vt 0.512992 0.378665
vt 0.515574 0.378220
vt 0.516659 0.378554
vt 0.516637 0.378665
vt 0.518468 0.377395
vt 0.518472 0.378220
vt 0.736810 0.321968
vt 0.250280 0.105752
vt 0.253877 0.102294
vt 0.248719 0.110487
vt 0.253459 0.104232
vt 0.253608 0.104254
vt 0.250432 0.109324
vt 0.249652 0.110167
vt 0.229822 0.094162
vt 0.229690 0.094108
vt 0.231553 0.091151
vt 0.231695 0.091181
vt 0.152393 0.000217
vt 0.152202 0.000325
vt 0.772583 0.360857
vt 0.249378 0.000110
vt 0.249469 0.000002
vt 0.895749 0.360857
vt 0.253695 0.104322
vt 0.255101 0.101712
vt 0.665590 0.340701
vt 0.661700 0.340701
vt 0.257046 0.097293
vt 0.257137 0.097357
vt 0.655385 0.340701
vt 0.262037 0.073885
vt 0.261928 0.073863
vt 0.261832 0.070053
vt 0.623599 0.340701
vt 0.618561 0.340701
vt 0.261956 0.077314
vt 0.261747 0.077329
vt 0.628108 0.340701
vt 0.612732 0.340701
vt 0.260814 0.062918
vt 0.261072 0.063520
vt 0.261400 0.065638
vt 0.609906 0.340701
vt 0.260621 0.061655
vt 0.607378 0.340701
vt 0.259226 0.057196
vt 0.259335 0.057181
vt 0.601260 0.340701
vt 0.258001 0.053355
vt 0.258110 0.053339
vt 0.595964 0.340701
vt 0.586864 0.340701
vt 0.255357 0.046978
vt 0.255182 0.047104
vt 0.253206 0.043458
vt 0.253370 0.043323
vt 0.581421 0.340701
vt 0.246044 0.115187
vt 0.245124 0.116105
vt 0.248836 0.111698
vt 0.682912 0.340700
vt 0.677141 0.340700
vt 0.250512 0.109399
vt 0.673430 0.340701
vt 0.256769 0.050478
vt 0.256957 0.050370
vt 0.591780 0.340701
vt 0.250994 0.039943
vt 0.251148 0.039801
vt 0.575996 0.340701
vt 0.248552 0.036495
vt 0.248652 0.036445
vt 0.570589 0.340700
vt 0.245910 0.033537
vt 0.246005 0.033478
vt 0.565505 0.340698
vt 0.243078 0.030866
vt 0.243196 0.030826
vt 0.560629 0.340695
vt 0.550392 0.321981
vt 0.234937 0.082496
vt 0.234495 0.083725
vt 0.235040 0.081479
vt 0.259147 0.091183
vt 0.259638 0.090051
vt 0.258538 0.093515
vt 0.235524 0.078298
vt 0.235666 0.078285
vt 0.257558 0.089336
vt 0.260386 0.084052
vt 0.257992 0.092885
vt 0.261111 0.083115
vt 0.261254 0.083099
vt 0.260611 0.085957
vt 0.259419 0.069282
vt 0.235663 0.076593
vt 0.235824 0.075307
vt 0.235659 0.073114
vt 0.261207 0.075602
vt 0.235646 0.071241
vt 0.261789 0.073936
vt 0.235352 0.069865
vt 0.260380 0.064651
vt 0.261315 0.067175
vt 0.234731 0.066710
vt 0.234858 0.066642
vt 0.260689 0.062997
vt 0.258248 0.054586
vt 0.233501 0.062602
vt 0.233521 0.062257
vt 0.255342 0.052237
vt 0.257172 0.053209
vt 0.232717 0.060647
vt 0.232324 0.059528
vt 0.253662 0.045513
vt 0.231675 0.058579
vt 0.230268 0.056037
vt 0.247200 0.038413
vt 0.230502 0.056615
vt 0.249212 0.038526
vt 0.229213 0.054749
vt 0.227684 0.052628
vt 0.248493 0.036644
vt 0.227804 0.052966
vt 0.244411 0.033058
vt 0.245863 0.033688
vt 0.226279 0.051269
vt 0.225071 0.049885
vt 0.243066 0.031043
vt 0.224615 0.049642
vt 0.236974 0.026768
vt 0.222617 0.047961
vt 0.222665 0.047821
vt 0.237368 0.026221
vt 0.220696 0.103076
vt 0.222244 0.102051
vt 0.236860 0.123616
vt 0.239122 0.122079
vt 0.239035 0.121968
vt 0.235967 0.123915
vt 0.235783 0.124651
vt 0.235473 0.123161
vt 0.236060 0.124394
vt 0.729785 0.341790
vt 0.219355 0.045557
vt 0.218292 0.045064
vt 0.216061 0.043884
vt 0.214863 0.043202
vt 0.220419 0.046377
vt 0.213708 0.042844
vt 0.211245 0.041966
vt 0.209904 0.041460
vt 0.209030 0.041352
vt 0.206813 0.040917
vt 0.204865 0.040553
vt 0.204224 0.040610
vt 0.197919 0.040571
vt 0.197665 0.040737
vt 0.195051 0.041105
vt 0.201261 0.040445
vt 0.199623 0.040549
vt 0.192569 0.041793
vt 0.191262 0.042074
vt 0.698557 0.341790
vt 0.164990 0.024926
vt 0.240842 0.124678
vt 0.572488 0.377395
vt 0.572497 0.378221
vt 0.572563 0.378555
vt 0.572542 0.378666
vt 0.575585 0.378221
vt 0.575642 0.378568
vt 0.578811 0.377395
vt 0.578816 0.378221
vt 0.578884 0.378555
vt 0.578864 0.378666
vt 0.581502 0.377395
vt 0.581505 0.378221
vt 0.581544 0.378568
vt 0.584185 0.377395
vt 0.584191 0.378221
vt 0.584258 0.378555
vt 0.584236 0.378666
vt 0.587666 0.377395
vt 0.587672 0.378221
vt 0.587732 0.378568
vt 0.591686 0.377395
vt 0.591691 0.378221
vt 0.592155 0.378555
vt 0.592138 0.378666
vt 0.594521 0.377395
vt 0.594525 0.378220
vt 0.595637 0.378567
vt 0.598827 0.378221
vt 0.599427 0.377396
vt 0.599525 0.378555
vt 0.599510 0.378666
vt 0.601737 0.378221
vt 0.602437 0.378567
vt 0.922893 0.321985
vt 0.953088 0.321977
vt 0.235563 0.024961
vt 0.236072 0.025199
vt 0.162145 0.028626
vt 0.162317 0.028654
vt 0.161008 0.029904
vt 0.160696 0.029968
vt 0.691795 0.360857
vt 0.689266 0.360857
vt 0.158752 0.032023
vt 0.685637 0.360857
vt 0.165700 0.025937
vt 0.165796 0.025955
vt 0.163554 0.027528
vt 0.697673 0.360857
vt 0.694096 0.360857
vt 0.190128 0.042593
vt 0.187212 0.043676
vt 0.187314 0.043782
vt 0.184272 0.045284
vt 0.182308 0.046615
vt 0.181949 0.046699
vt 0.166952 0.025051
vt 0.167415 0.026914
vt 0.166562 0.025880
vt 0.166664 0.025203
vt 0.166379 0.025400
vt 0.165895 0.026005
vt 0.180317 0.048086
vt 0.178887 0.049100
vt 0.178390 0.049705
vt 0.243485 0.118144
vt 0.687916 0.340698
vt 0.258633 0.093573
vt 0.650035 0.340701
vt 0.259736 0.090101
vt 0.645241 0.340701
vt 0.260829 0.085976
vt 0.639624 0.340701
vt 0.261257 0.083891
vt 0.636817 0.340701
vt 0.261526 0.081909
vt 0.634179 0.340701
vt 0.240281 0.121292
vt 0.238950 0.122355
vt 0.241416 0.120219
vt 0.695744 0.340702
vt 0.693596 0.340699
vt 0.691261 0.340697
vt 0.699420 0.322005
vt 0.242034 0.119389
vt 0.225061 0.099541
vt 0.225200 0.099604
vt 0.241728 0.116872
vt 0.241349 0.119162
vt 0.226867 0.097717
vt 0.226991 0.097788
vt 0.244976 0.116063
vt 0.232631 0.088957
vt 0.233420 0.087417
vt 0.255353 0.100628
vt 0.233563 0.086711
vt 0.257694 0.095377
vt 0.173616 0.054886
vt 0.208771 0.108109
vt 0.605886 0.378221
vt 0.605928 0.378568
vt 0.608437 0.377395
vt 0.608441 0.378221
vt 0.608498 0.378555
vt 0.608478 0.378666
vt 0.611717 0.377394
vt 0.611716 0.378220
vt 0.611768 0.378554
vt 0.613744 0.378665
vt 0.614915 0.378219
vt 0.617141 0.377394
vt 0.617146 0.378220
vt 0.617301 0.378554
vt 0.617286 0.378665
vt 0.614959 0.378553
vt 0.621894 0.377395
vt 0.621898 0.378220
vt 0.622055 0.378554
vt 0.623635 0.378665
vt 0.624822 0.377395
vt 0.624827 0.378220
vt 0.624885 0.378554
vt 0.701362 0.340727
vt 0.236288 0.124390
vt 0.166915 0.124837
vt 0.236538 0.024920
vt 0.236898 0.124637
vt 0.166066 0.025092
vt 0.166212 0.025254
vt 0.937270 0.477057
vt 0.937268 0.502754
vt 0.928580 0.502758
vt 0.928581 0.477060
vt 0.919897 0.502759
vt 0.919898 0.477061
vt 0.911216 0.502760
vt 0.902536 0.502770
vt 0.902536 0.477062
vt 0.911217 0.477062
vt 0.972280 0.477026
vt 0.972254 0.502720
vt 0.963441 0.502730
vt 0.963455 0.477035
vt 0.954686 0.502741
vt 0.954694 0.477044
vt 0.945971 0.477052
vt 0.945966 0.502749
vt 0.378905 0.477141
vt 0.379220 0.502815
vt 0.370077 0.503073
vt 0.369712 0.477283
vt 0.999570 0.477262
vt 0.999242 0.503058
vt 0.990108 0.502804
vt 0.990372 0.477125
vt 0.981252 0.477026
vt 0.981130 0.502705
vt 0.414734 0.477037
vt 0.414776 0.502737
vt 0.405980 0.502720
vt 0.405903 0.477022
vt 0.397139 0.502705
vt 0.397002 0.477014
vt 0.388007 0.477041
vt 0.388229 0.502717
vt 0.449757 0.477062
vt 0.449760 0.502760
vt 0.441033 0.502759
vt 0.441028 0.477059
vt 0.432295 0.502748
vt 0.432284 0.477053
vt 0.423522 0.477047
vt 0.423544 0.502749
vt 0.484595 0.477062
vt 0.484595 0.502760
vt 0.475894 0.502761
vt 0.475893 0.477063
vt 0.467188 0.502761
vt 0.467187 0.477063
vt 0.458475 0.477063
vt 0.458477 0.502761
vt 0.519393 0.477063
vt 0.519393 0.502760
vt 0.510693 0.502761
vt 0.510693 0.477063
vt 0.501993 0.502761
vt 0.501994 0.477063
vt 0.493294 0.477063
vt 0.493294 0.502761
vt 0.554210 0.477063
vt 0.554210 0.502761
vt 0.545504 0.502761
vt 0.545504 0.477063
vt 0.536799 0.502761
vt 0.536799 0.477063
vt 0.528095 0.477063
vt 0.528095 0.502761
vt 0.589050 0.477063
vt 0.589050 0.502761
vt 0.580339 0.502761
vt 0.580339 0.477063
vt 0.571628 0.502761
vt 0.571628 0.477063
vt 0.562918 0.477063
vt 0.562918 0.502761
vt 0.623900 0.477063
vt 0.623900 0.502760
vt 0.615187 0.502761
vt 0.615187 0.477063
vt 0.606474 0.502761
vt 0.606474 0.477063
vt 0.597761 0.477063
vt 0.597761 0.502761
vt 0.658756 0.477063
vt 0.658756 0.502760
vt 0.650042 0.502761
vt 0.650042 0.477062
vt 0.641327 0.502761
vt 0.641327 0.477063
vt 0.632613 0.477063
vt 0.632613 0.502761
vt 0.693614 0.477062
vt 0.693614 0.502760
vt 0.684900 0.502761
vt 0.684900 0.477063
vt 0.676185 0.502761
vt 0.676185 0.477063
vt 0.667470 0.477063
vt 0.667470 0.502761
vt 0.728472 0.477063
vt 0.728472 0.502761
vt 0.719758 0.502761
vt 0.719758 0.477063
vt 0.711043 0.502762
vt 0.711043 0.477063
vt 0.702328 0.477063
vt 0.702328 0.502761
vt 0.763327 0.477063
vt 0.763327 0.502761
vt 0.754615 0.502762
vt 0.754616 0.477062
vt 0.745901 0.502754
vt 0.745901 0.477060
vt 0.737186 0.477062
vt 0.737186 0.502762
vt 0.798169 0.477062
vt 0.798169 0.502760
vt 0.789460 0.502761
vt 0.789460 0.477063
vt 0.780750 0.502762
vt 0.780749 0.477063
vt 0.772038 0.477063
vt 0.772038 0.502762
vt 0.832995 0.477063
vt 0.832995 0.502760
vt 0.824292 0.502761
vt 0.824292 0.477063
vt 0.815586 0.502761
vt 0.815586 0.477063
vt 0.806878 0.477063
vt 0.806877 0.502761
vt 0.867789 0.477063
vt 0.867789 0.502760
vt 0.859095 0.502761
vt 0.859095 0.477063
vt 0.850397 0.502761
vt 0.850397 0.477063
vt 0.841697 0.477063
vt 0.841697 0.502761
vt 0.893854 0.502761
vt 0.893854 0.477062
vt 0.885169 0.502761
vt 0.885169 0.477063
vt 0.876480 0.477063
vt 0.876480 0.502761
vt 0.937253 0.502821
vt 0.937225 0.514093
vt 0.928558 0.514099
vt 0.928573 0.502827
vt 0.919887 0.514102
vt 0.919894 0.502830
vt 0.911212 0.514103
vt 0.902534 0.514101
vt 0.902535 0.502834
vt 0.911214 0.502829
vt 0.972102 0.502734
vt 0.971719 0.514006
vt 0.963139 0.514045
vt 0.963348 0.502772
vt 0.954521 0.514072
vt 0.954633 0.502799
vt 0.945937 0.502814
vt 0.945879 0.514086
vt 0.379414 0.502850
vt 0.380684 0.514096
vt 0.372431 0.514739
vt 0.370308 0.503588
vt 0.999010 0.503584
vt 0.996880 0.514737
vt 0.988632 0.514095
vt 0.989909 0.502849
vt 0.980937 0.502702
vt 0.980232 0.513973
vt 0.414826 0.502799
vt 0.414934 0.514073
vt 0.406266 0.514043
vt 0.406067 0.502770
vt 0.397645 0.514002
vt 0.397272 0.502728
vt 0.388405 0.502706
vt 0.389102 0.513977
vt 0.449764 0.502831
vt 0.449766 0.514104
vt 0.441044 0.514104
vt 0.441047 0.502835
vt 0.432335 0.514078
vt 0.432310 0.502802
vt 0.423566 0.502820
vt 0.423634 0.514090
vt 0.484595 0.502829
vt 0.484595 0.514101
vt 0.475894 0.514103
vt 0.475894 0.502831
vt 0.467189 0.514105
vt 0.467188 0.502833
vt 0.458478 0.502832
vt 0.458480 0.514104
vt 0.519393 0.502829
vt 0.519393 0.514102
vt 0.510693 0.514104
vt 0.510693 0.502831
vt 0.501994 0.514105
vt 0.501994 0.502833
vt 0.493294 0.502831
vt 0.493294 0.514103
vt 0.554210 0.502829
vt 0.554210 0.514102
vt 0.545504 0.514103
vt 0.545504 0.502831
vt 0.536799 0.514104
vt 0.536799 0.502832
vt 0.528094 0.502831
vt 0.528095 0.514103
vt 0.589050 0.502829
vt 0.589050 0.514102
vt 0.580338 0.514103
vt 0.580339 0.502831
vt 0.571628 0.514104
vt 0.571628 0.502832
vt 0.562918 0.502831
vt 0.562918 0.514103
vt 0.623900 0.502829
vt 0.623900 0.514102
vt 0.615187 0.514103
vt 0.615187 0.502831
vt 0.606474 0.514104
vt 0.606474 0.502832
vt 0.597761 0.502831
vt 0.597762 0.514103
vt 0.658756 0.502829
vt 0.658756 0.514102
vt 0.650041 0.514103
vt 0.650042 0.502831
vt 0.641327 0.514104
vt 0.641327 0.502832
vt 0.632613 0.502831
vt 0.632613 0.514103
vt 0.693614 0.502829
vt 0.693614 0.514101
vt 0.684899 0.514103
vt 0.684900 0.502831
vt 0.676185 0.514105
vt 0.676185 0.502833
vt 0.667470 0.502831
vt 0.667470 0.514104
vt 0.728471 0.502832
vt 0.728473 0.514105
vt 0.719758 0.514105
vt 0.719758 0.502833
vt 0.711043 0.514105
vt 0.711043 0.502833
vt 0.702328 0.502831
vt 0.702328 0.514104
vt 0.763328 0.502833
vt 0.763324 0.514105
vt 0.754605 0.514107
vt 0.754622 0.502838
vt 0.745900 0.514084
vt 0.745900 0.502809
vt 0.737178 0.502838
vt 0.737193 0.514107
vt 0.798169 0.502829
vt 0.798169 0.514101
vt 0.789459 0.514104
vt 0.789460 0.502831
vt 0.780748 0.514105
vt 0.780749 0.502833
vt 0.772038 0.502833
vt 0.772037 0.514105
vt 0.832995 0.502829
vt 0.832995 0.514102
vt 0.824292 0.514104
vt 0.824292 0.502831
vt 0.815585 0.514105
vt 0.815585 0.502833
vt 0.806877 0.502831
vt 0.806877 0.514103
vt 0.867789 0.502829
vt 0.867789 0.514102
vt 0.859095 0.514103
vt 0.859095 0.502831
vt 0.850397 0.514104
vt 0.850397 0.502832
vt 0.841697 0.502831
vt 0.841697 0.514103
vt 0.893853 0.514103
vt 0.893854 0.502831
vt 0.885168 0.514104
vt 0.885168 0.502832
vt 0.876480 0.502831
vt 0.876480 0.514103
vt 0.902532 0.526660
vt 0.902533 0.514097
vt 0.911210 0.514098
vt 0.911209 0.526660
vt 0.919882 0.514097
vt 0.919881 0.526659
vt 0.928549 0.514095
vt 0.937206 0.514093
vt 0.937197 0.526657
vt 0.928545 0.526665
vt 0.867789 0.526660
vt 0.867789 0.514098
vt 0.876480 0.514098
vt 0.876480 0.526660
vt 0.885168 0.514098
vt 0.885168 0.526660
vt 0.893852 0.526660
vt 0.893852 0.514098
vt 0.832995 0.526660
vt 0.832995 0.514097
vt 0.841697 0.514098
vt 0.841697 0.526660
vt 0.850397 0.514098
vt 0.850397 0.526660
vt 0.859095 0.526660
vt 0.859095 0.514098
vt 0.798168 0.526660
vt 0.798168 0.514097
vt 0.806877 0.514098
vt 0.806877 0.526660
vt 0.815585 0.514098
vt 0.815585 0.526660
vt 0.824292 0.526660
vt 0.824292 0.514098
vt 0.763325 0.526660
vt 0.763325 0.514098
vt 0.772036 0.514098
vt 0.772037 0.526660
vt 0.780748 0.514098
vt 0.780748 0.526660
vt 0.789459 0.526660
vt 0.789459 0.514098
vt 0.728472 0.526660
vt 0.728473 0.514098
vt 0.737186 0.514098
vt 0.737187 0.526660
vt 0.745900 0.514093
vt 0.745900 0.526659
vt 0.754613 0.526660
vt 0.754613 0.514098
vt 0.693614 0.526660
vt 0.693614 0.514097
vt 0.702328 0.514098
vt 0.702328 0.526660
vt 0.711043 0.514098
vt 0.711043 0.526660
vt 0.719758 0.526660
vt 0.719758 0.514098
vt 0.658756 0.526660
vt 0.658756 0.514097
vt 0.667470 0.514098
vt 0.667470 0.526660
vt 0.676185 0.514098
vt 0.676185 0.526660
vt 0.684900 0.526660
vt 0.684900 0.514098
vt 0.623900 0.526660
vt 0.623900 0.514098
vt 0.632613 0.514098
vt 0.632613 0.526660
vt 0.641327 0.514098
vt 0.641327 0.526660
vt 0.650042 0.526660
vt 0.650042 0.514098
vt 0.589050 0.526660
vt 0.589050 0.514098
vt 0.597761 0.514098
vt 0.597761 0.526660
vt 0.606474 0.514098
vt 0.606474 0.526660
vt 0.615187 0.526660
vt 0.615187 0.514098
vt 0.554210 0.526660
vt 0.554210 0.514098
vt 0.562918 0.514098
vt 0.562918 0.526660
vt 0.571628 0.514098
vt 0.571628 0.526660
vt 0.580339 0.526660
vt 0.580339 0.514098
vt 0.519393 0.526660
vt 0.519393 0.514097
vt 0.528095 0.514098
vt 0.528095 0.526660
vt 0.536799 0.514098
vt 0.536799 0.526660
vt 0.545504 0.526660
vt 0.545504 0.514098
vt 0.484595 0.526660
vt 0.484595 0.514097
vt 0.493294 0.514098
vt 0.493294 0.526660
vt 0.501994 0.514098
vt 0.501994 0.526660
vt 0.510693 0.526660
vt 0.510693 0.514098
vt 0.449775 0.526659
vt 0.449771 0.514097
vt 0.458482 0.514098
vt 0.458484 0.526660
vt 0.467190 0.514098
vt 0.467191 0.526660
vt 0.475895 0.526660
vt 0.475894 0.514098
vt 0.415033 0.526645
vt 0.414992 0.514079
vt 0.423660 0.514088
vt 0.423684 0.526652
vt 0.432353 0.514089
vt 0.432367 0.526655
vt 0.441067 0.526658
vt 0.441060 0.514096
vt 0.381152 0.526688
vt 0.380908 0.514122
vt 0.389306 0.514046
vt 0.389477 0.526628
vt 0.397798 0.514047
vt 0.397908 0.526624
vt 0.406435 0.526635
vt 0.406366 0.514064
vt 0.971487 0.526634
vt 0.971546 0.514059
vt 0.980013 0.514031
vt 0.979882 0.526614
vt 0.988407 0.514115
vt 0.988175 0.526681
vt 0.372921 0.526826
vt 0.372633 0.514370
vt 0.996680 0.514364
vt 0.996399 0.526821
vt 0.945843 0.514089
vt 0.945831 0.526654
vt 0.954456 0.514081
vt 0.954434 0.526649
vt 0.962992 0.526643
vt 0.963029 0.514071
vt 0.928543 0.526758
vt 0.937192 0.526744
vt 0.919879 0.526746
vt 0.911208 0.526747
vt 0.902532 0.526746
vt 0.893852 0.526747
vt 0.885167 0.526747
vt 0.876480 0.526747
vt 0.867789 0.526746
vt 0.859095 0.526747
vt 0.850397 0.526747
vt 0.841697 0.526747
vt 0.832995 0.526746
vt 0.824292 0.526747
vt 0.815585 0.526747
vt 0.806877 0.526746
vt 0.798168 0.526746
vt 0.789459 0.526747
vt 0.780748 0.526747
vt 0.772037 0.526747
vt 0.763325 0.526746
vt 0.754613 0.526747
vt 0.745900 0.526745
vt 0.737186 0.526746
vt 0.728472 0.526746
vt 0.719758 0.526747
vt 0.711043 0.526747
vt 0.702328 0.526746
vt 0.693614 0.526746
vt 0.684900 0.526747
vt 0.676185 0.526747
vt 0.667470 0.526747
vt 0.658756 0.526747
vt 0.650042 0.526747
vt 0.641327 0.526747
vt 0.632613 0.526746
vt 0.623900 0.526746
vt 0.615187 0.526747
vt 0.606474 0.526747
vt 0.597761 0.526747
vt 0.589050 0.526746
vt 0.580339 0.526747
vt 0.571628 0.526747
vt 0.562918 0.526746
vt 0.554210 0.526746
vt 0.545504 0.526747
vt 0.536799 0.526747
vt 0.528095 0.526746
vt 0.519393 0.526746
vt 0.510693 0.526747
vt 0.501994 0.526747
vt 0.493294 0.526746
vt 0.484595 0.526746
vt 0.475895 0.526747
vt 0.467191 0.526747
vt 0.458484 0.526746
vt 0.449776 0.526746
vt 0.441070 0.526745
vt 0.432371 0.526744
vt 0.423691 0.526742
vt 0.415045 0.526739
vt 0.406452 0.526733
vt 0.397931 0.526726
vt 0.389498 0.526726
vt 0.381163 0.526760
vt 0.372930 0.526849
vt 0.996390 0.526846
vt 0.988164 0.526756
vt 0.979849 0.526718
vt 0.971448 0.526732
vt 0.962966 0.526736
vt 0.954418 0.526740
vt 0.945821 0.526743
s 1
usemtl DefaultMaterial
f 4/1/1 2/2/2 1/3/3
f 5/4/4 3/5/5 4/1/1
f 1/3/3 5/4/4 4/1/1
f 10/6/6 8/7/7 9/8/8
f 11/9/9 3/5/5 10/6/6
f 10/6/6 9/8/8 11/9/9
f 11/9/9 14/10/10 3/5/5
f 14/10/10 11/9/9 12/11/11
f 14/10/10 12/11/11 13/12/12
f 14/10/10 13/12/12 15/13/13
f 15/13/13 16/14/14 14/10/10
f 17/15/15 18/16/16 16/14/14
f 18/16/16 17/15/15 19/17/17
f 20/18/18 22/19/19 21/20/20
f 24/21/21 22/19/19 23/22/22
f 22/19/19 20/18/18 23/22/22
f 26/23/23 25/24/24 24/21/21
f 24/21/21 23/22/22 26/23/23
f 27/25/25 29/26/26 28/27/27
f 20/18/18 21/20/20 29/26/26
f 29/26/26 27/25/25 20/18/18
f 30/28/28 28/27/27 31/29/29
f 28/27/27 30/28/28 27/25/25
f 33/30/30 32/31/31 30/28/28
f 30/28/28 31/29/29 33/30/30
f 35/32/32 34/33/33 32/31/31
f 32/31/31 33/30/30 35/32/32
f 37/34/34 40/35/35 36/36/36
f 36/36/36 39/37/37 37/34/34
f 36/36/36 38/38/38 39/37/37
f 41/39/39 42/40/40 40/35/35
f 40/35/35 37/34/34 41/39/39
f 43/41/41 45/42/42 42/40/40
f 42/40/40 41/39/39 43/41/41
f 47/43/43 44/44/44 45/42/42
f 45/42/42 46/45/45 47/43/43
f 45/42/42 43/41/41 46/45/45
f 48/46/46 50/47/47 49/48/48
f 50/47/47 48/46/46 34/33/33
f 34/33/33 35/32/32 50/47/47
f 51/49/49 49/48/48 52/50/50
f 49/48/48 51/49/49 48/46/46
f 53/51/51 52/50/50 54/52/52
f 52/50/50 53/51/51 51/49/49
f 55/53/53 54/52/52 56/54/54
f 54/52/52 55/53/53 53/51/51
f 57/55/55 56/54/54 58/56/56
f 56/54/54 57/55/55 55/53/53
f 60/57/57 59/58/58 57/55/55
f 57/55/55 58/56/56 60/57/57
f 61/59/59 63/60/60 62/61/61
f 63/60/60 61/59/59 59/58/58
f 59/58/58 60/57/57 63/60/60
f 67/62/62 64/63/63 65/64/64
f 65/64/64 66/65/65 67/62/62
f 62/61/61 65/64/64 61/59/59
f 65/64/64 62/61/61 66/65/65
f 68/66/66 67/62/62 69/67/67
f 67/62/62 68/66/66 64/63/63
f 70/68/68 69/67/67 71/69/69
f 69/67/67 70/68/68 68/66/66
f 72/70/70 73/71/71 74/72/72
f 70/68/68 71/69/69 73/71/71
f 73/71/71 72/70/70 70/68/68
f 38/38/38 74/72/72 39/37/37
f 74/72/72 38/38/38 72/70/70
f 77/73/73 76/74/74 44/44/44
f 76/74/74 75/75/75 44/44/44
f 44/44/44 47/43/43 77/73/73
f 76/74/74 78/76/76 75/75/75
f 80/77/77 79/78/78 81/79/79
f 79/78/78 6/80/80 81/79/79
f 84/81/81 82/82/82 83/83/83
f 83/83/83 586/84/84 84/81/81
f 82/82/82 85/85/85 83/83/83
f 85/85/85 82/82/82 86/86/86
f 91/87/87 88/88/88 87/89/89
f 88/88/88 81/79/79 87/89/89
f 81/79/79 88/88/88 80/77/77
f 6/80/80 79/78/78 7/90/90
f 7/90/90 90/91/91 6/80/80
f 90/91/91 7/90/90 89/92/92
f 90/91/91 89/92/92 8/7/7
f 8/7/7 10/6/6 90/91/91
f 511/93/93 91/87/87 510/94/94
f 91/87/87 87/89/89 510/94/94
f 93/95/95 94/96/96 92/97/97
f 92/97/97 100/98/98 93/95/95
f 94/96/96 103/99/99 95/100/100
f 95/100/100 92/97/97 94/96/96
f 96/101/101 97/102/102 95/100/100
f 92/97/97 95/100/100 97/102/102
f 99/103/103 96/101/101 98/104/104
f 96/101/101 99/103/103 97/102/102
f 99/103/103 225/105/105 100/98/98
f 100/98/98 97/102/102 99/103/103
f 100/98/98 92/97/97 97/102/102
f 94/96/96 93/95/95 101/106/106
f 101/106/106 102/107/107 94/96/96
f 102/107/107 106/108/108 103/99/99
f 103/99/99 94/96/96 102/107/107
f 102/107/107 101/106/106 104/109/109
f 104/109/109 105/110/110 102/107/107
f 106/108/108 102/107/107 109/111/111
f 105/110/110 109/111/111 102/107/107
f 105/110/110 104/109/109 107/112/112
f 107/112/112 108/113/113 105/110/110
f 108/113/113 110/114/114 109/111/111
f 109/111/111 105/110/110 108/113/113
f 108/113/113 107/112/112 111/115/115
f 111/115/115 112/116/116 108/113/113
f 111/115/115 113/117/117 112/116/116
f 113/117/117 114/118/118 112/116/116
f 112/116/116 114/118/118 110/114/114
f 110/114/114 108/113/113 112/116/116
f 113/117/117 111/115/115 115/119/119
f 115/119/119 116/120/120 113/117/117
f 115/119/119 117/121/121 116/120/120
f 118/122/122 116/120/120 117/121/121
f 113/117/117 118/122/122 114/118/118
f 118/122/122 113/117/117 116/120/120
f 117/121/121 115/119/119 119/123/123
f 119/123/123 120/124/124 117/121/121
f 120/124/124 121/125/125 117/121/121
f 120/124/124 119/123/123 122/126/126
f 122/126/126 123/127/127 120/124/124
f 123/127/127 124/128/128 121/125/125
f 121/125/125 120/124/124 123/127/127
f 123/127/127 122/126/126 125/129/129
f 125/129/129 126/130/130 123/127/127
f 126/130/130 127/131/131 124/128/128
f 124/128/128 123/127/127 126/130/130
f 126/130/130 125/129/129 128/132/132
f 128/132/132 129/133/133 126/130/130
f 130/134/134 129/133/133 132/135/135
f 129/133/133 130/134/134 127/131/131
f 127/131/131 126/130/130 129/133/133
f 129/133/133 128/132/132 131/136/136
f 131/136/136 132/135/135 129/133/133
f 131/136/136 133/137/137 132/135/135
f 133/137/137 134/138/138 132/135/135
f 132/135/135 134/138/138 130/134/134
f 133/137/137 131/136/136 135/139/139
f 135/139/139 136/140/140 133/137/137
f 137/141/141 133/137/137 136/140/140
f 133/137/137 137/141/141 134/138/138
f 136/140/140 135/139/139 138/142/142
f 138/142/142 139/143/143 136/140/140
f 139/143/143 140/144/144 141/145/145
f 141/145/145 136/140/140 139/143/143
f 136/140/140 141/145/145 137/141/141
f 139/143/143 138/142/142 142/146/146
f 142/146/146 143/147/147 139/143/143
f 143/147/147 144/148/148 145/149/149
f 140/144/144 139/143/143 143/147/147
f 143/147/147 145/149/149 140/144/144
f 143/147/147 142/146/146 146/150/150
f 146/150/150 147/151/151 143/147/147
f 147/151/151 148/152/152 149/153/153
f 144/148/148 143/147/147 147/151/151
f 147/151/151 149/153/153 144/148/148
f 147/151/151 146/150/150 150/154/154
f 150/154/154 151/155/155 147/151/151
f 151/155/155 152/156/156 153/157/157
f 148/152/152 147/151/151 151/155/155
f 151/155/155 153/157/157 148/152/152
f 151/155/155 150/154/154 154/158/158
f 154/158/158 155/159/159 151/155/155
f 155/159/159 156/160/160 157/161/161
f 152/156/156 151/155/155 155/159/159
f 155/159/159 157/161/161 152/156/156
f 155/159/159 154/158/158 158/162/162
f 158/162/162 159/163/163 155/159/159
f 159/163/163 160/164/164 161/165/165
f 156/160/160 155/159/159 159/163/163
f 159/163/163 161/165/165 156/160/160
f 159/163/163 158/162/162 162/166/166
f 162/166/166 163/167/167 159/163/163
f 162/166/166 164/168/168 163/167/167
f 164/168/168 165/169/169 166/170/170
f 160/164/164 159/163/163 163/167/167
f 166/170/170 160/164/164 164/168/168
f 163/167/167 164/168/168 160/164/164
f 164/168/168 162/166/166 167/171/171
f 167/171/171 168/172/172 164/168/168
f 167/171/171 169/173/173 168/172/172
f 169/173/173 170/174/174 171/175/175
f 171/175/175 168/172/172 169/173/173
f 165/169/169 164/168/168 171/175/175
f 168/172/172 171/175/175 164/168/168
f 169/173/173 167/171/171 172/176/176
f 172/176/176 173/177/177 169/173/173
f 173/177/177 174/178/178 175/179/179
f 173/177/177 175/179/179 170/174/174
f 170/174/174 169/173/173 173/177/177
f 173/177/177 172/176/176 176/180/180
f 177/181/181 178/182/182 176/180/180
f 178/182/182 179/183/183 180/184/184
f 180/184/184 176/180/180 178/182/182
f 176/180/180 180/184/184 174/178/178
f 174/178/178 173/177/177 176/180/180
f 177/185/181 181/186/185 178/187/182
f 183/188/186 177/185/181 182/189/187
f 177/185/181 183/188/186 181/186/185
f 183/188/186 184/190/188 185/191/189
f 185/191/189 181/186/185 183/188/186
f 181/186/185 185/191/189 179/192/183
f 179/192/183 178/187/182 181/186/185
f 182/189/187 186/193/190 183/188/186
f 186/193/190 182/189/187 187/194/191
f 186/193/190 188/195/192 189/196/193
f 186/193/190 189/196/193 184/190/188
f 184/190/188 183/188/186 186/193/190
f 187/194/191 190/197/194 186/193/190
f 190/197/194 191/198/195 192/199/196
f 190/197/194 192/199/196 188/195/192
f 188/195/192 186/193/190 190/197/194
f 190/197/194 187/194/191 193/200/197
f 193/200/197 194/201/198 190/197/194
f 194/201/198 195/202/199 196/203/200
f 194/201/198 196/203/200 191/198/195
f 191/198/195 190/197/194 194/201/198
f 194/201/198 193/200/197 197/204/201
f 197/204/201 198/205/202 194/201/198
f 198/205/202 199/206/203 200/207/204
f 198/205/202 200/207/204 195/202/199
f 195/202/199 194/201/198 198/205/202
f 198/205/202 197/204/201 201/208/205
f 201/208/205 202/209/206 198/205/202
f 202/209/206 203/210/207 199/206/203
f 199/206/203 198/205/202 202/209/206
f 202/209/206 201/208/205 204/211/208
f 204/211/208 205/212/209 202/209/206
f 205/212/209 206/213/210 207/214/211
f 205/212/209 207/214/211 203/210/207
f 203/210/207 202/209/206 205/212/209
f 559/215/212 558/216/213 208/217/214
f 208/217/214 209/218/215 559/215/212
f 209/218/215 210/219/216 211/220/217
f 211/220/217 559/215/212 209/218/215
f 209/218/215 208/217/214 212/221/218
f 212/221/218 213/222/219 209/218/215
f 213/222/219 214/223/220 210/219/216
f 210/219/216 209/218/215 213/222/219
f 213/222/219 212/221/218 215/224/221
f 215/224/221 216/225/222 213/222/219
f 216/225/222 217/226/223 214/223/220
f 214/223/220 213/222/219 216/225/222
f 216/225/222 215/224/221 218/227/224
f 218/227/224 219/228/225 216/225/222
f 219/228/225 218/227/224 220/229/226
f 220/229/226 221/230/227 219/228/225
f 223/231/228 219/228/225 222/232/229
f 221/230/227 222/232/229 219/228/225
f 219/228/225 223/231/228 217/226/223
f 217/226/223 216/225/222 219/228/225
f 220/229/226 224/233/230 221/230/227
f 226/234/231 221/230/227 224/233/230
f 221/230/227 226/234/231 222/232/229
f 224/233/230 220/229/226 225/105/105
f 225/105/105 99/103/103 224/233/230
f 99/103/103 98/104/104 226/234/231
f 226/234/231 224/233/230 99/103/103
f 227/235/232 229/236/233 228/237/234
f 230/238/235 228/237/234 229/236/233
f 228/237/234 230/238/235 231/239/236
f 229/236/233 227/235/232 232/240/237
f 232/240/237 233/241/238 229/236/233
f 233/241/238 234/242/239 229/236/233
f 229/236/233 234/242/239 230/238/235
f 233/241/238 232/240/237 235/243/240
f 235/243/240 236/244/241 233/241/238
f 235/243/240 237/245/242 236/244/241
f 237/245/242 238/246/243 239/247/244
f 239/247/244 236/244/241 237/245/242
f 236/244/241 239/247/244 234/242/239
f 234/242/239 233/241/238 236/244/241
f 240/248/245 241/249/246 237/245/242
f 237/245/242 235/243/240 240/248/245
f 242/250/247 237/245/242 241/249/246
f 237/245/242 242/250/247 238/246/243
f 241/249/246 240/248/245 243/251/248
f 244/252/249 241/249/246 243/251/248
f 242/250/247 241/249/246 244/252/249
f 245/253/250 246/254/251 243/251/248
f 245/253/250 247/255/252 246/254/251
f 248/256/253 246/254/251 247/255/252
f 246/254/251 248/256/253 244/252/249
f 244/252/249 243/251/248 246/254/251
f 247/255/252 245/253/250 249/257/254
f 249/257/254 250/258/255 247/255/252
f 251/259/256 247/255/252 250/258/255
f 247/255/252 251/259/256 248/256/253
f 250/258/255 249/257/254 252/260/257
f 254/261/258 252/260/257 253/262/259
f 252/260/257 254/261/258 250/258/255
f 254/261/258 255/263/260 256/264/261
f 256/264/261 250/258/255 254/261/258
f 251/259/256 250/258/255 256/264/261
f 253/262/259 257/265/262 254/261/258
f 257/265/262 253/262/259 258/266/263
f 258/266/263 259/267/264 257/265/262
f 259/267/264 264/268/265 260/269/266
f 260/269/266 257/265/262 259/267/264
f 257/265/262 260/269/266 255/263/260
f 255/263/260 254/261/258 257/265/262
f 258/266/263 262/270/267 259/267/264
f 262/270/267 258/266/263 261/271/268
f 262/270/267 263/272/269 264/268/265
f 262/270/267 264/268/265 259/267/264
f 261/271/268 265/273/270 262/270/267
f 265/273/270 261/271/268 266/274/271
f 266/274/271 267/275/272 265/273/270
f 267/275/272 268/276/273 269/277/274
f 269/277/274 265/273/270 267/275/272
f 265/273/270 269/277/274 263/272/269
f 263/272/269 262/270/267 265/273/270
f 267/275/272 266/274/271 270/278/275
f 270/278/275 271/279/276 267/275/272
f 271/279/276 276/280/277 272/281/278
f 272/281/278 267/275/272 271/279/276
f 267/275/272 272/281/278 268/276/273
f 271/279/276 270/278/275 273/282/279
f 273/282/279 274/283/280 271/279/276
f 274/283/280 275/284/281 276/280/277
f 276/280/277 271/279/276 274/283/280
f 274/283/280 273/282/279 277/285/282
f 277/285/282 278/286/283 274/283/280
f 278/286/283 279/287/284 280/288/285
f 280/288/285 274/283/280 278/286/283
f 274/283/280 280/288/285 275/284/281
f 283/289/286 281/290/287 282/291/288
f 282/291/288 284/292/289 283/289/286
f 284/292/289 282/291/288 206/213/210
f 206/213/210 205/212/209 284/292/289
f 205/212/209 204/211/208 285/293/290
f 285/293/290 284/292/289 205/212/209
f 285/293/290 283/289/286 284/292/289
f 283/289/286 285/293/290 286/294/291
f 286/294/291 287/295/292 283/289/286
f 287/295/292 288/296/293 281/290/287
f 281/290/287 283/289/286 287/295/292
f 287/295/292 286/294/291 289/297/294
f 289/297/294 290/298/295 287/295/292
f 290/298/295 291/299/296 288/296/293
f 290/298/295 288/296/293 287/295/292
f 290/298/295 289/297/294 292/300/297
f 292/300/297 293/301/298 290/298/295
f 292/300/297 294/302/299 293/301/298
f 295/303/300 293/301/298 294/302/299
f 293/301/298 295/303/300 291/299/296
f 291/299/296 290/298/295 293/301/298
f 294/302/299 292/300/297 296/304/301
f 296/304/301 297/305/302 294/302/299
f 297/305/302 298/306/303 299/307/304
f 299/307/304 294/302/299 297/305/302
f 295/303/300 294/302/299 299/307/304
f 297/305/302 296/304/301 300/308/305
f 302/309/306 300/308/305 301/310/307
f 300/308/305 302/309/306 297/305/302
f 298/306/303 297/305/302 303/311/308
f 302/309/306 303/311/308 297/305/302
f 301/310/307 304/312/309 302/309/306
f 304/312/309 301/310/307 305/313/310
f 305/313/310 306/314/311 304/312/309
f 306/314/311 310/315/312 307/316/313
f 307/316/313 304/312/309 306/314/311
f 302/309/306 307/316/313 303/311/308
f 307/316/313 302/309/306 304/312/309
f 306/314/311 305/313/310 308/317/314
f 308/317/314 309/318/315 306/314/311
f 309/318/315 314/319/316 310/315/312
f 310/315/312 306/314/311 309/318/315
f 308/317/314 312/320/317 309/318/315
f 312/320/317 308/317/314 311/321/318
f 312/320/317 313/322/319 314/319/316
f 312/320/317 314/319/316 309/318/315
f 311/321/318 315/323/320 312/320/317
f 315/323/320 311/321/318 316/324/321
f 315/323/320 317/325/322 313/322/319
f 313/322/319 312/320/317 315/323/320
f 316/324/321 318/326/323 315/323/320
f 318/326/323 316/324/321 319/327/324
f 317/325/322 318/326/323 320/328/325
f 317/325/322 315/323/320 318/326/323
f 319/327/324 321/329/326 318/326/323
f 322/330/327 323/331/328 321/329/326
f 321/329/326 319/327/324 322/330/327
f 323/331/328 327/332/329 324/333/330
f 324/333/330 321/329/326 323/331/328
f 321/329/326 324/333/330 320/328/325
f 320/328/325 318/326/323 321/329/326
f 325/334/331 326/335/332 323/331/328
f 323/331/328 322/330/327 325/334/331
f 327/332/329 323/331/328 326/335/332
f 326/335/332 325/334/331 328/336/333
f 329/337/334 326/335/332 328/336/333
f 327/332/329 326/335/332 329/337/334
f 330/338/335 331/339/336 328/336/333
f 331/339/336 332/340/337 329/337/334
f 329/337/334 328/336/333 331/339/336
f 331/339/336 330/338/335 333/341/338
f 333/341/338 334/342/339 331/339/336
f 336/343/340 333/341/338 335/344/341
f 333/341/338 336/343/340 334/342/339
f 336/343/340 337/345/342 334/342/339
f 334/342/339 337/345/342 332/340/337
f 332/340/337 331/339/336 334/342/339
f 335/344/341 338/346/343 336/343/340
f 338/346/343 335/344/341 339/347/344
f 339/347/344 340/348/345 338/346/343
f 340/348/345 344/349/346 341/350/347
f 341/350/347 338/346/343 340/348/345
f 338/346/343 341/350/347 337/345/342
f 337/345/342 336/343/340 338/346/343
f 340/348/345 339/347/344 342/351/348
f 342/351/348 343/352/349 340/348/345
f 343/352/349 348/353/350 344/349/346
f 344/349/346 340/348/345 343/352/349
f 343/352/349 342/351/348 345/354/351
f 345/354/351 346/355/352 343/352/349
f 346/355/352 347/356/353 348/353/350
f 348/353/350 343/352/349 346/355/352
f 345/354/351 350/357/354 346/355/352
f 350/357/354 345/354/351 349/358/355
f 350/357/354 351/359/356 347/356/353
f 347/356/353 346/355/352 350/357/354
f 349/358/355 352/360/357 350/357/354
f 227/235/232 228/237/234 352/360/357
f 352/360/357 349/358/355 227/235/232
f 231/239/236 352/360/357 228/237/234
f 352/360/357 231/239/236 351/359/356
f 351/359/356 350/357/354 352/360/357
f 4/1/1 3/5/5 14/10/10
f 14/10/10 449/361/358 4/1/1
f 355/362/359 356/363/360 354/364/361
f 358/365/362 355/362/359 354/364/361
f 354/364/361 357/366/363 358/365/362
f 362/367/364 359/368/365 360/369/366
f 360/369/366 361/370/367 362/367/364
f 359/368/365 356/363/360 360/369/366
f 356/363/360 359/368/365 354/364/361
f 364/371/368 363/372/369 431/373/370
f 365/374/371 364/371/368 431/373/370
f 431/373/370 366/375/372 365/374/371
f 431/373/370 363/372/369 367/376/373
f 368/377/374 370/378/375 371/379/376
f 371/379/376 369/380/377 368/377/374
f 374/381/378 514/382/379 372/383/380
f 372/383/380 373/384/381 374/381/378
f 372/383/380 376/385/382 375/386/383
f 375/386/383 373/384/381 372/383/380
f 378/387/384 387/388/385 377/389/386
f 379/390/387 378/387/384 377/389/386
f 383/391/388 380/392/389 381/393/390
f 381/393/390 382/394/391 383/391/388
f 379/390/387 377/389/386 382/394/391
f 382/394/391 381/393/390 379/390/387
f 384/395/392 385/396/393 386/397/394
f 385/396/393 384/395/392 387/388/385
f 387/388/385 378/387/384 385/396/393
f 389/398/395 390/399/396 388/400/397
f 386/397/394 388/400/397 384/395/392
f 388/400/397 386/397/394 389/398/395
f 390/399/396 389/398/395 391/401/398
f 392/402/399 391/401/398 393/403/400
f 391/401/398 392/402/399 390/399/396
f 395/404/401 404/405/402 394/406/403
f 396/407/404 395/404/401 394/406/403
f 397/408/405 398/409/406 401/410/407
f 397/408/405 512/411/408 399/412/409
f 399/412/409 398/409/406 397/408/405
f 375/386/383 376/385/382 400/413/410
f 400/413/410 401/410/407 375/386/383
f 401/410/407 400/413/410 397/408/405
f 396/407/404 394/406/403 402/414/411
f 402/414/411 403/415/412 396/407/404
f 403/415/412 402/414/411 392/402/399
f 392/402/399 393/403/400 403/415/412
f 405/416/413 406/417/414 404/405/402
f 404/405/402 395/404/401 405/416/413
f 407/418/415 410/419/416 406/417/414
f 406/417/414 408/420/417 407/418/415
f 406/417/414 405/416/413 408/420/417
f 412/421/418 409/422/419 410/419/416
f 410/419/416 411/423/420 412/421/418
f 410/419/416 407/418/415 411/423/420
f 413/424/421 414/425/422 415/426/423
f 414/425/422 413/424/421 409/422/419
f 409/422/419 412/421/418 414/425/422
f 413/424/421 415/426/423 416/427/424
f 416/427/424 417/428/425 413/424/421
f 418/429/426 423/430/427 419/431/428
f 423/430/427 418/429/426 420/432/429
f 423/430/427 420/432/429 421/433/430
f 423/430/427 421/433/430 422/434/431
f 422/434/431 425/435/432 423/430/427
f 425/435/432 422/434/431 424/436/433
f 426/437/434 498/438/435 425/435/432
f 425/435/432 424/436/433 426/437/434
f 19/17/17 427/439/436 18/16/16
f 363/372/369 428/440/437 429/441/438
f 429/441/438 367/376/373 363/372/369
f 367/376/373 429/441/438 430/442/439
f 367/376/373 439/443/440 431/373/370
f 439/443/440 367/376/373 507/444/441
f 367/376/373 430/442/439 432/445/442
f 432/445/442 507/444/441 367/376/373
f 507/444/441 432/445/442 508/446/443
f 433/447/444 435/448/445 436/449/446
f 436/449/446 434/450/447 433/447/444
f 437/451/448 439/443/440 440/452/449
f 440/452/449 438/453/450 437/451/448
f 439/443/440 441/454/451 440/452/449
f 447/455/452 444/456/453 445/457/454
f 445/457/454 446/458/455 447/455/452
f 446/458/455 443/459/456 442/460/457
f 442/460/457 447/455/452 446/458/455
f 449/361/358 14/10/10 16/14/14
f 449/361/358 16/14/14 18/16/16
f 449/361/358 18/16/16 448/461/458
f 448/461/458 450/462/459 449/361/358
f 451/463/460 449/361/358 450/462/459
f 277/285/282 453/464/461 278/286/283
f 453/464/461 277/285/282 452/465/462
f 453/464/461 454/466/463 455/467/464
f 453/464/461 455/467/464 279/287/284
f 279/287/284 278/286/283 453/464/461
f 452/465/462 457/468/465 453/464/461
f 457/468/465 452/465/462 456/469/466
f 457/468/465 458/470/467 459/471/468
f 457/468/465 459/471/468 454/466/463
f 454/466/463 453/464/461 457/468/465
f 456/469/466 460/472/469 457/468/465
f 460/472/469 456/469/466 461/473/470
f 461/473/470 462/474/471 460/472/469
f 458/470/467 460/472/469 463/475/472
f 462/474/471 463/475/472 460/472/469
f 458/470/467 457/468/465 460/472/469
f 462/474/471 461/473/470 464/476/473
f 464/476/473 465/477/474 466/478/475
f 466/478/475 462/474/471 464/476/473
f 462/474/471 466/478/475 463/475/472
f 467/479/476 468/480/477 464/476/473
f 467/479/476 469/481/478 468/480/477
f 469/481/478 470/482/479 471/483/480
f 471/483/480 468/480/477 469/481/478
f 468/480/477 471/483/480 465/477/474
f 465/477/474 464/476/473 468/480/477
f 469/481/478 467/479/476 472/484/481
f 472/484/481 473/485/482 469/481/478
f 473/485/482 474/486/483 475/487/484
f 473/485/482 475/487/484 470/482/479
f 470/482/479 469/481/478 473/485/482
f 473/485/482 472/484/481 476/488/485
f 476/488/485 477/489/486 473/485/482
f 476/488/485 478/490/487 477/489/486
f 478/490/487 479/491/488 474/486/483
f 474/486/483 477/489/486 478/490/487
f 477/489/486 474/486/483 473/485/482
f 478/490/487 476/488/485 480/492/489
f 480/492/489 481/493/490 478/490/487
f 481/493/490 482/494/491 479/491/488
f 479/491/488 478/490/487 481/493/490
f 481/493/490 480/492/489 483/495/492
f 483/495/492 484/496/493 481/493/490
f 483/495/492 485/497/494 484/496/493
f 487/498/495 484/496/493 486/499/496
f 485/497/494 486/499/496 484/496/493
f 484/496/493 487/498/495 482/494/491
f 482/494/491 481/493/490 484/496/493
f 485/497/494 483/495/492 488/500/497
f 488/500/497 489/501/498 485/497/494
f 490/502/499 491/503/500 489/501/498
f 489/501/498 488/500/497 490/502/499
f 491/503/500 492/504/501 493/505/502
f 493/505/502 489/501/498 491/503/500
f 489/501/498 493/505/502 486/499/496
f 486/499/496 485/497/494 489/501/498
f 496/506/503 495/507/504 494/508/505
f 494/508/505 497/509/506 496/506/503
f 428/440/437 363/372/369 498/438/435
f 498/438/435 426/437/434 428/440/437
f 506/510/507 505/511/508 499/512/509
f 499/512/509 500/513/510 506/510/507
f 502/514/511 500/513/510 501/515/512
f 500/513/510 499/512/509 501/515/512
f 503/516/513 504/517/514 562/518/515
f 504/517/514 503/516/513 502/514/511
f 502/514/511 501/515/512 504/517/514
f 505/511/508 506/510/507 25/24/24
f 25/24/24 26/23/23 505/511/508
f 509/519/516 441/454/451 507/444/441
f 507/444/441 508/446/443 509/519/516
f 509/519/516 510/94/94 441/454/451
f 510/94/94 509/519/516 511/93/93
f 439/443/440 507/444/441 441/454/451
f 513/520/517 399/412/409 512/411/408
f 515/521/518 516/522/519 514/382/379
f 514/382/379 374/381/378 515/521/518
f 517/523/520 519/524/521 516/522/519
f 516/522/519 518/525/522 517/523/520
f 516/522/519 515/521/518 518/525/522
f 520/526/523 524/527/524 519/524/521
f 519/524/521 517/523/520 520/526/523
f 521/528/525 522/529/526 523/530/527
f 522/529/526 521/528/525 524/527/524
f 524/527/524 520/526/523 522/529/526
f 526/531/528 383/391/388 525/532/529
f 523/530/527 525/532/529 521/528/525
f 525/532/529 523/530/527 526/531/528
f 383/391/388 526/531/528 380/392/389
f 529/533/530 527/534/531 528/535/532
f 528/535/532 530/536/533 529/533/530
f 532/537/534 530/536/533 531/538/535
f 530/536/533 528/535/532 531/538/535
f 533/539/536 531/538/535 534/540/537
f 531/538/535 533/539/536 532/537/534
f 513/520/517 512/411/408 527/534/531
f 527/534/531 529/533/530 513/520/517
f 427/439/436 19/17/17 535/541/538
f 427/439/436 535/541/538 353/542/539
f 353/542/539 419/431/428 427/439/436
f 419/431/428 353/542/539 536/543/540
f 419/431/428 536/543/540 418/429/426
f 16/14/14 15/13/13 17/15/15
f 490/502/499 537/544/541 491/503/500
f 538/545/542 491/503/500 537/544/541
f 491/503/500 538/545/542 492/504/501
f 537/544/541 490/502/499 539/546/543
f 539/546/543 540/547/544 537/544/541
f 541/548/545 537/544/541 540/547/544
f 538/545/542 537/544/541 541/548/545
f 540/547/544 539/546/543 542/549/546
f 542/549/546 543/550/547 540/547/544
f 541/548/545 540/547/544 544/551/548
f 543/550/547 544/551/548 540/547/544
f 543/550/547 542/549/546 545/552/549
f 545/552/549 546/553/550 543/550/547
f 546/553/550 545/552/549 547/554/551
f 547/554/551 548/555/552 546/553/550
f 550/556/553 546/553/550 549/557/554
f 548/555/552 549/557/554 546/553/550
f 546/553/550 550/556/553 544/551/548
f 544/551/548 543/550/547 546/553/550
f 548/555/552 547/554/551 551/558/555
f 552/559/556 554/560/557 553/561/558
f 553/561/558 548/555/552 552/559/556
f 548/555/552 553/561/558 549/557/554
f 551/558/555 552/559/556 548/555/552
f 552/559/556 551/558/555 555/562/559
f 555/562/559 556/563/560 552/559/556
f 556/563/560 557/564/561 554/560/557
f 554/560/557 552/559/556 556/563/560
f 556/563/560 555/562/559 558/216/213
f 558/216/213 559/215/212 556/563/560
f 559/215/212 211/220/217 560/565/562
f 559/215/212 560/565/562 557/564/561
f 557/564/561 556/563/560 559/215/212
f 562/518/515 561/566/563 503/516/513
f 563/567/564 566/568/565 564/569/566
f 566/568/565 563/567/564 565/570/567
f 567/571/568 568/572/569 2/2/2
f 568/572/569 569/573/570 570/574/571
f 570/574/571 2/2/2 568/572/569
f 1/3/3 2/2/2 570/574/571
f 570/574/571 571/575/572 1/3/3
f 574/576/573 572/577/574 573/578/575
f 571/575/572 574/576/573 573/578/575
f 571/575/572 573/578/575 575/579/576
f 575/579/576 1/3/3 571/575/572
f 1/3/3 575/579/576 576/580/577
f 76/74/74 577/581/578 578/582/579
f 578/582/579 78/76/76 76/74/74
f 581/583/580 773/584/581 579/585/582
f 579/585/582 580/586/583 581/583/580
f 577/581/578 76/74/74 773/587/581
f 773/587/581 581/588/580 577/581/578
f 580/586/583 582/589/584 581/583/580
f 583/590/585 584/591/586 585/592/587
f 587/593/588 586/84/84 583/590/585
f 583/590/585 585/592/587 587/593/588
f 584/591/586 569/594/570 568/595/569
f 568/595/569 585/592/587 584/591/586
f 568/595/569 587/593/588 585/592/587
f 587/593/588 568/595/569 567/596/568
f 567/596/568 84/81/81 587/593/588
f 588/597/589 589/598/590 784/599/591
f 590/600/592 86/86/86 589/601/590
f 589/601/590 588/602/589 590/600/592
f 591/603/593 590/600/592 592/604/594
f 590/600/592 588/602/589 593/605/595
f 593/605/595 592/604/594 590/600/592
f 593/606/595 594/607/596 595/608/597
f 596/609/598 592/604/594 593/605/595
f 593/605/595 595/610/597 596/609/598
f 357/366/363 597/611/599 598/612/600
f 598/612/600 358/365/362 357/366/363
f 597/611/599 357/366/363 599/613/601
f 599/613/601 600/614/602 597/611/599
f 600/614/602 601/615/603 597/611/599
f 602/616/604 603/617/605 604/618/606
f 606/619/607 605/620/608 607/621/609
f 606/622/607 604/618/606 603/617/605
f 606/622/607 607/623/609 362/367/364
f 362/367/364 604/618/606 606/622/607
f 608/624/610 609/625/611 610/626/612
f 612/627/613 611/628/614 608/624/610
f 608/624/610 610/626/612 612/627/613
f 614/629/615 615/630/616 613/631/617
f 613/632/617 610/626/612 609/625/611
f 610/626/612 613/632/617 615/633/616
f 615/633/616 612/627/613 610/626/612
f 615/630/616 614/629/615 616/634/618
f 616/635/618 603/617/605 612/627/613
f 612/627/613 615/633/616 616/635/618
f 617/636/619 611/628/614 612/627/613
f 612/627/613 603/617/605 617/636/619
f 616/635/618 606/622/607 603/617/605
f 366/375/372 607/621/609 605/620/608
f 605/620/608 606/619/607 616/634/618
f 365/374/371 366/375/372 605/620/608
f 605/620/608 614/629/615 365/374/371
f 605/620/608 616/634/618 614/629/615
f 618/637/620 614/629/615 613/631/617
f 614/629/615 618/637/620 619/638/621
f 614/629/615 619/638/621 365/374/371
f 369/380/377 609/625/611 620/639/622
f 620/639/622 368/377/374 369/380/377
f 621/640/623 619/638/621 618/637/620
f 609/625/611 369/380/377 621/641/623
f 621/641/623 618/642/620 609/625/611
f 618/642/620 613/632/617 609/625/611
f 622/643/624 629/644/625 623/645/626
f 622/643/624 623/645/626 624/646/627
f 629/644/625 634/647/628 625/648/629
f 625/648/629 623/645/626 629/644/625
f 623/645/626 625/648/629 626/649/630
f 626/649/630 624/646/627 623/645/626
f 627/650/631 628/651/632 626/652/630
f 624/646/627 626/649/630 628/653/632
f 628/653/632 371/379/376 624/646/627
f 416/427/424 629/654/625 630/655/633
f 630/655/633 417/428/425 416/427/424
f 634/656/628 631/657/634 632/658/635
f 632/658/635 633/659/636 634/656/628
f 629/654/625 416/427/424 631/660/634
f 631/660/634 634/661/628 629/654/625
f 633/659/636 625/662/629 634/656/628
f 638/663/637 635/664/638 636/665/639
f 636/665/639 637/666/640 638/663/637
f 635/664/638 597/611/599 636/665/639
f 601/667/603 639/668/641 640/669/642
f 640/669/642 641/670/643 601/667/603
f 601/615/603 636/665/639 597/611/599
f 601/615/603 641/671/643 637/666/640
f 637/666/640 636/665/639 601/615/603
f 640/669/642 643/672/644 642/673/645
f 642/673/645 641/670/643 640/669/642
f 641/671/643 642/674/645 644/675/646
f 644/675/646 637/666/640 641/671/643
f 645/676/647 644/675/646 646/677/648
f 648/678/649 649/679/650 647/680/651
f 644/675/646 642/674/645 647/681/651
f 647/681/651 646/677/648 644/675/646
f 647/681/651 649/682/650 433/447/444
f 433/447/444 646/677/648 647/681/651
f 436/449/446 435/448/445 650/683/652
f 650/683/652 651/684/653 436/449/446
f 652/685/654 653/686/655 654/687/656
f 650/683/652 435/448/445 652/688/654
f 652/688/654 654/689/656 650/683/652
f 656/690/657 655/691/658 657/692/659
f 656/693/657 654/687/656 653/686/655
f 654/689/656 656/690/657 657/692/659
f 657/692/659 650/683/652 654/689/656
f 438/453/450 640/669/642 639/668/641
f 639/668/641 437/451/448 438/453/450
f 647/680/651 643/672/644 648/678/649
f 640/669/642 438/453/450 648/678/649
f 648/678/649 643/672/644 640/669/642
f 647/680/651 642/673/645 643/672/644
f 639/668/641 601/667/603 600/694/602
f 639/668/641 600/694/602 599/695/601
f 599/695/601 437/451/448 639/668/641
f 442/460/457 443/459/456 658/696/660
f 658/696/660 659/697/661 442/460/457
f 658/696/660 443/459/456 661/698/662
f 661/698/662 660/699/663 658/696/660
f 660/700/663 662/701/664 663/702/665
f 660/699/663 663/703/665 664/704/666
f 664/704/666 658/696/660 660/699/663
f 444/456/453 596/609/598 445/457/454
f 596/609/598 595/610/597 665/705/667
f 665/705/667 445/457/454 596/609/598
f 450/462/459 666/706/668 665/707/667
f 666/708/668 446/458/455 445/457/454
f 445/457/454 665/705/667 666/708/668
f 450/462/459 665/707/667 594/607/596
f 665/707/667 595/608/597 594/607/596
f 450/462/459 594/607/596 667/709/669
f 667/709/669 451/463/460 450/462/459
f 594/607/596 593/606/595 667/709/669
f 588/597/589 667/709/669 593/606/595
f 784/599/591 451/463/460 667/709/669
f 667/709/669 588/597/589 784/599/591
f 668/710/670 669/711/671 670/712/672
f 672/713/673 671/714/674 668/710/670
f 668/710/670 670/712/672 672/713/673
f 669/711/671 572/715/574 574/716/573
f 574/716/573 670/712/672 669/711/671
f 574/716/573 672/713/673 670/712/672
f 570/574/571 569/573/570 574/576/573
f 574/576/573 571/575/572 570/574/571
f 569/594/570 584/591/586 672/713/673
f 672/713/673 574/716/573 569/594/570
f 673/717/675 577/718/578 674/719/676
f 673/717/675 674/719/676 675/720/677
f 577/718/578 581/721/580 582/722/584
f 582/722/584 674/719/676 577/718/578
f 674/719/676 582/722/584 676/723/678
f 676/723/678 675/720/677 674/719/676
f 677/724/679 678/725/680 676/726/678
f 675/720/677 676/723/678 678/727/680
f 678/727/680 494/508/505 675/720/677
f 497/509/506 679/728/681 496/506/503
f 497/509/506 680/729/682 679/728/681
f 682/730/683 681/731/684 576/580/577
f 576/580/577 575/579/576 682/730/683
f 681/732/684 682/733/683 497/509/506
f 680/729/682 497/509/506 682/733/683
f 575/579/576 573/578/575 572/577/574
f 572/577/574 682/730/683 575/579/576
f 682/733/683 572/715/574 669/711/671
f 669/711/671 680/729/682 682/733/683
f 685/734/685 694/735/686 686/736/687
f 684/737/688 685/738/685 686/739/687
f 686/739/687 533/539/536 684/737/688
f 687/740/689 657/692/659 688/741/690
f 655/742/658 656/693/657 689/743/691
f 655/691/658 688/741/690 657/692/659
f 689/743/691 690/744/692 655/742/658
f 690/745/692 561/566/563 688/741/690
f 688/741/690 655/691/658 690/745/692
f 691/746/693 664/704/666 692/747/694
f 663/703/665 692/747/694 664/704/666
f 1145/748/695 693/749/696 663/702/665
f 663/702/665 662/701/664 1145/748/695
f 693/750/696 563/567/564 692/747/694
f 692/747/694 663/703/665 693/750/696
f 694/751/686 685/738/685 684/737/688
f 684/737/688 565/570/567 694/751/686
f 1/3/3 576/580/577 677/724/679
f 677/724/679 5/4/4 1/3/3
f 2/2/2 696/752/697 567/571/568
f 696/752/697 2/2/2 4/1/1
f 1049/753/698 698/754/699 697/755/700
f 7/90/90 697/755/700 698/754/699
f 701/756/701 700/757/702 702/758/703
f 797/759/704 701/756/701 702/758/703
f 805/760/705 946/761/706 703/762/707
f 8/7/7 805/760/705 703/762/707
f 10/6/6 704/763/708 803/764/709
f 705/765/710 803/764/709 704/763/708
f 711/766/711 710/767/712 706/768/713
f 705/765/710 711/766/711 706/768/713
f 708/769/714 707/770/715 703/762/707
f 8/7/7 703/762/707 707/770/715
f 707/770/715 9/8/8 8/7/7
f 704/763/708 709/771/716 705/765/710
f 713/772/717 712/773/718 710/767/712
f 710/767/712 711/766/711 713/772/717
f 709/771/716 713/772/717 711/766/711
f 711/766/711 705/765/710 709/771/716
f 704/763/708 715/774/719 709/771/716
f 713/772/717 709/771/716 715/774/719
f 707/770/715 708/769/714 714/775/720
f 9/8/8 707/770/715 714/775/720
f 10/6/6 715/774/719 704/763/708
f 719/776/721 579/585/582 712/773/718
f 712/773/718 713/772/717 719/776/721
f 715/774/719 719/776/721 713/772/717
f 963/777/722 716/778/723 714/775/720
f 9/8/8 714/775/720 716/778/723
f 716/778/723 963/777/722 966/779/724
f 716/778/723 11/9/9 9/8/8
f 717/780/725 10/6/6 3/5/5
f 10/6/6 717/780/725 715/774/719
f 579/585/582 719/776/721 718/781/726
f 717/780/725 718/781/726 719/776/721
f 719/776/721 715/774/719 717/780/725
f 720/782/727 971/783/728 969/784/729
f 720/782/727 969/784/729 974/785/730
f 974/785/730 721/786/731 720/782/727
f 11/9/9 720/782/727 721/786/731
f 721/786/731 12/11/11 11/9/9
f 721/786/731 974/785/730 978/787/732
f 721/786/731 978/787/732 982/788/733
f 12/11/11 721/786/731 982/788/733
f 982/788/733 13/12/12 12/11/11
f 1163/789/734 722/790/735 982/788/733
f 13/12/12 982/788/733 722/790/735
f 722/790/735 1166/791/736 1170/792/737
f 1170/792/737 723/793/738 722/790/735
f 13/12/12 722/790/735 723/793/738
f 723/793/738 15/13/13 13/12/12
f 723/793/738 1170/792/737 724/794/739
f 723/793/738 724/794/739 1176/795/740
f 1176/795/740 725/796/741 723/793/738
f 15/13/13 723/793/738 725/796/741
f 727/797/742 726/798/743 1186/799/744
f 1186/799/744 728/800/745 727/797/742
f 17/15/15 727/797/742 728/800/745
f 728/800/745 1186/799/744 729/801/746
f 728/800/745 729/801/746 1191/802/747
f 1191/802/747 730/803/748 728/800/745
f 17/15/15 728/800/745 730/803/748
f 730/803/748 19/17/17 17/15/15
f 735/804/749 734/805/750 731/806/751
f 731/806/751 732/807/752 735/804/749
f 24/21/21 735/808/749 732/809/752
f 732/809/752 22/19/19 24/21/21
f 732/809/752 21/20/20 22/19/19
f 734/805/750 735/804/749 733/810/753
f 25/24/24 733/811/753 735/808/749
f 735/808/749 24/21/21 25/24/24
f 732/807/752 731/806/751 736/812/754
f 736/812/754 737/813/755 732/807/752
f 21/20/20 732/809/752 737/814/755
f 737/814/755 29/26/26 21/20/20
f 737/814/755 28/27/27 29/26/26
f 737/813/755 736/812/754 738/815/756
f 738/815/756 739/816/757 737/813/755
f 28/27/27 737/814/755 739/817/757
f 739/817/757 31/29/29 28/27/27
f 739/816/757 738/815/756 740/818/758
f 740/818/758 741/819/759 739/816/757
f 31/29/29 739/817/757 741/820/759
f 741/820/759 33/30/30 31/29/29
f 741/819/759 740/818/758 742/821/760
f 742/821/760 743/822/761 741/819/759
f 33/30/30 741/820/759 743/823/761
f 743/823/761 35/32/32 33/30/30
f 745/824/762 744/825/763 746/826/764
f 746/826/764 747/827/765 745/824/762
f 37/34/34 745/828/762 747/829/765
f 745/828/762 37/34/34 39/37/37
f 747/827/765 746/826/764 706/768/713
f 706/768/713 748/830/766 747/827/765
f 41/39/39 747/829/765 748/831/766
f 747/829/765 41/39/39 37/34/34
f 748/830/766 706/768/713 710/767/712
f 710/767/712 749/832/767 748/830/766
f 43/41/41 748/831/766 749/833/767
f 748/831/766 43/41/41 41/39/39
f 749/833/767 46/45/45 43/41/41
f 749/832/767 710/767/712 712/773/718
f 712/773/718 750/834/768 749/832/767
f 46/45/45 749/833/767 750/835/768
f 750/835/768 47/43/43 46/45/45
f 743/822/761 742/821/760 751/836/769
f 751/836/769 752/837/770 743/822/761
f 35/32/32 743/823/761 752/838/770
f 752/838/770 50/47/47 35/32/32
f 752/838/770 49/48/48 50/47/47
f 752/837/770 751/836/769 753/839/771
f 753/839/771 754/840/772 752/837/770
f 49/48/48 752/838/770 754/841/772
f 754/841/772 52/50/50 49/48/48
f 754/840/772 753/839/771 755/842/773
f 755/842/773 756/843/774 754/840/772
f 52/50/50 754/841/772 756/844/774
f 756/844/774 54/52/52 52/50/50
f 756/843/774 755/842/773 757/845/775
f 54/52/52 756/844/774 757/846/775
f 54/52/52 757/846/775 758/847/776
f 758/847/776 56/54/54 54/52/52
f 758/848/776 757/845/775 759/849/777
f 56/54/54 758/847/776 759/850/777
f 759/850/777 58/56/56 56/54/54
f 760/851/778 761/852/779 759/849/777
f 58/56/56 759/850/777 761/853/779
f 761/853/779 60/57/57 58/56/56
f 761/852/779 760/851/778 762/854/780
f 60/57/57 761/853/779 762/855/780
f 762/855/780 63/60/60 60/57/57
f 702/758/703 763/856/781 762/854/780
f 63/60/60 762/855/780 763/857/781
f 763/857/781 62/61/61 63/60/60
f 763/856/781 702/758/703 700/757/702
f 700/757/702 764/858/782 763/856/781
f 62/61/61 763/857/781 764/859/782
f 764/859/782 66/65/65 62/61/61
f 700/757/702 765/860/783 764/858/782
f 66/65/65 764/859/782 765/861/783
f 765/861/783 67/62/62 66/65/65
f 765/860/783 700/757/702 766/862/784
f 766/862/784 767/863/785 765/860/783
f 67/62/62 765/861/783 767/864/785
f 767/864/785 69/67/67 67/62/62
f 767/863/785 766/862/784 768/865/786
f 69/67/67 767/864/785 768/866/786
f 768/866/786 71/69/69 69/67/67
f 769/867/787 770/868/788 768/865/786
f 71/69/69 768/866/786 770/869/788
f 770/869/788 73/71/71 71/69/69
f 770/868/788 769/867/787 771/870/789
f 771/870/789 772/871/790 770/868/788
f 73/71/71 770/869/788 772/872/790
f 772/872/790 74/72/72 73/71/71
f 772/871/790 771/870/789 744/825/763
f 744/825/763 745/824/762 772/871/790
f 74/72/72 772/872/790 745/828/762
f 745/828/762 39/37/37 74/72/72
f 712/773/718 773/584/581 750/834/768
f 77/73/73 750/835/768 773/587/581
f 773/587/581 76/74/74 77/73/73
f 773/584/581 712/773/718 579/585/582
f 750/835/768 77/73/73 47/43/43
f 673/873/675 578/582/579 577/581/578
f 780/874/791 1025/875/792 1030/876/793
f 1030/876/793 774/877/794 780/874/791
f 80/77/77 780/874/791 774/877/794
f 774/877/794 79/78/78 80/77/77
f 777/878/795 775/879/796 778/880/797
f 776/881/798 755/842/773 753/839/771
f 753/839/771 779/882/799 776/881/798
f 775/879/796 776/881/798 779/882/799
f 779/882/799 778/880/797 775/879/796
f 779/882/799 753/839/771 751/836/769
f 774/877/794 1030/876/793 781/883/800
f 79/78/78 774/877/794 781/883/800
f 777/878/795 81/79/79 6/80/80
f 782/884/801 759/849/777 757/845/775
f 757/845/775 776/881/798 782/884/801
f 775/879/796 782/884/801 776/881/798
f 587/593/588 84/81/81 586/84/84
f 696/752/697 783/885/802 567/571/568
f 84/81/81 567/596/568 783/886/802
f 783/886/802 82/82/82 84/81/81
f 783/885/802 696/752/697 784/599/591
f 784/599/591 589/598/590 783/885/802
f 82/82/82 783/886/802 589/601/590
f 589/601/590 86/86/86 82/82/82
f 591/603/593 785/887/803 590/600/592
f 785/887/803 85/85/85 86/86/86
f 86/86/86 590/600/592 785/887/803
f 87/89/89 787/888/804 808/889/805
f 808/889/805 786/890/806 807/891/807
f 786/890/806 808/889/805 787/888/804
f 731/806/751 788/892/808 736/812/754
f 786/890/806 736/812/754 788/892/808
f 788/892/808 807/891/807 786/890/806
f 789/893/809 1010/894/810 790/895/811
f 790/895/811 791/896/812 789/893/809
f 91/87/87 789/893/809 791/896/812
f 791/896/812 88/88/88 91/87/87
f 791/896/812 790/895/811 1017/897/813
f 787/888/804 87/89/89 81/79/79
f 786/890/806 738/815/756 736/812/754
f 787/888/804 792/898/814 786/890/806
f 792/898/814 740/818/758 738/815/756
f 738/815/756 786/890/806 792/898/814
f 1017/897/813 794/899/815 791/896/812
f 88/88/88 791/896/812 794/899/815
f 794/899/815 80/77/77 88/88/88
f 794/899/815 1017/897/813 793/900/816
f 792/898/814 742/821/760 740/818/758
f 793/900/816 780/874/791 794/899/815
f 80/77/77 794/899/815 780/874/791
f 780/874/791 793/900/816 1025/875/792
f 81/79/79 777/878/795 787/888/804
f 787/888/804 778/880/797 792/898/814
f 778/880/797 787/888/804 777/878/795
f 779/882/799 751/836/769 742/821/760
f 778/880/797 779/882/799 742/821/760
f 742/821/760 792/898/814 778/880/797
f 776/881/798 757/845/775 755/842/773
f 795/901/817 796/902/818 781/883/800
f 79/78/78 781/883/800 796/902/818
f 777/878/795 797/759/704 775/879/796
f 6/80/80 699/903/819 777/878/795
f 797/759/704 777/878/795 699/903/819
f 759/849/777 782/884/801 760/851/778
f 797/759/704 760/851/778 782/884/801
f 782/884/801 775/879/796 797/759/704
f 796/902/818 795/901/817 697/755/700
f 79/78/78 796/902/818 697/755/700
f 697/755/700 7/90/90 79/78/78
f 702/758/703 762/854/780 760/851/778
f 797/759/704 702/758/703 760/851/778
f 699/903/819 6/80/80 90/91/91
f 699/903/819 798/904/820 797/759/704
f 700/757/702 701/756/701 766/862/784
f 798/904/820 766/862/784 701/756/701
f 701/756/701 797/759/704 798/904/820
f 698/754/699 1049/753/698 1050/905/821
f 1050/905/821 799/906/822 698/754/699
f 7/90/90 698/754/699 799/906/822
f 799/906/822 89/92/92 7/90/90
f 90/91/91 803/764/709 699/903/819
f 798/904/820 699/903/819 803/764/709
f 769/867/787 768/865/786 766/862/784
f 798/904/820 769/867/787 766/862/784
f 799/906/822 1050/905/821 800/907/823
f 803/764/709 804/908/824 798/904/820
f 804/908/824 771/870/789 769/867/787
f 769/867/787 798/904/820 804/908/824
f 800/907/823 802/909/825 799/906/822
f 89/92/92 799/906/822 802/909/825
f 802/909/825 800/907/823 801/910/826
f 804/908/824 744/825/763 771/870/789
f 801/910/826 805/760/705 802/909/825
f 89/92/92 802/909/825 805/760/705
f 805/760/705 8/7/7 89/92/92
f 805/760/705 801/910/826 946/761/706
f 803/764/709 705/765/710 804/908/824
f 705/765/710 746/826/764 744/825/763
f 744/825/763 804/908/824 705/765/710
f 803/764/709 90/91/91 10/6/6
f 705/765/710 706/768/713 746/826/764
f 806/911/827 1269/912/828 1000/913/829
f 806/911/827 91/87/87 511/93/93
f 808/889/805 510/94/94 87/89/89
f 808/889/805 807/891/807 1217/914/830
f 809/915/831 733/810/753 1201/916/832
f 807/891/807 809/915/831 1201/916/832
f 1201/916/832 1217/914/830 807/891/807
f 810/917/833 95/100/100 103/99/99
f 103/99/99 812/918/834 810/917/833
f 811/919/835 810/917/833 812/918/834
f 812/918/834 813/920/836 811/919/835
f 820/921/837 814/922/838 821/923/839
f 813/920/836 821/923/839 814/922/838
f 814/922/838 811/919/835 813/920/836
f 932/924/840 98/104/104 96/101/101
f 96/101/101 815/925/841 932/924/840
f 95/100/100 810/917/833 96/101/101
f 815/925/841 96/101/101 810/917/833
f 810/917/833 811/919/835 815/925/841
f 814/922/838 820/921/837 816/926/842
f 811/919/835 814/922/838 816/926/842
f 816/926/842 815/925/841 811/919/835
f 1104/927/843 817/928/844 816/926/842
f 815/925/841 816/926/842 817/928/844
f 817/928/844 932/924/840 815/925/841
f 812/918/834 103/99/99 106/108/108
f 106/108/108 818/929/845 812/918/834
f 813/920/836 812/918/834 818/929/845
f 818/929/845 819/930/846 813/920/836
f 820/921/837 821/923/839 824/931/847
f 819/930/846 824/931/847 821/923/839
f 821/923/839 813/920/836 819/930/846
f 818/929/845 106/108/108 109/111/111
f 109/111/111 822/932/848 818/929/845
f 819/930/846 818/929/845 822/932/848
f 822/932/848 823/933/849 819/930/846
f 826/934/850 1114/935/851 824/931/847
f 823/933/849 826/934/850 824/931/847
f 824/931/847 819/930/846 823/933/849
f 822/932/848 109/111/111 110/114/114
f 822/932/848 825/936/852 823/933/849
f 1114/935/851 826/934/850 828/937/853
f 825/936/852 828/937/853 826/934/850
f 826/934/850 823/933/849 825/936/852
f 110/114/114 827/938/854 822/932/848
f 825/936/852 822/932/848 827/938/854
f 832/939/855 831/940/856 1114/935/851
f 1114/935/851 828/937/853 832/939/855
f 825/936/852 832/939/855 828/937/853
f 827/938/854 110/114/114 114/118/118
f 114/118/118 829/941/857 827/938/854
f 825/936/852 827/938/854 829/941/857
f 829/941/857 830/942/858 825/936/852
f 832/939/855 825/936/852 830/942/858
f 829/941/857 114/118/118 118/122/122
f 830/942/858 829/941/857 118/122/122
f 118/122/122 833/943/859 830/942/858
f 117/121/121 834/944/860 118/122/122
f 833/943/859 118/122/122 834/944/860
f 835/945/861 833/943/859 834/944/860
f 835/945/861 1121/946/862 831/940/856
f 831/940/856 832/939/855 835/945/861
f 833/943/859 835/945/861 832/939/855
f 832/939/855 830/942/858 833/943/859
f 834/944/860 117/121/121 121/125/125
f 121/125/125 836/947/863 834/944/860
f 836/947/863 837/948/864 834/944/860
f 839/949/865 838/950/866 1121/946/862
f 1121/946/862 835/945/861 839/949/865
f 834/944/860 839/949/865 835/945/861
f 839/949/865 834/944/860 837/948/864
f 836/947/863 121/125/125 124/128/128
f 124/128/128 840/951/867 836/947/863
f 837/948/864 836/947/863 840/951/867
f 840/951/867 841/952/868 837/948/864
f 843/953/869 842/954/870 838/950/866
f 838/950/866 839/949/865 843/953/869
f 837/948/864 843/953/869 839/949/865
f 843/953/869 837/948/864 841/952/868
f 840/951/867 124/128/128 127/131/131
f 127/131/131 844/955/871 840/951/867
f 841/952/868 840/951/867 844/955/871
f 844/955/871 845/956/872 841/952/868
f 847/957/873 846/958/874 842/954/870
f 842/954/870 843/953/869 847/957/873
f 841/952/868 847/957/873 843/953/869
f 847/957/873 841/952/868 845/956/872
f 844/955/871 127/131/131 130/134/134
f 130/134/134 848/959/875 844/955/871
f 845/956/872 844/955/871 848/959/875
f 848/959/875 849/960/876 845/956/872
f 850/961/877 1126/962/878 846/958/874
f 846/958/874 847/957/873 850/961/877
f 845/956/872 850/961/877 847/957/873
f 850/961/877 845/956/872 849/960/876
f 848/959/875 130/134/134 134/138/138
f 134/138/138 851/963/879 848/959/875
f 849/960/876 848/959/875 851/963/879
f 851/963/879 852/964/880 849/960/876
f 1126/962/878 850/961/877 1130/965/881
f 849/960/876 1130/965/881 850/961/877
f 1130/965/881 849/960/876 852/964/880
f 851/963/879 134/138/138 137/141/141
f 137/141/141 853/966/882 851/963/879
f 852/964/880 851/963/879 853/966/882
f 853/966/882 854/967/883 852/964/880
f 856/968/884 855/969/885 1130/965/881
f 854/967/883 856/968/884 1130/965/881
f 1130/965/881 852/964/880 854/967/883
f 853/966/882 137/141/141 141/145/145
f 141/145/145 857/970/886 853/966/882
f 854/967/883 853/966/882 857/970/886
f 857/970/886 141/145/145 140/144/144
f 140/144/144 858/971/887 857/970/886
f 858/971/887 859/972/888 857/970/886
f 860/973/889 857/970/886 859/972/888
f 860/973/889 1135/974/890 855/969/885
f 855/969/885 856/968/884 860/973/889
f 857/970/886 860/973/889 856/968/884
f 856/968/884 854/967/883 857/970/886
f 858/971/887 140/144/144 145/149/149
f 858/971/887 145/149/149 144/148/148
f 144/148/148 861/975/891 858/971/887
f 859/972/888 858/971/887 861/975/891
f 861/975/891 862/976/892 859/972/888
f 863/977/893 859/972/888 862/976/892
f 863/977/893 1149/978/894 1135/974/890
f 1135/974/890 860/973/889 863/977/893
f 859/972/888 863/977/893 860/973/889
f 861/975/891 144/148/148 149/153/153
f 861/975/891 149/153/153 148/152/152
f 148/152/152 864/979/895 861/975/891
f 862/976/892 861/975/891 864/979/895
f 864/979/895 865/980/896 862/976/892
f 867/981/897 862/976/892 865/980/896
f 867/981/897 866/982/898 1149/978/894
f 1149/978/894 863/977/893 867/981/897
f 862/976/892 867/981/897 863/977/893
f 864/979/895 148/152/152 153/157/157
f 864/979/895 153/157/157 152/156/156
f 152/156/156 868/983/899 864/979/895
f 865/980/896 864/979/895 868/983/899
f 868/983/899 869/984/900 865/980/896
f 871/985/901 865/980/896 869/984/900
f 871/985/901 870/986/902 866/982/898
f 866/982/898 867/981/897 871/985/901
f 865/980/896 871/985/901 867/981/897
f 868/983/899 152/156/156 157/161/161
f 868/983/899 157/161/161 156/160/160
f 156/160/160 872/987/903 868/983/899
f 869/984/900 868/983/899 872/987/903
f 872/987/903 873/988/904 869/984/900
f 874/989/905 869/984/900 873/988/904
f 874/989/905 1151/990/906 870/986/902
f 870/986/902 871/985/901 874/989/905
f 869/984/900 874/989/905 871/985/901
f 872/987/903 156/160/160 161/165/165
f 872/987/903 161/165/165 160/164/164
f 160/164/164 875/991/907 872/987/903
f 873/988/904 872/987/903 875/991/907
f 875/991/907 876/992/908 873/988/904
f 878/993/909 873/988/904 876/992/908
f 878/993/909 877/994/910 1151/990/906
f 1151/990/906 874/989/905 878/993/909
f 873/988/904 878/993/909 874/989/905
f 875/991/907 160/164/164 166/170/170
f 876/992/908 875/991/907 166/170/170
f 876/992/908 166/170/170 165/169/169
f 165/169/169 879/995/911 876/992/908
f 880/996/912 876/992/908 879/995/911
f 877/994/910 878/993/909 880/996/912
f 876/992/908 880/996/912 878/993/909
f 171/175/175 881/997/913 165/169/169
f 879/995/911 165/169/169 881/997/913
f 881/997/913 882/998/914 879/995/911
f 881/997/913 171/175/175 170/174/174
f 883/999/915 1153/1000/916 880/996/912
f 882/998/914 883/999/915 880/996/912
f 880/996/912 879/995/911 882/998/914
f 881/997/913 170/174/174 175/179/179
f 175/179/179 884/1001/917 881/997/913
f 882/998/914 881/997/913 884/1001/917
f 884/1001/917 885/1002/918 882/998/914
f 884/1001/917 175/179/179 174/178/178
f 887/1003/919 886/1004/920 1153/1000/916
f 1153/1000/916 883/999/915 887/1003/919
f 885/1002/918 887/1003/919 883/999/915
f 883/999/915 882/998/914 885/1002/918
f 884/1001/917 174/178/178 180/184/184
f 180/184/184 888/1005/921 884/1001/917
f 885/1002/918 884/1001/917 888/1005/921
f 888/1005/921 889/1006/922 885/1002/918
f 888/1005/921 180/184/184 179/183/183
f 890/1007/923 1157/1008/924 886/1004/920
f 886/1004/920 887/1003/919 890/1007/923
f 889/1006/922 890/1007/923 887/1003/919
f 887/1003/919 885/1002/918 889/1006/922
f 888/1009/921 179/192/183 185/191/189
f 185/191/189 891/1010/925 888/1009/921
f 889/1011/922 888/1009/921 891/1010/925
f 891/1010/925 892/1012/926 889/1011/922
f 891/1010/925 185/191/189 184/190/188
f 184/190/188 893/1013/927 891/1010/925
f 892/1012/926 891/1010/925 893/1013/927
f 893/1013/927 894/1014/928 892/1012/926
f 895/1015/929 1155/1016/930 896/1017/931
f 894/1014/928 895/1015/929 896/1017/931
f 896/1017/931 892/1012/926 894/1014/928
f 1157/1018/924 890/1019/923 896/1017/931
f 892/1012/926 896/1017/931 890/1019/923
f 890/1019/923 889/1011/922 892/1012/926
f 893/1013/927 184/190/188 189/196/193
f 893/1013/927 189/196/193 188/195/192
f 188/195/192 897/1020/932 893/1013/927
f 894/1014/928 893/1013/927 897/1020/932
f 897/1020/932 898/1021/933 894/1014/928
f 900/1022/934 899/1023/935 1155/1016/930
f 1155/1016/930 895/1015/929 900/1022/934
f 898/1021/933 900/1022/934 895/1015/929
f 895/1015/929 894/1014/928 898/1021/933
f 897/1020/932 188/195/192 192/199/196
f 897/1020/932 192/199/196 191/198/195
f 191/198/195 901/1024/936 897/1020/932
f 898/1021/933 897/1020/932 901/1024/936
f 901/1024/936 902/1025/937 898/1021/933
f 904/1026/938 903/1027/939 899/1023/935
f 899/1023/935 900/1022/934 904/1026/938
f 902/1025/937 904/1026/938 900/1022/934
f 900/1022/934 898/1021/933 902/1025/937
f 901/1024/936 191/198/195 196/203/200
f 901/1024/936 196/203/200 195/202/199
f 195/202/199 905/1028/940 901/1024/936
f 902/1025/937 901/1024/936 905/1028/940
f 905/1028/940 906/1029/941 902/1025/937
f 907/1030/942 1206/1031/943 903/1027/939
f 903/1027/939 904/1026/938 907/1030/942
f 906/1029/941 907/1030/942 904/1026/938
f 904/1026/938 902/1025/937 906/1029/941
f 905/1028/940 195/202/199 200/207/204
f 905/1028/940 200/207/204 199/206/203
f 199/206/203 908/1032/944 905/1028/940
f 906/1029/941 905/1028/940 908/1032/944
f 908/1032/944 909/1033/945 906/1029/941
f 911/1034/946 910/1035/947 1206/1031/943
f 1206/1031/943 907/1030/942 911/1034/946
f 909/1033/945 911/1034/946 907/1030/942
f 907/1030/942 906/1029/941 909/1033/945
f 908/1032/944 199/206/203 203/210/207
f 203/210/207 912/1036/948 908/1032/944
f 909/1033/945 908/1032/944 912/1036/948
f 912/1036/948 913/1037/949 909/1033/945
f 910/1035/947 911/1034/946 914/1038/950
f 913/1037/949 914/1038/950 911/1034/946
f 911/1034/946 909/1033/945 913/1037/949
f 912/1036/948 203/210/207 207/214/211
f 207/214/211 915/1039/951 912/1036/948
f 913/1037/949 912/1036/948 915/1039/951
f 915/1039/951 916/1040/952 913/1037/949
f 915/1039/951 207/214/211 206/213/210
f 917/1041/953 1208/1042/954 910/1035/947
f 910/1035/947 914/1038/950 917/1041/953
f 916/1040/952 917/1041/953 914/1038/950
f 914/1038/950 913/1037/949 916/1040/952
f 1267/1043/955 211/220/217 210/219/216
f 210/219/216 918/1044/956 1267/1043/955
f 1268/1045/957 1267/1043/955 918/1044/956
f 918/1044/956 919/1046/958 1268/1045/957
f 921/1047/959 1268/1045/957 919/1046/958
f 1239/1048/960 921/1047/959 920/1049/961
f 919/1046/958 920/1049/961 921/1047/959
f 918/1044/956 210/219/216 214/223/220
f 214/223/220 922/1050/962 918/1044/956
f 919/1046/958 918/1044/956 922/1050/962
f 922/1050/962 923/1051/963 919/1046/958
f 920/1049/961 919/1046/958 923/1051/963
f 924/1052/964 1243/1053/965 920/1049/961
f 923/1051/963 924/1052/964 920/1049/961
f 922/1050/962 214/223/220 217/226/223
f 217/226/223 925/1054/966 922/1050/962
f 923/1051/963 922/1050/962 925/1054/966
f 925/1054/966 926/1055/967 923/1051/963
f 924/1052/964 923/1051/963 926/1055/967
f 930/1056/968 1097/1057/969 1243/1053/965
f 1243/1053/965 924/1052/964 930/1056/968
f 926/1055/967 930/1056/968 924/1052/964
f 925/1054/966 217/226/223 223/231/228
f 926/1055/967 925/1054/966 223/231/228
f 223/231/228 927/1058/970 926/1055/967
f 222/232/229 928/1059/971 223/231/228
f 927/1058/970 223/231/228 928/1059/971
f 928/1059/971 929/1060/972 927/1058/970
f 933/1061/973 934/1062/974 1097/1057/969
f 1097/1057/969 930/1056/968 933/1061/973
f 929/1060/972 933/1061/973 930/1056/968
f 930/1056/968 927/1058/970 929/1060/972
f 930/1056/968 926/1055/967 927/1058/970
f 928/1059/971 222/232/229 226/234/231
f 226/234/231 931/1063/975 928/1059/971
f 929/1060/972 928/1059/971 931/1063/975
f 931/1063/975 932/924/840 929/1060/972
f 817/928/844 1104/927/843 934/1062/974
f 934/1062/974 933/1061/973 817/928/844
f 932/924/840 817/928/844 933/1061/973
f 933/1061/973 929/1060/972 932/924/840
f 931/1063/975 226/234/231 98/104/104
f 932/924/840 931/1063/975 98/104/104
f 230/238/235 935/1064/976 231/239/236
f 937/1065/977 231/239/236 935/1064/976
f 935/1064/976 936/1066/978 937/1065/977
f 938/1067/979 800/1068/823 1050/1069/821
f 939/1070/980 937/1065/977 936/1066/978
f 1050/1069/821 939/1070/980 938/1067/979
f 936/1066/978 938/1067/979 939/1070/980
f 935/1064/976 230/238/235 234/242/239
f 234/242/239 940/1071/981 935/1064/976
f 936/1066/978 935/1064/976 940/1071/981
f 940/1071/981 941/1072/982 936/1066/978
f 942/1073/983 801/1074/826 800/1068/823
f 938/1067/979 936/1066/978 941/1072/982
f 800/1068/823 938/1067/979 942/1073/983
f 941/1072/982 942/1073/983 938/1067/979
f 940/1071/981 234/242/239 239/247/244
f 941/1072/982 940/1071/981 239/247/244
f 239/247/244 943/1075/984 941/1072/982
f 943/1075/984 239/247/244 238/246/243
f 238/246/243 944/1076/985 943/1075/984
f 945/1077/986 946/1078/706 801/1074/826
f 945/1077/986 943/1075/984 944/1076/985
f 942/1073/983 941/1072/982 943/1075/984
f 801/1074/826 942/1073/983 945/1077/986
f 943/1075/984 945/1077/986 942/1073/983
f 944/1076/985 238/246/243 242/250/247
f 946/1078/706 945/1077/986 947/1079/987
f 944/1076/985 947/1079/987 945/1077/986
f 244/252/249 948/1080/988 242/250/247
f 944/1076/985 242/250/247 948/1080/988
f 948/1080/988 949/1081/989 944/1076/985
f 950/1082/990 703/1083/707 946/1078/706
f 946/1078/706 947/1079/987 950/1082/990
f 949/1081/989 950/1082/990 947/1079/987
f 947/1079/987 944/1076/985 949/1081/989
f 948/1080/988 244/252/249 248/256/253
f 248/256/253 951/1084/991 948/1080/988
f 949/1081/989 948/1080/988 951/1084/991
f 951/1084/991 952/1085/992 949/1081/989
f 953/1086/993 708/1087/714 703/1083/707
f 703/1083/707 950/1082/990 953/1086/993
f 952/1085/992 953/1086/993 950/1082/990
f 950/1082/990 949/1081/989 952/1085/992
f 951/1084/991 248/256/253 251/259/256
f 251/259/256 954/1088/994 951/1084/991
f 952/1085/992 951/1084/991 954/1088/994
f 954/1088/994 955/1089/995 952/1085/992
f 708/1087/714 953/1086/993 956/1090/996
f 955/1089/995 956/1090/996 953/1086/993
f 953/1086/993 952/1085/992 955/1089/995
f 954/1088/994 251/259/256 256/264/261
f 256/264/261 957/1091/997 954/1088/994
f 955/1089/995 954/1088/994 957/1091/997
f 957/1091/997 958/1092/998 955/1089/995
f 957/1091/997 256/264/261 255/263/260
f 959/1093/999 714/1094/720 708/1087/714
f 708/1087/714 956/1090/996 959/1093/999
f 958/1092/998 959/1093/999 956/1090/996
f 956/1090/996 955/1089/995 958/1092/998
f 957/1091/997 255/263/260 260/269/266
f 958/1092/998 957/1091/997 260/269/266
f 260/269/266 960/1095/1000 958/1092/998
f 264/268/265 961/1096/1001 260/269/266
f 960/1095/1000 260/269/266 961/1096/1001
f 961/1096/1001 962/1097/1002 960/1095/1000
f 962/1097/1002 966/1098/724 963/1099/722
f 963/1099/722 960/1095/1000 962/1097/1002
f 714/1094/720 959/1093/999 963/1099/722
f 960/1095/1000 963/1099/722 959/1093/999
f 959/1093/999 958/1092/998 960/1095/1000
f 961/1096/1001 264/268/265 263/272/269
f 263/272/269 964/1100/1003 961/1096/1001
f 962/1097/1002 961/1096/1001 964/1100/1003
f 964/1100/1003 965/1101/1004 962/1097/1002
f 970/1102/1005 971/1103/728 966/1098/724
f 965/1101/1004 970/1102/1005 966/1098/724
f 966/1098/724 962/1097/1002 965/1101/1004
f 964/1100/1003 263/272/269 269/277/274
f 964/1100/1003 269/277/274 268/276/273
f 268/276/273 967/1104/1006 964/1100/1003
f 965/1101/1004 964/1100/1003 967/1104/1006
f 967/1104/1006 968/1105/1007 965/1101/1004
f 975/1106/1008 969/1107/729 971/1103/728
f 971/1103/728 970/1102/1005 975/1106/1008
f 968/1105/1007 975/1106/1008 970/1102/1005
f 970/1102/1005 965/1101/1004 968/1105/1007
f 967/1104/1006 268/276/273 272/281/278
f 967/1104/1006 272/281/278 276/280/277
f 276/280/277 972/1108/1009 967/1104/1006
f 968/1105/1007 967/1104/1006 972/1108/1009
f 972/1108/1009 973/1109/1010 968/1105/1007
f 979/1110/1011 974/1111/730 969/1107/729
f 969/1107/729 975/1106/1008 979/1110/1011
f 973/1109/1010 979/1110/1011 975/1106/1008
f 975/1106/1008 968/1105/1007 973/1109/1010
f 972/1108/1009 276/280/277 275/284/281
f 275/284/281 976/1112/1012 972/1108/1009
f 973/1109/1010 972/1108/1009 976/1112/1012
f 976/1112/1012 977/1113/1013 973/1109/1010
f 983/1114/1014 978/1115/732 974/1111/730
f 974/1111/730 979/1110/1011 983/1114/1014
f 977/1113/1013 983/1114/1014 979/1110/1011
f 979/1110/1011 973/1109/1010 977/1113/1013
f 976/1112/1012 275/284/281 280/288/285
f 976/1112/1012 280/288/285 279/287/284
f 279/287/284 980/1116/1015 976/1112/1012
f 977/1113/1013 976/1112/1012 980/1116/1015
f 980/1116/1015 981/1117/1016 977/1113/1013
f 1164/1118/1017 982/1119/733 978/1115/732
f 978/1115/732 983/1114/1014 1164/1118/1017
f 981/1117/1016 1164/1118/1017 983/1114/1014
f 983/1114/1014 977/1113/1013 981/1117/1016
f 915/1039/951 206/213/210 282/291/288
f 282/291/288 984/1120/1018 915/1039/951
f 916/1040/952 915/1039/951 984/1120/1018
f 984/1120/1018 985/1121/1019 916/1040/952
f 984/1120/1018 282/291/288 281/290/287
f 987/1122/1020 986/1123/1021 1208/1042/954
f 1208/1042/954 917/1041/953 987/1122/1020
f 985/1121/1019 987/1122/1020 917/1041/953
f 917/1041/953 916/1040/952 985/1121/1019
f 281/290/287 988/1124/1022 984/1120/1018
f 985/1121/1019 984/1120/1018 988/1124/1022
f 988/1124/1022 989/1125/1023 985/1121/1019
f 988/1124/1022 281/290/287 288/296/293
f 986/1123/1021 987/1122/1020 990/1126/1024
f 989/1125/1023 990/1126/1024 987/1122/1020
f 987/1122/1020 985/1121/1019 989/1125/1023
f 288/296/293 991/1127/1025 988/1124/1022
f 989/1125/1023 988/1124/1022 991/1127/1025
f 991/1127/1025 992/1128/1026 989/1125/1023
f 991/1127/1025 288/296/293 291/299/296
f 993/1129/1027 994/1130/1028 990/1126/1024
f 992/1128/1026 993/1129/1027 990/1126/1024
f 990/1126/1024 989/1125/1023 992/1128/1026
f 991/1127/1025 291/299/296 295/303/300
f 295/303/300 995/1131/1029 991/1127/1025
f 992/1128/1026 991/1127/1025 995/1131/1029
f 995/1131/1029 996/1132/1030 992/1128/1026
f 997/1133/1031 1269/1134/828 994/1130/1028
f 994/1130/1028 993/1129/1027 997/1133/1031
f 996/1132/1030 997/1133/1031 993/1129/1027
f 993/1129/1027 992/1128/1026 996/1132/1030
f 995/1131/1029 295/303/300 299/307/304
f 299/307/304 998/1135/1032 995/1131/1029
f 996/1132/1030 995/1131/1029 998/1135/1032
f 998/1135/1032 999/1136/1033 996/1132/1030
f 998/1135/1032 299/307/304 298/306/303
f 1269/1134/828 997/1133/1031 1000/1137/829
f 999/1136/1033 1000/1137/829 997/1133/1031
f 997/1133/1031 996/1132/1030 999/1136/1033
f 298/306/303 1001/1138/1034 998/1135/1032
f 999/1136/1033 998/1135/1032 1001/1138/1034
f 1001/1138/1034 1002/1139/1035 999/1136/1033
f 1001/1138/1034 298/306/303 303/311/308
f 1003/1140/1036 1246/1141/1037 1000/1137/829
f 1002/1139/1035 1003/1140/1036 1000/1137/829
f 1000/1137/829 999/1136/1033 1002/1139/1035
f 1001/1138/1034 303/311/308 307/316/313
f 1002/1139/1035 1001/1138/1034 307/316/313
f 307/316/313 1004/1142/1038 1002/1139/1035
f 310/315/312 1005/1143/1039 307/316/313
f 1004/1142/1038 307/316/313 1005/1143/1039
f 1005/1143/1039 1006/1144/1040 1004/1142/1038
f 1010/1145/810 1007/1146/1041 1011/1147/1042
f 1006/1144/1040 1011/1147/1042 1007/1146/1041
f 1007/1146/1041 1004/1142/1038 1006/1144/1040
f 1007/1146/1041 1010/1145/810 1246/1141/1037
f 1246/1141/1037 1003/1140/1036 1007/1146/1041
f 1004/1142/1038 1007/1146/1041 1003/1140/1036
f 1003/1140/1036 1002/1139/1035 1004/1142/1038
f 1005/1143/1039 310/315/312 314/319/316
f 314/319/316 1008/1148/1043 1005/1143/1039
f 1006/1144/1040 1005/1143/1039 1008/1148/1043
f 1008/1148/1043 1009/1149/1044 1006/1144/1040
f 1014/1150/1045 790/1151/811 1010/1145/810
f 1010/1145/810 1011/1147/1042 1014/1150/1045
f 1009/1149/1044 1014/1150/1045 1011/1147/1042
f 1011/1147/1042 1006/1144/1040 1009/1149/1044
f 1008/1148/1043 314/319/316 313/322/319
f 313/322/319 1012/1152/1046 1008/1148/1043
f 1009/1149/1044 1008/1148/1043 1012/1152/1046
f 1012/1152/1046 1013/1153/1047 1009/1149/1044
f 1015/1154/1048 1017/1155/813 790/1151/811
f 790/1151/811 1014/1150/1045 1015/1154/1048
f 1013/1153/1047 1015/1154/1048 1014/1150/1045
f 1014/1150/1045 1009/1149/1044 1013/1153/1047
f 1012/1152/1046 313/322/319 317/325/322
f 1012/1152/1046 1016/1156/1049 1013/1153/1047
f 1017/1155/813 1015/1154/1048 1018/1157/1050
f 1016/1156/1049 1018/1157/1050 1015/1154/1048
f 1015/1154/1048 1013/1153/1047 1016/1156/1049
f 317/325/322 1019/1158/1051 1012/1152/1046
f 1016/1156/1049 1012/1152/1046 1019/1158/1051
f 320/328/325 324/333/330 1019/1158/1051
f 1020/1159/1052 1019/1158/1051 324/333/330
f 1019/1158/1051 317/325/322 320/328/325
f 1019/1158/1051 1020/1159/1052 1016/1156/1049
f 1021/1160/1053 793/1161/816 1017/1155/813
f 1017/1155/813 1018/1157/1050 1021/1160/1053
f 1020/1159/1052 1021/1160/1053 1018/1157/1050
f 1018/1157/1050 1016/1156/1049 1020/1159/1052
f 1020/1159/1052 324/333/330 1022/1162/1054
f 1022/1162/1054 324/333/330 327/332/329
f 1022/1162/1054 1023/1163/1055 1020/1159/1052
f 1026/1164/1056 1025/1165/792 793/1161/816
f 793/1161/816 1021/1160/1053 1026/1164/1056
f 1023/1163/1055 1026/1164/1056 1021/1160/1053
f 1021/1160/1053 1020/1159/1052 1023/1163/1055
f 327/332/329 1024/1166/1057 1022/1162/1054
f 1023/1163/1055 1022/1162/1054 1024/1166/1057
f 1024/1166/1057 327/332/329 329/337/334
f 329/337/334 1027/1167/1058 1024/1166/1057
f 1023/1163/1055 1024/1166/1057 1027/1167/1058
f 1027/1167/1058 1028/1168/1059 1023/1163/1055
f 1029/1169/1060 1030/1170/793 1025/1165/792
f 1025/1165/792 1026/1164/1056 1029/1169/1060
f 1028/1168/1059 1029/1169/1060 1026/1164/1056
f 1026/1164/1056 1023/1163/1055 1028/1168/1059
f 1027/1167/1058 329/337/334 332/340/337
f 332/340/337 1031/1171/1061 1027/1167/1058
f 1028/1168/1059 1027/1167/1058 1031/1171/1061
f 1031/1171/1061 1032/1172/1062 1028/1168/1059
f 1030/1170/793 1029/1169/1060 1033/1173/1063
f 1032/1172/1062 1033/1173/1063 1029/1169/1060
f 1029/1169/1060 1028/1168/1059 1032/1172/1062
f 1031/1171/1061 332/340/337 337/345/342
f 337/345/342 1034/1174/1064 1031/1171/1061
f 1032/1172/1062 1031/1171/1061 1034/1174/1064
f 1034/1174/1064 1035/1175/1065 1032/1172/1062
f 1036/1176/1066 781/1177/800 1030/1170/793
f 1030/1170/793 1033/1173/1063 1036/1176/1066
f 1035/1175/1065 1036/1176/1066 1033/1173/1063
f 1033/1173/1063 1032/1172/1062 1035/1175/1065
f 1034/1174/1064 337/345/342 341/350/347
f 1035/1175/1065 1034/1174/1064 341/350/347
f 341/350/347 1037/1178/1067 1035/1175/1065
f 344/349/346 1038/1179/1068 341/350/347
f 1037/1178/1067 341/350/347 1038/1179/1068
f 1038/1179/1068 1039/1180/1069 1037/1178/1067
f 795/1181/817 1040/1182/1070 1043/1183/1071
f 1039/1180/1069 1043/1183/1071 1040/1182/1070
f 1040/1182/1070 1037/1178/1067 1039/1180/1069
f 1040/1182/1070 795/1181/817 781/1177/800
f 781/1177/800 1036/1176/1066 1040/1182/1070
f 1037/1178/1067 1040/1182/1070 1036/1176/1066
f 1036/1176/1066 1035/1175/1065 1037/1178/1067
f 1038/1179/1068 344/349/346 348/353/350
f 348/353/350 1041/1184/1072 1038/1179/1068
f 1039/1180/1069 1038/1179/1068 1041/1184/1072
f 1041/1184/1072 1042/1185/1073 1039/1180/1069
f 1045/1186/1074 697/1187/700 795/1181/817
f 795/1181/817 1043/1183/1071 1045/1186/1074
f 1042/1185/1073 1045/1186/1074 1043/1183/1071
f 1043/1183/1071 1039/1180/1069 1042/1185/1073
f 1041/1184/1072 348/353/350 347/356/353
f 1042/1185/1073 1041/1184/1072 347/356/353
f 347/356/353 1044/1188/1075 1042/1185/1073
f 1048/1189/1076 1049/1190/698 697/1187/700
f 697/1187/700 1045/1186/1074 1048/1189/1076
f 1044/1188/1075 1048/1189/1076 1045/1186/1074
f 1045/1186/1074 1042/1185/1073 1044/1188/1075
f 351/359/356 1046/1191/1077 347/356/353
f 1044/1188/1075 347/356/353 1046/1191/1077
f 1046/1191/1077 1047/1192/1078 1044/1188/1075
f 1048/1189/1076 1044/1188/1075 1047/1192/1078
f 1046/1191/1077 351/359/356 231/239/236
f 1047/1192/1078 1046/1191/1077 231/239/236
f 231/239/236 937/1065/977 1047/1192/1078
f 939/1070/980 1047/1192/1078 937/1065/977
f 939/1070/980 1050/1069/821 1049/1190/698
f 1049/1190/698 1048/1189/1076 939/1070/980
f 1047/1192/1078 939/1070/980 1048/1189/1076
f 444/456/453 1051/1193/1079 596/609/598
f 1051/1193/1079 591/603/593 592/604/594
f 592/604/594 596/609/598 1051/1193/1079
f 716/778/723 966/779/724 971/783/728
f 971/783/728 720/782/727 716/778/723
f 11/9/9 716/778/723 720/782/727
f 4/1/1 784/599/591 696/752/697
f 722/790/735 1163/789/734 1166/791/736
f 784/599/591 4/1/1 449/361/358
f 1058/1194/1080 1054/1195/1081 1053/1196/1082
f 1060/1197/1083 1059/1198/1084 1055/1199/1085
f 1055/1199/1085 1056/1200/1086 1060/1197/1083
f 1054/1195/1081 1060/1197/1083 1056/1200/1086
f 1056/1200/1086 1053/1196/1082 1054/1195/1081
f 1052/1201/1087 1238/1202/1088 1239/1203/960
f 1239/1203/960 1057/1204/1089 1052/1201/1087
f 353/542/539 1052/1201/1087 1057/1204/1089
f 1064/1205/1090 1063/1206/1091 599/695/601
f 354/364/361 1064/1207/1090 599/613/601
f 599/613/601 357/366/363 354/364/361
f 635/664/638 598/612/600 597/611/599
f 361/370/367 602/616/604 604/618/606
f 604/618/606 362/367/364 361/370/367
f 1061/1208/1092 1062/1209/1093 607/621/609
f 362/367/364 607/623/609 1062/1210/1093
f 1062/1210/1093 359/368/365 362/367/364
f 1062/1209/1093 1061/1208/1092 1063/1206/1091
f 1062/1210/1093 354/364/361 359/368/365
f 1063/1206/1091 1064/1205/1090 1062/1209/1093
f 354/364/361 1062/1210/1093 1064/1207/1090
f 603/617/605 602/616/604 617/636/619
f 366/375/372 1061/1208/1092 607/621/609
f 1061/1208/1092 366/375/372 431/373/370
f 627/650/631 364/371/368 619/638/621
f 365/374/371 619/638/621 364/371/368
f 609/625/611 608/624/610 620/639/622
f 370/378/375 624/646/627 371/379/376
f 370/378/375 622/643/624 624/646/627
f 628/651/632 627/650/631 619/638/621
f 619/638/621 621/640/623 628/651/632
f 371/379/376 628/653/632 621/641/623
f 621/641/623 369/380/377 371/379/376
f 1068/1211/1094 1059/1198/1084 1065/1212/1095
f 375/386/383 1068/1213/1094 1065/1214/1095
f 1065/1214/1095 373/384/381 375/386/383
f 1066/1215/1096 1067/1216/1097 1065/1212/1095
f 373/384/381 1065/1214/1095 1067/1217/1097
f 1067/1217/1097 374/381/378 373/384/381
f 1072/1218/1098 1071/1219/1099 1069/1220/1100
f 379/390/387 1072/1221/1098 1069/1222/1100
f 1069/1222/1100 378/387/384 379/390/387
f 1226/1223/1101 1070/1224/1102 1071/1219/1099
f 1071/1219/1099 1072/1218/1098 1226/1223/1101
f 380/392/389 1226/1225/1101 1072/1221/1098
f 1072/1221/1098 381/393/390 380/392/389
f 1072/1221/1098 379/390/387 381/393/390
f 378/387/384 1069/1222/1100 1073/1226/1103
f 1073/1226/1103 385/396/393 378/387/384
f 1074/1227/1104 1075/1228/1105 1073/1229/1103
f 385/396/393 1073/1226/1103 1075/1230/1105
f 1075/1230/1105 386/397/394 385/396/393
f 1074/1227/1104 1076/1231/1106 1075/1228/1105
f 386/397/394 1075/1230/1105 1076/1232/1106
f 1076/1232/1106 389/398/395 386/397/394
f 1076/1231/1106 1074/1227/1104 1077/1233/1107
f 1077/1233/1107 1078/1234/1108 1076/1231/1106
f 389/398/395 1076/1232/1106 1078/1235/1108
f 1078/1235/1108 391/401/398 389/398/395
f 1078/1234/1108 1077/1233/1107 1079/1236/1109
f 1079/1236/1109 1080/1237/1110 1078/1234/1108
f 391/401/398 1078/1235/1108 1080/1238/1110
f 1080/1238/1110 393/403/400 391/401/398
f 1082/1239/1111 395/404/401 396/407/404
f 1082/1240/1111 1081/1241/1112 1083/1242/1113
f 1083/1242/1113 1084/1243/1114 1082/1240/1111
f 395/404/401 1082/1239/1111 1084/1244/1114
f 1219/1245/1115 1218/1246/1116 1085/1247/1117
f 399/412/409 1219/1248/1115 1085/1249/1117
f 1085/1249/1117 398/409/406 399/412/409
f 1055/1199/1085 1086/1250/1118 1085/1247/1117
f 398/409/406 1085/1249/1117 1086/1251/1118
f 1086/1251/1118 401/410/407 398/409/406
f 1086/1250/1118 1055/1199/1085 1059/1198/1084
f 1059/1198/1084 1068/1211/1094 1086/1250/1118
f 401/410/407 1086/1251/1118 1068/1213/1094
f 1068/1213/1094 375/386/383 401/410/407
f 1080/1237/1110 1079/1236/1109 1087/1252/1119
f 1087/1252/1119 1088/1253/1120 1080/1237/1110
f 393/403/400 1080/1238/1110 1088/1254/1120
f 1088/1254/1120 403/415/412 393/403/400
f 1088/1253/1120 1087/1252/1119 1081/1241/1112
f 1081/1241/1112 1082/1240/1111 1088/1253/1120
f 396/407/404 1088/1254/1120 1082/1239/1111
f 1088/1254/1120 396/407/404 403/415/412
f 1084/1244/1114 405/416/413 395/404/401
f 1084/1243/1114 1083/1242/1113 1089/1255/1121
f 1089/1255/1121 1090/1256/1122 1084/1243/1114
f 405/416/413 1084/1244/1114 1090/1257/1122
f 1090/1257/1122 408/420/417 405/416/413
f 1090/1256/1122 1089/1255/1121 1091/1258/1123
f 1091/1258/1123 1092/1259/1124 1090/1256/1122
f 407/418/415 1090/1257/1122 1092/1260/1124
f 1090/1257/1122 407/418/415 408/420/417
f 1092/1260/1124 411/423/420 407/418/415
f 1092/1259/1124 1091/1258/1123 1093/1261/1125
f 1093/1261/1125 1094/1262/1126 1092/1259/1124
f 411/423/420 1092/1260/1124 1094/1263/1126
f 1094/1263/1126 412/421/418 411/423/420
f 1094/1263/1126 414/425/422 412/421/418
f 1094/1262/1126 1093/1261/1125 1095/1264/1127
f 1095/1264/1127 1096/1265/1128 1094/1262/1126
f 414/425/422 1094/1263/1126 1096/1266/1128
f 1096/1266/1128 415/426/423 414/425/422
f 1095/1264/1127 631/657/634 1096/1265/1128
f 415/426/423 1096/1266/1128 631/660/634
f 631/660/634 416/427/424 415/426/423
f 631/657/634 1095/1264/1127 632/658/635
f 629/654/625 622/1267/624 630/655/633
f 1098/1268/1129 1097/1269/969 934/1270/974
f 1100/1271/1130 1099/1272/1131 1220/1273/1132
f 1098/1268/1129 934/1270/974 1104/1274/843
f 1104/1274/843 1101/1275/1133 1098/1268/1129
f 418/429/426 1098/1268/1129 1101/1275/1133
f 1241/1276/1134 1102/1277/1135 1244/1278/1136
f 1106/1279/1137 1105/1280/1138 1103/1281/1139
f 1102/1277/1135 1106/1279/1137 1103/1281/1139
f 1099/1272/1131 1100/1271/1130 1103/1281/1139
f 1102/1277/1135 1103/1281/1139 1100/1271/1130
f 1100/1271/1130 1244/1278/1136 1102/1277/1135
f 423/430/427 1109/1282/1140 1241/1276/1134
f 1102/1277/1135 1241/1276/1134 1109/1282/1140
f 1241/1276/1134 419/431/428 423/430/427
f 1101/1275/1133 1104/1274/843 816/1283/842
f 816/1283/842 1107/1284/1141 1101/1275/1133
f 418/429/426 1101/1275/1133 1107/1284/1141
f 1107/1284/1141 816/1283/842 820/1285/837
f 1107/1284/1141 420/432/429 418/429/426
f 1109/1282/1140 1108/1286/1142 1102/1277/1135
f 1105/1280/1138 1106/1279/1137 1070/1224/1102
f 1108/1286/1142 1070/1224/1102 1106/1279/1137
f 1106/1279/1137 1102/1277/1135 1108/1286/1142
f 820/1285/837 1111/1287/1143 1107/1284/1141
f 420/432/429 1107/1284/1141 1111/1287/1143
f 1110/1288/1144 1071/1219/1099 1070/1224/1102
f 1108/1286/1142 1110/1288/1144 1070/1224/1102
f 1111/1287/1143 820/1285/837 824/1289/847
f 1109/1282/1140 1113/1290/1145 1108/1286/1142
f 1112/1291/1146 1069/1220/1100 1071/1219/1099
f 1071/1219/1099 1110/1288/1144 1112/1291/1146
f 1113/1290/1145 1112/1291/1146 1110/1288/1144
f 1110/1288/1144 1108/1286/1142 1113/1290/1145
f 1111/1287/1143 824/1289/847 1114/1292/851
f 1114/1292/851 1115/1293/1147 1111/1287/1143
f 420/432/429 1111/1287/1143 1115/1293/1147
f 1115/1293/1147 421/433/430 420/432/429
f 1116/1294/1148 1074/1227/1104 1073/1229/1103
f 1073/1229/1103 1112/1291/1146 1116/1294/1148
f 1113/1290/1145 1116/1294/1148 1112/1291/1146
f 1112/1291/1146 1073/1229/1103 1069/1220/1100
f 1120/1295/1149 1077/1233/1107 1074/1227/1104
f 1074/1227/1104 1116/1294/1148 1120/1295/1149
f 1113/1290/1145 1120/1295/1149 1116/1294/1148
f 1115/1293/1147 1114/1292/851 831/1296/856
f 831/1296/856 1117/1297/1150 1115/1293/1147
f 421/433/430 1115/1293/1147 1117/1297/1150
f 1117/1297/1150 422/434/431 421/433/430
f 423/430/427 1119/1298/1151 1109/1282/1140
f 1109/1282/1140 1118/1299/1152 1113/1290/1145
f 1118/1299/1152 1109/1282/1140 1119/1298/1151
f 1120/1295/1149 1113/1290/1145 1118/1299/1152
f 1120/1295/1149 1079/1236/1109 1077/1233/1107
f 1117/1297/1150 831/1296/856 1121/1300/862
f 1121/1300/862 1122/1301/1153 1117/1297/1150
f 422/434/431 1117/1297/1150 1122/1301/1153
f 1119/1298/1151 1123/1302/1154 1118/1299/1152
f 1123/1302/1154 1081/1241/1112 1087/1252/1119
f 1087/1252/1119 1118/1299/1152 1123/1302/1154
f 1079/1236/1109 1120/1295/1149 1087/1252/1119
f 1118/1299/1152 1087/1252/1119 1120/1295/1149
f 1122/1301/1153 1121/1300/862 838/1303/866
f 838/1303/866 1124/1304/1155 1122/1301/1153
f 422/434/431 1122/1301/1153 1124/1304/1155
f 1119/1298/1151 423/430/427 425/435/432
f 425/435/432 1128/1305/1156 1119/1298/1151
f 1123/1302/1154 1119/1298/1151 1128/1305/1156
f 1123/1302/1154 1083/1242/1113 1081/1241/1112
f 1124/1304/1155 838/1303/866 842/1306/870
f 1124/1304/1155 424/436/433 422/434/431
f 1128/1305/1156 1125/1307/1157 1123/1302/1154
f 1125/1307/1157 1089/1255/1121 1083/1242/1113
f 1083/1242/1113 1123/1302/1154 1125/1307/1157
f 1124/1304/1155 842/1306/870 846/1308/874
f 846/1308/874 1127/1309/1158 1124/1304/1155
f 424/436/433 1124/1304/1155 1127/1309/1158
f 1129/1310/1159 1091/1258/1123 1089/1255/1121
f 1125/1307/1157 1129/1310/1159 1089/1255/1121
f 1127/1309/1158 846/1308/874 1126/1311/878
f 1128/1305/1156 1132/1312/1160 1125/1307/1157
f 1133/1313/1161 1093/1261/1125 1091/1258/1123
f 1091/1258/1123 1129/1310/1159 1133/1313/1161
f 1132/1312/1160 1133/1313/1161 1129/1310/1159
f 1129/1310/1159 1125/1307/1157 1132/1312/1160
f 1127/1309/1158 1126/1311/878 1130/1314/881
f 1130/1314/881 1131/1315/1162 1127/1309/1158
f 424/436/433 1127/1309/1158 1131/1315/1162
f 1134/1316/1163 1095/1264/1127 1093/1261/1125
f 1093/1261/1125 1133/1313/1161 1134/1316/1163
f 1132/1312/1160 1134/1316/1163 1133/1313/1161
f 1131/1315/1162 1130/1314/881 855/1317/885
f 1131/1315/1162 426/437/434 424/436/433
f 1128/1305/1156 425/435/432 498/438/435
f 498/438/435 1137/1318/1164 1128/1305/1156
f 1132/1312/1160 1128/1305/1156 1137/1318/1164
f 1134/1316/1163 1132/1312/1160 1137/1318/1164
f 1131/1315/1162 855/1317/885 1135/1319/890
f 1135/1319/890 1136/1320/1165 1131/1315/1162
f 426/437/434 1131/1315/1162 1136/1320/1165
f 1196/1321/1166 632/658/635 1095/1264/1127
f 1095/1264/1127 1134/1316/1163 1196/1321/1166
f 1137/1318/1164 1196/1321/1166 1134/1316/1163
f 730/803/748 1248/1322/1167 1138/1323/1168
f 19/17/17 730/803/748 1138/1323/1168
f 1143/1324/1169 1141/1325/1170 686/736/687
f 1141/1325/1170 1143/1324/1169 1142/1326/1171
f 1140/1327/1172 1142/1326/1171 1143/1324/1169
f 1144/1328/1173 18/16/16 427/439/436
f 427/439/436 1139/1329/1174 1144/1328/1173
f 1139/1329/1174 1140/1327/1172 1144/1328/1173
f 1140/1327/1172 1145/748/695 1146/1330/1175
f 1146/1330/1175 1144/1328/1173 1140/1327/1172
f 730/803/748 1191/802/747 1248/1322/1167
f 645/676/647 1147/1331/1176 644/675/646
f 1147/1331/1176 638/663/637 637/666/640
f 637/666/640 644/675/646 1147/1331/1176
f 1150/1332/1177 866/1333/898 870/1334/902
f 870/1334/902 1148/1335/1178 1150/1332/1177
f 428/440/437 1150/1332/1177 1148/1335/1178
f 1150/1332/1177 1149/1336/894 866/1333/898
f 1148/1335/1178 870/1334/902 1151/1337/906
f 1148/1335/1178 429/441/438 428/440/437
f 1148/1335/1178 1151/1337/906 877/1338/910
f 877/1338/910 1152/1339/1179 1148/1335/1178
f 429/441/438 1148/1335/1178 1152/1339/1179
f 1152/1339/1179 877/1338/910 880/1340/912
f 1152/1339/1179 880/1340/912 1153/1341/916
f 1153/1341/916 1154/1342/1180 1152/1339/1179
f 1152/1339/1179 430/442/439 429/441/438
f 430/442/439 1152/1339/1179 1154/1342/1180
f 1154/1342/1180 1153/1341/916 886/1343/920
f 431/373/370 1063/1206/1091 1061/1208/1092
f 1063/1206/1091 431/373/370 439/443/440
f 1156/1344/1181 1155/1345/930 899/1346/935
f 432/445/442 1156/1344/1181 899/1346/935
f 1154/1342/1180 886/1343/920 1157/1347/924
f 430/442/439 1154/1342/1180 1157/1347/924
f 896/1348/931 1156/1344/1181 1157/1347/924
f 1157/1347/924 432/445/442 430/442/439
f 432/445/442 1157/1347/924 1156/1344/1181
f 1156/1344/1181 896/1348/931 1155/1345/930
f 899/1346/935 508/446/443 432/445/442
f 903/1349/939 1158/1350/1182 899/1346/935
f 508/446/443 899/1346/935 1158/1350/1182
f 434/450/447 645/676/647 646/677/648
f 646/677/648 433/447/444 434/450/447
f 649/682/650 435/448/445 433/447/444
f 649/679/650 648/678/649 652/685/654
f 435/448/445 649/682/650 652/688/654
f 687/740/689 1159/1351/1183 657/692/659
f 1159/1351/1183 651/684/653 650/683/652
f 650/683/652 657/692/659 1159/1351/1183
f 437/451/448 599/695/601 1063/1206/1091
f 1063/1206/1091 439/443/440 437/451/448
f 1160/1352/1184 652/685/654 648/678/649
f 440/452/449 1160/1352/1184 648/678/649
f 648/678/649 438/453/450 440/452/449
f 691/746/693 659/697/661 658/696/660
f 658/696/660 664/704/666 691/746/693
f 666/708/668 443/459/456 446/458/455
f 666/706/668 450/462/459 661/1353/662
f 443/459/456 666/708/668 661/698/662
f 448/461/458 661/1353/662 450/462/459
f 784/599/591 449/361/358 451/463/460
f 980/1116/1015 279/287/284 455/467/464
f 980/1116/1015 455/467/464 454/466/463
f 454/466/463 1161/1354/1185 980/1116/1015
f 981/1117/1016 980/1116/1015 1161/1354/1185
f 1161/1354/1185 1162/1355/1186 981/1117/1016
f 1167/1356/1187 1163/1357/734 982/1119/733
f 982/1119/733 1164/1118/1017 1167/1356/1187
f 1162/1355/1186 1167/1356/1187 1164/1118/1017
f 1164/1118/1017 981/1117/1016 1162/1355/1186
f 1161/1354/1185 454/466/463 459/471/468
f 1161/1354/1185 459/471/468 458/470/467
f 1162/1355/1186 1161/1354/1185 458/470/467
f 458/470/467 1165/1358/1188 1162/1355/1186
f 1163/1357/734 1167/1356/1187 1166/1359/736
f 1165/1358/1188 1166/1359/736 1167/1356/1187
f 1167/1356/1187 1162/1355/1186 1165/1358/1188
f 463/475/472 1168/1360/1189 458/470/467
f 1165/1358/1188 458/470/467 1168/1360/1189
f 1168/1360/1189 1169/1361/1190 1165/1358/1188
f 1171/1362/1191 1170/1363/737 1166/1359/736
f 1169/1361/1190 1171/1362/1191 1166/1359/736
f 1166/1359/736 1165/1358/1188 1169/1361/1190
f 1168/1360/1189 463/475/472 466/478/475
f 1168/1360/1189 466/478/475 465/477/474
f 465/477/474 1172/1364/1192 1168/1360/1189
f 1169/1361/1190 1168/1360/1189 1172/1364/1192
f 1172/1364/1192 1173/1365/1193 1169/1361/1190
f 1170/1363/737 1171/1362/1191 724/1366/739
f 1173/1365/1193 724/1366/739 1171/1362/1191
f 1171/1362/1191 1169/1361/1190 1173/1365/1193
f 1172/1364/1192 465/477/474 471/483/480
f 471/483/480 1174/1367/1194 1172/1364/1192
f 1173/1365/1193 1172/1364/1192 1174/1367/1194
f 1174/1367/1194 1175/1368/1195 1173/1365/1193
f 1174/1367/1194 471/483/480 470/482/479
f 1177/1369/1196 1176/1370/740 724/1366/739
f 1175/1368/1195 1177/1369/1196 724/1366/739
f 724/1366/739 1173/1365/1193 1175/1368/1195
f 1174/1367/1194 470/482/479 475/487/484
f 475/487/484 1178/1371/1197 1174/1367/1194
f 1175/1368/1195 1174/1367/1194 1178/1371/1197
f 1178/1371/1197 1179/1372/1198 1175/1368/1195
f 1178/1371/1197 475/487/484 474/486/483
f 1176/1370/740 1177/1369/1196 1180/1373/1199
f 1179/1372/1198 1180/1373/1199 1177/1369/1196
f 1177/1369/1196 1175/1368/1195 1179/1372/1198
f 474/486/483 1181/1374/1200 1178/1371/1197
f 1179/1372/1198 1178/1371/1197 1181/1374/1200
f 1181/1374/1200 1182/1375/1201 1179/1372/1198
f 1181/1374/1200 474/486/483 479/491/488
f 1183/1376/1202 726/1377/743 1180/1373/1199
f 1182/1375/1201 1183/1376/1202 1180/1373/1199
f 1180/1373/1199 1179/1372/1198 1182/1375/1201
f 1181/1374/1200 479/491/488 482/494/491
f 482/494/491 1184/1378/1203 1181/1374/1200
f 1182/1375/1201 1181/1374/1200 1184/1378/1203
f 1184/1378/1203 1185/1379/1204 1182/1375/1201
f 1183/1376/1202 1182/1375/1201 1185/1379/1204
f 726/1377/743 1183/1376/1202 1186/1380/744
f 1185/1379/1204 1186/1380/744 1183/1376/1202
f 1184/1378/1203 482/494/491 487/498/495
f 1185/1379/1204 1184/1378/1203 487/498/495
f 487/498/495 1187/1381/1205 1185/1379/1204
f 486/499/496 1188/1382/1206 487/498/495
f 1187/1381/1205 487/498/495 1188/1382/1206
f 1186/1380/744 1185/1379/1204 1187/1381/1205
f 1189/1383/1207 729/1384/746 1186/1380/744
f 1187/1381/1205 1189/1383/1207 1186/1380/744
f 1188/1382/1206 486/499/496 493/505/502
f 1187/1381/1205 1188/1382/1206 493/505/502
f 493/505/502 1190/1385/1208 1187/1381/1205
f 1190/1385/1208 493/505/502 492/504/501
f 1189/1383/1207 1187/1381/1205 1190/1385/1208
f 729/1384/746 1189/1383/1207 1191/1386/747
f 1190/1385/1208 1191/1386/747 1189/1383/1207
f 584/591/586 583/590/585 1192/1387/1209
f 1192/1387/1209 671/714/674 672/713/673
f 672/713/673 584/591/586 1192/1387/1209
f 495/507/504 675/720/677 494/508/505
f 495/507/504 673/717/675 675/720/677
f 678/725/680 677/724/679 576/580/577
f 576/580/577 681/731/684 678/725/680
f 494/508/505 678/727/680 681/732/684
f 681/732/684 497/509/506 494/508/505
f 669/711/671 668/710/670 1193/1388/1210
f 1193/1388/1210 679/728/681 680/729/682
f 680/729/682 669/711/671 1193/1388/1210
f 1136/1320/1165 1135/1319/890 1149/1336/894
f 1149/1336/894 1150/1332/1177 1136/1320/1165
f 426/437/434 1136/1320/1165 1150/1332/1177
f 1150/1332/1177 428/440/437 426/437/434
f 1137/1318/1164 498/438/435 363/372/369
f 363/372/369 1194/1389/1211 1137/1318/1164
f 632/658/635 1196/1321/1166 1195/1390/1212
f 1194/1389/1211 1195/1390/1212 1196/1321/1166
f 1196/1321/1166 1137/1318/1164 1194/1389/1211
f 1198/1391/1213 1197/1392/1214 1199/1393/1215
f 1199/1393/1215 1200/1394/1216 1198/1391/1213
f 1198/1395/1213 500/513/510 502/514/511
f 500/513/510 1198/1395/1213 1200/1396/1216
f 1200/1394/1216 1199/1393/1215 1201/916/832
f 1201/916/832 1202/1397/1217 1200/1394/1216
f 500/513/510 1200/1396/1216 1202/1398/1217
f 1202/1398/1217 506/510/507 500/513/510
f 1205/1399/1218 1203/1400/1219 1204/1401/1220
f 503/516/513 1205/1402/1218 1204/1403/1220
f 1204/1403/1220 502/514/511 503/516/513
f 1197/1392/1214 1198/1391/1213 1204/1401/1220
f 502/514/511 1204/1403/1220 1198/1395/1213
f 1202/1398/1217 25/24/24 506/510/507
f 1202/1397/1217 1201/916/832 733/810/753
f 25/24/24 1202/1398/1217 733/811/753
f 1158/1350/1182 903/1349/939 1206/1404/943
f 1207/1405/1221 509/519/516 508/446/443
f 1207/1405/1221 910/1406/947 1208/1407/954
f 509/519/516 1207/1405/1221 1208/1407/954
f 986/1408/1021 1209/1409/1222 1208/1407/954
f 509/519/516 1208/1407/954 1209/1409/1222
f 1210/1410/1223 441/454/451 510/94/94
f 510/94/94 1211/1411/1224 1210/1410/1223
f 1210/1410/1223 1212/1412/1225 1213/1413/1226
f 1212/1412/1225 1210/1410/1223 1211/1411/1224
f 1215/1414/1227 1213/1413/1226 1212/1412/1225
f 1214/1415/1228 1203/1400/1219 689/743/691
f 689/743/691 1215/1414/1227 1214/1415/1228
f 1212/1412/1225 1214/1415/1228 1215/1414/1227
f 1209/1409/1222 986/1408/1021 990/1416/1024
f 990/1416/1024 1216/1417/1229 1209/1409/1222
f 1209/1409/1222 511/93/93 509/519/516
f 511/93/93 1209/1409/1222 1216/1417/1229
f 1211/1411/1224 1217/914/830 1212/1412/1225
f 1204/1401/1220 1214/1415/1228 1197/1392/1214
f 1217/914/830 1197/1392/1214 1214/1415/1228
f 1214/1415/1228 1212/1412/1225 1217/914/830
f 1214/1415/1228 1204/1401/1220 1203/1400/1219
f 1216/1417/1229 990/1416/1024 994/1418/1028
f 1217/914/830 1201/916/832 1199/1393/1215
f 1217/914/830 1199/1393/1215 1197/1392/1214
f 1158/1350/1182 1206/1404/943 910/1406/947
f 910/1406/947 1207/1405/1221 1158/1350/1182
f 508/446/443 1158/1350/1182 1207/1405/1221
f 1218/1246/1116 1219/1245/1115 1231/1419/1230
f 513/520/517 1231/1420/1230 1219/1248/1115
f 1219/1248/1115 399/412/409 513/520/517
f 1067/1217/1097 515/521/518 374/381/378
f 1067/1216/1097 1066/1215/1096 1220/1273/1132
f 1220/1273/1132 1221/1421/1231 1067/1216/1097
f 515/521/518 1067/1217/1097 1221/1422/1231
f 1221/1422/1231 518/525/522 515/521/518
f 1221/1422/1231 517/523/520 518/525/522
f 1221/1421/1231 1220/1273/1132 1099/1272/1131
f 1099/1272/1131 1222/1423/1232 1221/1421/1231
f 517/523/520 1221/1422/1231 1222/1424/1232
f 1222/1424/1232 520/526/523 517/523/520
f 1222/1423/1232 1099/1272/1131 1103/1281/1139
f 1103/1281/1139 1223/1425/1233 1222/1423/1232
f 520/526/523 1222/1424/1232 1223/1426/1233
f 1223/1426/1233 522/529/526 520/526/523
f 1223/1425/1233 1103/1281/1139 1105/1280/1138
f 1105/1280/1138 1224/1427/1234 1223/1425/1233
f 522/529/526 1223/1426/1233 1224/1428/1234
f 1224/1428/1234 523/530/527 522/529/526
f 1105/1280/1138 1225/1429/1235 1224/1427/1234
f 523/530/527 1224/1428/1234 1225/1430/1235
f 1225/1430/1235 526/531/528 523/530/527
f 1225/1429/1235 1105/1280/1138 1070/1224/1102
f 1070/1224/1102 1226/1223/1101 1225/1429/1235
f 526/531/528 1225/1430/1235 1226/1225/1101
f 1226/1225/1101 380/392/389 526/531/528
f 1141/1325/1170 1229/1431/1236 1228/1432/1237
f 1229/1431/1236 1141/1325/1170 1227/1433/1238
f 532/537/534 1228/1434/1237 1229/1435/1236
f 1229/1435/1236 530/536/533 532/537/534
f 530/536/533 1229/1435/1236 1227/1436/1238
f 1227/1436/1238 529/533/530 530/536/533
f 534/540/537 684/737/688 533/539/536
f 534/540/537 683/1437/1239 684/737/688
f 1141/1325/1170 1228/1432/1237 686/736/687
f 533/539/536 686/739/687 1228/1434/1237
f 1228/1434/1237 532/537/534 533/539/536
f 1230/1438/1240 1231/1419/1230 1227/1433/1238
f 529/533/530 1227/1436/1238 1231/1420/1230
f 1231/1420/1230 513/520/517 529/533/530
f 1231/1419/1230 1230/1438/1240 1218/1246/1116
f 1255/1439/1241 1232/1440/1242 1138/1323/1168
f 19/17/17 1138/1323/1168 1232/1440/1242
f 427/439/436 1233/1441/1243 1139/1329/1174
f 1139/1329/1174 1234/1442/1244 1140/1327/1172
f 1234/1442/1244 1139/1329/1174 1233/1441/1243
f 1142/1326/1171 1140/1327/1172 1234/1442/1244
f 1230/1438/1240 1227/1433/1238 1141/1325/1170
f 1141/1325/1170 1142/1326/1171 1230/1438/1240
f 1234/1442/1244 1230/1438/1240 1142/1326/1171
f 1232/1440/1242 535/541/538 19/17/17
f 1232/1440/1242 1255/1439/1241 1237/1443/1245
f 1237/1443/1245 1235/1444/1246 1232/1440/1242
f 535/541/538 1232/1440/1242 1235/1444/1246
f 1236/1445/1247 1218/1246/1116 1230/1438/1240
f 1234/1442/1244 1236/1445/1247 1230/1438/1240
f 1233/1441/1243 1053/1196/1082 1234/1442/1244
f 1236/1445/1247 1234/1442/1244 1053/1196/1082
f 1235/1444/1246 1237/1443/1245 1238/1202/1088
f 1238/1202/1088 1052/1201/1087 1235/1444/1246
f 535/541/538 1235/1444/1246 1052/1201/1087
f 1052/1201/1087 353/542/539 535/541/538
f 427/439/436 1058/1194/1080 1233/1441/1243
f 1058/1194/1080 427/439/436 419/431/428
f 1053/1196/1082 1233/1441/1243 1058/1194/1080
f 1056/1200/1086 1055/1199/1085 1085/1247/1117
f 1056/1200/1086 1085/1247/1117 1218/1246/1116
f 1218/1246/1116 1236/1445/1247 1056/1200/1086
f 1053/1196/1082 1056/1200/1086 1236/1445/1247
f 1057/1204/1089 1239/1203/960 920/1446/961
f 920/1446/961 1240/1447/1248 1057/1204/1089
f 353/542/539 1057/1204/1089 1240/1447/1248
f 1240/1447/1248 536/543/540 353/542/539
f 419/431/428 1241/1276/1134 1058/1194/1080
f 1054/1195/1081 1058/1194/1080 1241/1276/1134
f 1242/1448/1249 1066/1215/1096 1065/1212/1095
f 1242/1448/1249 1065/1212/1095 1059/1198/1084
f 1059/1198/1084 1060/1197/1083 1242/1448/1249
f 1054/1195/1081 1242/1448/1249 1060/1197/1083
f 1240/1447/1248 920/1446/961 1243/1449/965
f 1241/1276/1134 1244/1278/1136 1054/1195/1081
f 1066/1215/1096 1242/1448/1249 1245/1450/1250
f 1244/1278/1136 1245/1450/1250 1242/1448/1249
f 1242/1448/1249 1054/1195/1081 1244/1278/1136
f 1240/1447/1248 1243/1449/965 1097/1269/969
f 1097/1269/969 1098/1268/1129 1240/1447/1248
f 536/543/540 1240/1447/1248 1098/1268/1129
f 1098/1268/1129 418/429/426 536/543/540
f 1220/1273/1132 1245/1450/1250 1100/1271/1130
f 1244/1278/1136 1100/1271/1130 1245/1450/1250
f 1245/1450/1250 1220/1273/1132 1066/1215/1096
f 806/911/827 1000/913/829 1246/1451/1037
f 91/87/87 806/911/827 1246/1451/1037
f 809/915/831 734/805/750 733/810/753
f 1010/894/810 789/893/809 1246/1451/1037
f 91/87/87 1246/1451/1037 789/893/809
f 788/892/808 731/806/751 734/805/750
f 734/805/750 809/915/831 788/892/808
f 807/891/807 788/892/808 809/915/831
f 725/796/741 1176/795/740 1180/1452/1199
f 725/796/741 1180/1452/1199 726/798/743
f 726/798/743 727/797/742 725/796/741
f 15/13/13 725/796/741 727/797/742
f 727/797/742 17/15/15 15/13/13
f 1190/1385/1208 492/504/501 538/545/542
f 538/545/542 1247/1453/1251 1190/1385/1208
f 1247/1453/1251 1248/1454/1167 1191/1386/747
f 1191/1386/747 1190/1385/1208 1247/1453/1251
f 541/548/545 1249/1455/1252 538/545/542
f 1247/1453/1251 538/545/542 1249/1455/1252
f 1249/1455/1252 1250/1456/1253 1247/1453/1251
f 1251/1457/1254 1138/1458/1168 1248/1454/1167
f 1250/1456/1253 1251/1457/1254 1248/1454/1167
f 1248/1454/1167 1247/1453/1251 1250/1456/1253
f 1249/1455/1252 541/548/545 544/551/548
f 544/551/548 1252/1459/1255 1249/1455/1252
f 1250/1456/1253 1249/1455/1252 1252/1459/1255
f 1252/1459/1255 1253/1460/1256 1250/1456/1253
f 1254/1461/1257 1255/1462/1241 1138/1458/1168
f 1138/1458/1168 1251/1457/1254 1254/1461/1257
f 1253/1460/1256 1254/1461/1257 1251/1457/1254
f 1251/1457/1254 1250/1456/1253 1253/1460/1256
f 1252/1459/1255 544/551/548 550/556/553
f 1253/1460/1256 1252/1459/1255 550/556/553
f 550/556/553 1256/1463/1258 1253/1460/1256
f 549/557/554 1257/1464/1259 550/556/553
f 1256/1463/1258 550/556/553 1257/1464/1259
f 1257/1464/1259 1258/1465/1260 1256/1463/1258
f 1262/1466/1261 1237/1467/1245 1255/1462/1241
f 1255/1462/1241 1259/1468/1262 1262/1466/1261
f 1258/1465/1260 1262/1466/1261 1259/1468/1262
f 1259/1468/1262 1256/1463/1258 1258/1465/1260
f 1255/1462/1241 1254/1461/1257 1259/1468/1262
f 1256/1463/1258 1259/1468/1262 1254/1461/1257
f 1254/1461/1257 1253/1460/1256 1256/1463/1258
f 1257/1464/1259 549/557/554 553/561/558
f 1257/1464/1259 553/561/558 554/560/557
f 554/560/557 1260/1469/1263 1257/1464/1259
f 1258/1465/1260 1257/1464/1259 1260/1469/1263
f 1260/1469/1263 1261/1470/1264 1258/1465/1260
f 1262/1466/1261 1258/1465/1260 1261/1470/1264
f 1263/1471/1265 1238/1472/1088 1237/1467/1245
f 1237/1467/1245 1262/1466/1261 1263/1471/1265
f 1261/1470/1264 1263/1471/1265 1262/1466/1261
f 1260/1469/1263 554/560/557 557/564/561
f 557/564/561 1264/1473/1266 1260/1469/1263
f 1261/1470/1264 1260/1469/1263 1264/1473/1266
f 1264/1473/1266 1265/1474/1267 1261/1470/1264
f 1238/1472/1088 1263/1471/1265 1266/1475/1268
f 1265/1474/1267 1266/1475/1268 1263/1471/1265
f 1263/1471/1265 1261/1470/1264 1265/1474/1267
f 1264/1473/1266 557/564/561 560/565/562
f 560/565/562 1267/1043/955 1264/1473/1266
f 1265/1474/1267 1264/1473/1266 1267/1043/955
f 1267/1043/955 1268/1045/957 1265/1474/1267
f 1267/1043/955 560/565/562 211/220/217
f 921/1047/959 1239/1048/960 1238/1472/1088
f 1238/1472/1088 1266/1475/1268 921/1047/959
f 1268/1045/957 921/1047/959 1266/1475/1268
f 1266/1475/1268 1265/1474/1267 1268/1045/957
f 1216/1417/1229 994/1418/1028 1269/912/828
f 1269/912/828 806/911/827 1216/1417/1229
f 511/93/93 1216/1417/1229 806/911/827
f 510/94/94 808/889/805 1211/1411/1224
f 1217/914/830 1211/1411/1224 808/889/805
f 561/566/563 562/518/515 687/740/689
f 687/740/689 688/741/690 561/566/563
f 690/744/692 689/743/691 1203/1400/1219
f 1203/1400/1219 1205/1399/1218 690/744/692
f 561/566/563 690/745/692 1205/1402/1218
f 1205/1402/1218 503/516/513 561/566/563
f 564/569/566 691/746/693 692/747/694
f 692/747/694 563/567/564 564/569/566
f 565/570/567 695/1476/1269 694/751/686
f 1145/748/695 695/1477/1269 693/749/696
f 563/567/564 693/750/696 695/1476/1269
f 695/1476/1269 565/570/567 563/567/564
f 683/1437/1239 565/570/567 684/737/688
f 683/1437/1239 566/568/565 565/570/567
f 3/5/5 5/4/4 717/780/725
f 717/780/725 5/4/4 1270/1478/1270
f 717/780/725 1270/1478/1270 718/781/726
f 677/724/679 676/726/678 1270/1478/1270
f 677/724/679 1270/1478/1270 5/4/4
f 676/726/678 582/589/584 580/586/583
f 580/586/583 1270/1478/1270 676/726/678
f 579/585/582 718/781/726 580/586/583
f 718/781/726 1270/1478/1270 580/586/583
f 363/372/369 364/371/368 1194/1389/1211
f 1194/1389/1211 364/371/368 1271/1479/1271
f 1194/1389/1211 1271/1479/1271 1195/1390/1212
f 627/650/631 626/652/630 1271/1479/1271
f 1271/1479/1271 364/371/368 627/650/631
f 626/652/630 625/662/629 633/659/636
f 633/659/636 1271/1479/1271 626/652/630
f 632/658/635 1195/1390/1212 633/659/636
f 1195/1390/1212 1271/1479/1271 633/659/636
f 1143/1324/1169 694/735/686 695/1477/1269
f 695/1477/1269 1145/748/695 1143/1324/1169
f 686/736/687 694/735/686 1143/1324/1169
f 1145/748/695 1140/1327/1172 1143/1324/1169
f 448/461/458 18/16/16 1144/1328/1173
f 1144/1328/1173 1272/1480/1272 448/461/458
f 662/701/664 1146/1330/1175 1145/748/695
f 1272/1480/1272 1144/1328/1173 1146/1330/1175
f 1146/1330/1175 662/701/664 1272/1480/1272
f 660/700/663 1272/1480/1272 662/701/664
f 1272/1480/1272 660/700/663 661/1353/662
f 661/1353/662 448/461/458 1272/1480/1272
f 440/452/449 441/454/451 1210/1410/1223
f 1210/1410/1223 1160/1352/1184 440/452/449
f 1160/1352/1184 1210/1410/1223 1213/1413/1226
f 1213/1413/1226 1273/1481/1273 1160/1352/1184
f 1274/1482/1274 1215/1414/1227 689/743/691
f 1273/1481/1273 1213/1413/1226 1215/1414/1227
f 1215/1414/1227 1274/1482/1274 1273/1481/1273
f 1274/1482/1274 656/693/657 653/686/655
f 689/743/691 656/693/657 1274/1482/1274
f 653/686/655 1273/1481/1273 1274/1482/1274
f 652/685/654 1160/1352/1184 653/686/655
f 653/686/655 1160/1352/1184 1273/1481/1273
f 1278/1483/1275 1275/1484/1276 1276/1485/1277
f 1276/1485/1277 1277/1486/1278 1278/1483/1275
f 1277/1486/1278 1276/1485/1277 1279/1487/1279
f 1279/1487/1279 1280/1488/1280 1277/1486/1278
f 1284/1489/1281 1281/1490/1282 1282/1491/1283
f 1282/1491/1283 1283/1492/1284 1284/1489/1281
f 1280/1488/1280 1279/1487/1279 1284/1489/1281
f 1284/1489/1281 1283/1492/1284 1280/1488/1280
f 1288/1493/1285 1285/1494/1286 1286/1495/1287
f 1286/1495/1287 1287/1496/1288 1288/1493/1285
f 1287/1496/1288 1286/1495/1287 1289/1497/1289
f 1289/1497/1289 1290/1498/1290 1287/1496/1288
f 1292/1499/1291 1291/1500/1292 1275/1484/1276
f 1275/1484/1276 1278/1483/1275 1292/1499/1291
f 1290/1498/1290 1289/1497/1289 1291/1500/1292
f 1291/1500/1292 1292/1499/1291 1290/1498/1290
f 1294/1501/1293 1293/1502/1294 1295/1503/1295
f 1295/1503/1295 1298/1504/1296 1294/1501/1293
f 1298/1505/1296 1295/1506/1295 1296/1507/1297
f 1296/1507/1297 1297/1508/1298 1298/1505/1296
f 1300/1509/1299 1299/1510/1300 1285/1494/1286
f 1285/1494/1286 1288/1493/1285 1300/1509/1299
f 1297/1508/1298 1296/1507/1297 1299/1510/1300
f 1299/1510/1300 1300/1509/1299 1297/1508/1298
f 1304/1511/1301 1301/1512/1302 1302/1513/1303
f 1302/1513/1303 1303/1514/1304 1304/1511/1301
f 1303/1514/1304 1302/1513/1303 1305/1515/1305
f 1305/1515/1305 1306/1516/1306 1303/1514/1304
f 1308/1517/1307 1307/1518/1308 1293/1502/1294
f 1293/1502/1294 1294/1501/1293 1308/1517/1307
f 1306/1516/1306 1305/1515/1305 1307/1518/1308
f 1307/1518/1308 1308/1517/1307 1306/1516/1306
f 1312/1519/1309 1309/1520/1310 1310/1521/1311
f 1310/1521/1311 1311/1522/1312 1312/1519/1309
f 1311/1522/1312 1310/1521/1311 1313/1523/1313
f 1313/1523/1313 1314/1524/1314 1311/1522/1312
f 1316/1525/1315 1315/1526/1316 1301/1512/1302
f 1301/1512/1302 1304/1511/1301 1316/1525/1315
f 1314/1524/1314 1313/1523/1313 1315/1526/1316
f 1315/1526/1316 1316/1525/1315 1314/1524/1314
f 1320/1527/1317 1317/1528/1318 1318/1529/1319
f 1318/1529/1319 1319/1530/1320 1320/1527/1317
f 1319/1530/1320 1318/1529/1319 1321/1531/1321
f 1321/1531/1321 1322/1532/1322 1319/1530/1320
f 1324/1533/1323 1323/1534/1324 1309/1520/1310
f 1309/1520/1310 1312/1519/1309 1324/1533/1323
f 1322/1532/1322 1321/1531/1321 1323/1534/1324
f 1323/1534/1324 1324/1533/1323 1322/1532/1322
f 1328/1535/1325 1325/1536/1326 1326/1537/1327
f 1326/1537/1327 1327/1538/1328 1328/1535/1325
f 1327/1538/1328 1326/1537/1327 1329/1539/1329
f 1329/1539/1329 1330/1540/1330 1327/1538/1328
f 1332/1541/1331 1331/1542/1332 1317/1528/1318
f 1317/1528/1318 1320/1527/1317 1332/1541/1331
f 1330/1540/1330 1329/1539/1329 1331/1542/1332
f 1331/1542/1332 1332/1541/1331 1330/1540/1330
f 1336/1543/1333 1333/1544/1334 1334/1545/1335
f 1334/1545/1335 1335/1546/1336 1336/1543/1333
f 1335/1546/1336 1334/1545/1335 1337/1547/1337
f 1337/1547/1337 1338/1548/1338 1335/1546/1336
f 1340/1549/1339 1339/1550/1340 1325/1536/1326
f 1325/1536/1326 1328/1535/1325 1340/1549/1339
f 1338/1548/1338 1337/1547/1337 1339/1550/1340
f 1339/1550/1340 1340/1549/1339 1338/1548/1338
f 1344/1551/1341 1341/1552/1342 1342/1553/1343
f 1342/1553/1343 1343/1554/1344 1344/1551/1341
f 1343/1554/1344 1342/1553/1343 1345/1555/1345
f 1345/1555/1345 1346/1556/1346 1343/1554/1344
f 1348/1557/1347 1347/1558/1348 1333/1544/1334
f 1333/1544/1334 1336/1543/1333 1348/1557/1347
f 1346/1556/1346 1345/1555/1345 1347/1558/1348
f 1347/1558/1348 1348/1557/1347 1346/1556/1346
f 1352/1559/1349 1349/1560/1350 1350/1561/1351
f 1350/1561/1351 1351/1562/1352 1352/1559/1349
f 1351/1562/1352 1350/1561/1351 1353/1563/1353
f 1353/1563/1353 1354/1564/1354 1351/1562/1352
f 1356/1565/1355 1355/1566/1356 1341/1552/1342
f 1341/1552/1342 1344/1551/1341 1356/1565/1355
f 1354/1564/1354 1353/1563/1353 1355/1566/1356
f 1355/1566/1356 1356/1565/1355 1354/1564/1354
f 1360/1567/1357 1357/1568/1358 1358/1569/1359
f 1358/1569/1359 1359/1570/1360 1360/1567/1357
f 1359/1570/1360 1358/1569/1359 1361/1571/1361
f 1361/1571/1361 1362/1572/1362 1359/1570/1360
f 1364/1573/1363 1363/1574/1364 1349/1560/1350
f 1349/1560/1350 1352/1559/1349 1364/1573/1363
f 1362/1572/1362 1361/1571/1361 1363/1574/1364
f 1363/1574/1364 1364/1573/1363 1362/1572/1362
f 1368/1575/1365 1365/1576/1366 1366/1577/1367
f 1366/1577/1367 1367/1578/1368 1368/1575/1365
f 1367/1578/1368 1366/1577/1367 1369/1579/1369
f 1369/1579/1369 1370/1580/1370 1367/1578/1368
f 1372/1581/1371 1371/1582/1372 1357/1568/1358
f 1357/1568/1358 1360/1567/1357 1372/1581/1371
f 1370/1580/1370 1369/1579/1369 1371/1582/1372
f 1371/1582/1372 1372/1581/1371 1370/1580/1370
f 1376/1583/1373 1373/1584/1374 1374/1585/1375
f 1374/1585/1375 1375/1586/1376 1376/1583/1373
f 1375/1586/1376 1374/1585/1375 1377/1587/1377
f 1377/1587/1377 1378/1588/1378 1375/1586/1376
f 1380/1589/1379 1379/1590/1380 1365/1576/1366
f 1365/1576/1366 1368/1575/1365 1380/1589/1379
f 1378/1588/1378 1377/1587/1377 1379/1590/1380
f 1379/1590/1380 1380/1589/1379 1378/1588/1378
f 1384/1591/1381 1381/1592/1382 1382/1593/1383
f 1382/1593/1383 1383/1594/1384 1384/1591/1381
f 1383/1594/1384 1382/1593/1383 1385/1595/1385
f 1385/1595/1385 1386/1596/1386 1383/1594/1384
f 1388/1597/1387 1387/1598/1388 1373/1584/1374
f 1373/1584/1374 1376/1583/1373 1388/1597/1387
f 1386/1596/1386 1385/1595/1385 1387/1598/1388
f 1387/1598/1388 1388/1597/1387 1386/1596/1386
f 1392/1599/1389 1389/1600/1390 1390/1601/1391
f 1390/1601/1391 1391/1602/1392 1392/1599/1389
f 1391/1602/1392 1390/1601/1391 1393/1603/1393
f 1393/1603/1393 1394/1604/1394 1391/1602/1392
f 1396/1605/1395 1395/1606/1396 1381/1592/1382
f 1381/1592/1382 1384/1591/1381 1396/1605/1395
f 1394/1604/1394 1393/1603/1393 1395/1606/1396
f 1395/1606/1396 1396/1605/1395 1394/1604/1394
f 1400/1607/1397 1397/1608/1398 1398/1609/1399
f 1398/1609/1399 1399/1610/1400 1400/1607/1397
f 1399/1610/1400 1398/1609/1399 1401/1611/1401
f 1401/1611/1401 1402/1612/1402 1399/1610/1400
f 1404/1613/1403 1403/1614/1404 1389/1600/1390
f 1389/1600/1390 1392/1599/1389 1404/1613/1403
f 1402/1612/1402 1401/1611/1401 1403/1614/1404
f 1403/1614/1404 1404/1613/1403 1402/1612/1402
f 1408/1615/1405 1405/1616/1406 1406/1617/1407
f 1406/1617/1407 1407/1618/1408 1408/1615/1405
f 1407/1618/1408 1406/1617/1407 1409/1619/1409
f 1409/1619/1409 1410/1620/1410 1407/1618/1408
f 1412/1621/1411 1411/1622/1412 1397/1608/1398
f 1397/1608/1398 1400/1607/1397 1412/1621/1411
f 1410/1620/1410 1409/1619/1409 1411/1622/1412
f 1411/1622/1412 1412/1621/1411 1410/1620/1410
f 1282/1491/1283 1281/1490/1282 1413/1623/1413
f 1413/1623/1413 1414/1624/1414 1282/1491/1283
f 1414/1624/1414 1413/1623/1413 1415/1625/1415
f 1415/1625/1415 1416/1626/1416 1414/1624/1414
f 1418/1627/1417 1417/1628/1418 1405/1616/1406
f 1405/1616/1406 1408/1615/1405 1418/1627/1417
f 1416/1626/1416 1415/1625/1415 1417/1628/1418
f 1417/1628/1418 1418/1627/1417 1416/1626/1416
f 1421/1629/1419 1419/1630/1420 1614/1631/1421
f 1614/1631/1421 1420/1632/1422 1421/1629/1419
f 1420/1632/1422 1614/1631/1421 1615/1633/1423
f 1615/1633/1423 1422/1634/1424 1420/1632/1422
f 1425/1635/1425 1617/1636/1426 1423/1637/1427
f 1423/1637/1427 1424/1638/1428 1425/1635/1425
f 1422/1634/1424 1615/1633/1423 1425/1635/1425
f 1425/1635/1425 1424/1638/1428 1422/1634/1424
f 1618/1639/1429 1426/1640/1430 1427/1641/1431
f 1427/1641/1431 1428/1642/1432 1618/1639/1429
f 1428/1642/1432 1427/1641/1431 1429/1643/1433
f 1429/1643/1433 1430/1644/1434 1428/1642/1432
f 1432/1645/1435 1431/1646/1436 1419/1630/1420
f 1419/1630/1420 1421/1629/1419 1432/1645/1435
f 1430/1644/1434 1429/1643/1433 1431/1646/1436
f 1431/1646/1436 1432/1645/1435 1430/1644/1434
f 1619/1647/1437 1433/1648/1438 1703/1649/1439
f 1703/1649/1439 1436/1650/1440 1619/1647/1437
f 1436/1651/1440 1703/1652/1439 1434/1653/1441
f 1434/1653/1441 1435/1654/1442 1436/1651/1440
f 1438/1655/1443 1437/1656/1444 1426/1640/1430
f 1426/1640/1430 1618/1639/1429 1438/1655/1443
f 1435/1654/1442 1434/1653/1441 1437/1656/1444
f 1437/1656/1444 1438/1655/1443 1435/1654/1442
f 1442/1657/1445 1439/1658/1446 1440/1659/1447
f 1440/1659/1447 1441/1660/1448 1442/1657/1445
f 1441/1660/1448 1440/1659/1447 1443/1661/1449
f 1443/1661/1449 1672/1662/1450 1441/1660/1448
f 1620/1663/1451 1444/1664/1452 1433/1648/1438
f 1433/1648/1438 1619/1647/1437 1620/1663/1451
f 1672/1662/1450 1443/1661/1449 1444/1664/1452
f 1444/1664/1452 1620/1663/1451 1672/1662/1450
f 1446/1665/1453 1621/1666/1454 1622/1667/1455
f 1622/1667/1455 1445/1668/1456 1446/1665/1453
f 1445/1668/1456 1622/1667/1455 1447/1669/1457
f 1447/1669/1457 1448/1670/1458 1445/1668/1456
f 1450/1671/1459 1449/1672/1460 1439/1658/1446
f 1439/1658/1446 1442/1657/1445 1450/1671/1459
f 1448/1670/1458 1447/1669/1457 1449/1672/1460
f 1449/1672/1460 1450/1671/1459 1448/1670/1458
f 1452/1673/1461 1623/1674/1462 1624/1675/1463
f 1624/1675/1463 1451/1676/1464 1452/1673/1461
f 1451/1676/1464 1624/1675/1463 1625/1677/1465
f 1625/1677/1465 1453/1678/1466 1451/1676/1464
f 1454/1679/1467 1626/1680/1468 1621/1666/1454
f 1621/1666/1454 1446/1665/1453 1454/1679/1467
f 1453/1678/1466 1625/1677/1465 1626/1680/1468
f 1626/1680/1468 1454/1679/1467 1453/1678/1466
f 1456/1681/1469 1627/1682/1470 1628/1683/1471
f 1628/1683/1471 1455/1684/1472 1456/1681/1469
f 1455/1684/1472 1628/1683/1471 1629/1685/1473
f 1629/1685/1473 1457/1686/1474 1455/1684/1472
f 1458/1687/1475 1630/1688/1476 1623/1674/1462
f 1623/1674/1462 1452/1673/1461 1458/1687/1475
f 1457/1686/1474 1629/1685/1473 1630/1688/1476
f 1630/1688/1476 1458/1687/1475 1457/1686/1474
f 1460/1689/1477 1631/1690/1478 1632/1691/1479
f 1632/1691/1479 1459/1692/1480 1460/1689/1477
f 1459/1692/1480 1632/1691/1479 1633/1693/1481
f 1633/1693/1481 1461/1694/1482 1459/1692/1480
f 1462/1695/1483 1634/1696/1484 1627/1682/1470
f 1627/1682/1470 1456/1681/1469 1462/1695/1483
f 1461/1694/1482 1633/1693/1481 1634/1696/1484
f 1634/1696/1484 1462/1695/1483 1461/1694/1482
f 1464/1697/1485 1635/1698/1486 1636/1699/1487
f 1636/1699/1487 1463/1700/1488 1464/1697/1485
f 1463/1700/1488 1636/1699/1487 1637/1701/1489
f 1637/1701/1489 1465/1702/1490 1463/1700/1488
f 1466/1703/1491 1638/1704/1492 1631/1690/1478
f 1631/1690/1478 1460/1689/1477 1466/1703/1491
f 1465/1702/1490 1637/1701/1489 1638/1704/1492
f 1638/1704/1492 1466/1703/1491 1465/1702/1490
f 1468/1705/1493 1639/1706/1494 1640/1707/1495
f 1640/1707/1495 1467/1708/1496 1468/1705/1493
f 1467/1708/1496 1640/1707/1495 1641/1709/1497
f 1641/1709/1497 1469/1710/1498 1467/1708/1496
f 1470/1711/1499 1642/1712/1500 1635/1698/1486
f 1635/1698/1486 1464/1697/1485 1470/1711/1499
f 1469/1710/1498 1641/1709/1497 1642/1712/1500
f 1642/1712/1500 1470/1711/1499 1469/1710/1498
f 1472/1713/1501 1643/1714/1502 1644/1715/1503
f 1644/1715/1503 1471/1716/1504 1472/1713/1501
f 1471/1716/1504 1644/1715/1503 1645/1717/1505
f 1645/1717/1505 1473/1718/1506 1471/1716/1504
f 1474/1719/1507 1646/1720/1508 1639/1706/1494
f 1639/1706/1494 1468/1705/1493 1474/1719/1507
f 1473/1718/1506 1645/1717/1505 1646/1720/1508
f 1646/1720/1508 1474/1719/1507 1473/1718/1506
f 1476/1721/1509 1647/1722/1510 1648/1723/1511
f 1648/1723/1511 1475/1724/1512 1476/1721/1509
f 1475/1724/1512 1648/1723/1511 1649/1725/1513
f 1649/1725/1513 1477/1726/1514 1475/1724/1512
f 1478/1727/1515 1650/1728/1516 1643/1714/1502
f 1643/1714/1502 1472/1713/1501 1478/1727/1515
f 1477/1726/1514 1649/1725/1513 1650/1728/1516
f 1650/1728/1516 1478/1727/1515 1477/1726/1514
f 1480/1729/1517 1651/1730/1518 1652/1731/1519
f 1652/1731/1519 1479/1732/1520 1480/1729/1517
f 1479/1732/1520 1652/1731/1519 1653/1733/1521
f 1653/1733/1521 1481/1734/1522 1479/1732/1520
f 1482/1735/1523 1654/1736/1524 1647/1722/1510
f 1647/1722/1510 1476/1721/1509 1482/1735/1523
f 1481/1734/1522 1653/1733/1521 1654/1736/1524
f 1654/1736/1524 1482/1735/1523 1481/1734/1522
f 1485/1737/1525 1655/1738/1526 1483/1739/1527
f 1483/1739/1527 1484/1740/1528 1485/1737/1525
f 1484/1740/1528 1483/1739/1527 1486/1741/1529
f 1486/1741/1529 1487/1742/1530 1484/1740/1528
f 1488/1743/1531 1656/1744/1532 1651/1730/1518
f 1651/1730/1518 1480/1729/1517 1488/1743/1531
f 1487/1742/1530 1486/1741/1529 1656/1744/1532
f 1656/1744/1532 1488/1743/1531 1487/1742/1530
f 1490/1745/1533 1657/1746/1534 1658/1747/1535
f 1658/1747/1535 1489/1748/1536 1490/1745/1533
f 1489/1748/1536 1658/1747/1535 1659/1749/1537
f 1659/1749/1537 1491/1750/1538 1489/1748/1536
f 1492/1751/1539 1660/1752/1540 1655/1738/1526
f 1655/1738/1526 1485/1737/1525 1492/1751/1539
f 1491/1750/1538 1659/1749/1537 1660/1752/1540
f 1660/1752/1540 1492/1751/1539 1491/1750/1538
f 1494/1753/1541 1661/1754/1542 1662/1755/1543
f 1662/1755/1543 1493/1756/1544 1494/1753/1541
f 1493/1756/1544 1662/1755/1543 1663/1757/1545
f 1663/1757/1545 1495/1758/1546 1493/1756/1544
f 1496/1759/1547 1664/1760/1548 1657/1746/1534
f 1657/1746/1534 1490/1745/1533 1496/1759/1547
f 1495/1758/1546 1663/1757/1545 1664/1760/1548
f 1664/1760/1548 1496/1759/1547 1495/1758/1546
f 1498/1761/1549 1665/1762/1550 1666/1763/1551
f 1666/1763/1551 1497/1764/1552 1498/1761/1549
f 1497/1764/1552 1666/1763/1551 1667/1765/1553
f 1667/1765/1553 1499/1766/1554 1497/1764/1552
f 1500/1767/1555 1668/1768/1556 1661/1754/1542
f 1661/1754/1542 1494/1753/1541 1500/1767/1555
f 1499/1766/1554 1667/1765/1553 1668/1768/1556
f 1668/1768/1556 1500/1767/1555 1499/1766/1554
f 1423/1637/1427 1617/1636/1426 1669/1769/1557
f 1669/1769/1557 1501/1770/1558 1423/1637/1427
f 1501/1770/1558 1669/1769/1557 1670/1771/1559
f 1670/1771/1559 1502/1772/1560 1501/1770/1558
f 1503/1773/1561 1671/1774/1562 1665/1762/1550
f 1665/1762/1550 1498/1761/1549 1503/1773/1561
f 1502/1772/1560 1670/1771/1559 1671/1774/1562
f 1671/1774/1562 1503/1773/1561 1502/1772/1560
f 1506/1775/1563 1504/1776/1564 1616/1777/1565
f 1616/1777/1565 1505/1778/1566 1506/1775/1563
f 1505/1778/1566 1616/1777/1565 1507/1779/1567
f 1507/1779/1567 1508/1780/1568 1505/1778/1566
f 1511/1781/1569 1673/1782/1570 1509/1783/1571
f 1509/1783/1571 1510/1784/1572 1511/1781/1569
f 1508/1780/1568 1507/1779/1567 1511/1781/1569
f 1511/1781/1569 1510/1784/1572 1508/1780/1568
f 1514/1785/1573 1512/1786/1574 1674/1787/1575
f 1674/1787/1575 1513/1788/1576 1514/1785/1573
f 1513/1788/1576 1674/1787/1575 1675/1789/1577
f 1675/1789/1577 1515/1790/1578 1513/1788/1576
f 1516/1791/1579 1676/1792/1580 1504/1776/1564
f 1504/1776/1564 1506/1775/1563 1516/1791/1579
f 1515/1790/1578 1675/1789/1577 1676/1792/1580
f 1676/1792/1580 1516/1791/1579 1515/1790/1578
f 1520/1793/1581 1517/1794/1582 1518/1795/1583
f 1518/1795/1583 1519/1796/1584 1520/1793/1581
f 1519/1796/1584 1518/1795/1583 1677/1797/1585
f 1677/1797/1585 1521/1798/1586 1519/1796/1584
f 1522/1799/1587 1678/1800/1588 1512/1786/1574
f 1512/1786/1574 1514/1785/1573 1522/1799/1587
f 1521/1798/1586 1677/1797/1585 1678/1800/1588
f 1678/1800/1588 1522/1799/1587 1521/1798/1586
f 1525/1801/1589 1523/1802/1590 1679/1803/1591
f 1679/1803/1591 1524/1804/1592 1525/1801/1589
f 1524/1804/1592 1679/1803/1591 1526/1805/1593
f 1526/1805/1593 1527/1806/1594 1524/1804/1592
f 1529/1807/1595 1528/1808/1596 1517/1794/1582
f 1517/1794/1582 1520/1793/1581 1529/1807/1595
f 1527/1806/1594 1526/1805/1593 1528/1808/1596
f 1528/1808/1596 1529/1807/1595 1527/1806/1594
f 1532/1809/1597 1680/1810/1598 1530/1811/1599
f 1530/1811/1599 1531/1812/1600 1532/1809/1597
f 1531/1812/1600 1530/1811/1599 1681/1813/1601
f 1681/1813/1601 1533/1814/1602 1531/1812/1600
f 1535/1815/1603 1534/1816/1604 1523/1802/1590
f 1523/1802/1590 1525/1801/1589 1535/1815/1603
f 1533/1814/1602 1681/1813/1601 1534/1816/1604
f 1534/1816/1604 1535/1815/1603 1533/1814/1602
f 1539/1817/1605 1536/1818/1606 1537/1819/1607
f 1537/1819/1607 1538/1820/1608 1539/1817/1605
f 1538/1820/1608 1537/1819/1607 1682/1821/1609
f 1682/1821/1609 1540/1822/1610 1538/1820/1608
f 1542/1823/1611 1541/1824/1612 1680/1810/1598
f 1680/1810/1598 1532/1809/1597 1542/1823/1611
f 1540/1822/1610 1682/1821/1609 1541/1824/1612
f 1541/1824/1612 1542/1823/1611 1540/1822/1610
f 1545/1825/1613 1683/1826/1614 1543/1827/1615
f 1543/1827/1615 1544/1828/1616 1545/1825/1613
f 1544/1828/1616 1543/1827/1615 1684/1829/1617
f 1684/1829/1617 1546/1830/1618 1544/1828/1616
f 1548/1831/1619 1547/1832/1620 1536/1818/1606
f 1536/1818/1606 1539/1817/1605 1548/1831/1619
f 1546/1830/1618 1684/1829/1617 1547/1832/1620
f 1547/1832/1620 1548/1831/1619 1546/1830/1618
f 1551/1833/1621 1549/1834/1622 1685/1835/1623
f 1685/1835/1623 1550/1836/1624 1551/1833/1621
f 1550/1836/1624 1685/1835/1623 1552/1837/1625
f 1552/1837/1625 1553/1838/1626 1550/1836/1624
f 1555/1839/1627 1554/1840/1628 1683/1826/1614
f 1683/1826/1614 1545/1825/1613 1555/1839/1627
f 1553/1838/1626 1552/1837/1625 1554/1840/1628
f 1554/1840/1628 1555/1839/1627 1553/1838/1626
f 1559/1841/1629 1556/1842/1630 1557/1843/1631
f 1557/1843/1631 1558/1844/1632 1559/1841/1629
f 1558/1844/1632 1557/1843/1631 1560/1845/1633
f 1560/1845/1633 1561/1846/1634 1558/1844/1632
f 1562/1847/1635 1686/1848/1636 1549/1834/1622
f 1549/1834/1622 1551/1833/1621 1562/1847/1635
f 1561/1846/1634 1560/1845/1633 1686/1848/1636
f 1686/1848/1636 1562/1847/1635 1561/1846/1634
f 1564/1849/1637 1688/1850/1638 1687/1851/1639
f 1687/1851/1639 1563/1852/1640 1564/1849/1637
f 1563/1852/1640 1687/1851/1639 1565/1853/1641
f 1565/1853/1641 1566/1854/1642 1563/1852/1640
f 1568/1855/1643 1567/1856/1644 1556/1842/1630
f 1556/1842/1630 1559/1841/1629 1568/1855/1643
f 1566/1854/1642 1565/1853/1641 1567/1856/1644
f 1567/1856/1644 1568/1855/1643 1566/1854/1642
f 1571/1857/1645 1689/1858/1646 1569/1859/1647
f 1569/1859/1647 1570/1860/1648 1571/1857/1645
f 1570/1860/1648 1569/1859/1647 1690/1861/1649
f 1690/1861/1649 1572/1862/1650 1570/1860/1648
f 1573/1863/1651 1691/1864/1652 1688/1850/1638
f 1688/1850/1638 1564/1849/1637 1573/1863/1651
f 1572/1862/1650 1690/1861/1649 1691/1864/1652
f 1691/1864/1652 1573/1863/1651 1572/1862/1650
f 1575/1865/1653 1693/1866/1654 1692/1867/1655
f 1692/1867/1655 1574/1868/1656 1575/1865/1653
f 1574/1868/1656 1692/1867/1655 1694/1869/1657
f 1694/1869/1657 1576/1870/1658 1574/1868/1656
f 1577/1871/1659 1695/1872/1660 1689/1858/1646
f 1689/1858/1646 1571/1857/1645 1577/1871/1659
f 1576/1870/1658 1694/1869/1657 1695/1872/1660
f 1695/1872/1660 1577/1871/1659 1576/1870/1658
f 1579/1873/1661 1697/1874/1662 1696/1875/1663
f 1696/1875/1663 1578/1876/1664 1579/1873/1661
f 1578/1876/1664 1696/1875/1663 1580/1877/1665
f 1580/1877/1665 1581/1878/1666 1578/1876/1664
f 1583/1879/1667 1582/1880/1668 1693/1866/1654
f 1693/1866/1654 1575/1865/1653 1583/1879/1667
f 1581/1878/1666 1580/1877/1665 1582/1880/1668
f 1582/1880/1668 1583/1879/1667 1581/1878/1666
f 1585/1881/1669 1699/1882/1670 1698/1883/1671
f 1698/1883/1671 1584/1884/1672 1585/1881/1669
f 1584/1884/1672 1698/1883/1671 1700/1885/1673
f 1700/1885/1673 1586/1886/1674 1584/1884/1672
f 1587/1887/1675 1701/1888/1676 1697/1874/1662
f 1697/1874/1662 1579/1873/1661 1587/1887/1675
f 1586/1886/1674 1700/1885/1673 1701/1888/1676
f 1701/1888/1676 1587/1887/1675 1586/1886/1674
f 1590/1889/1677 1588/1890/1678 1702/1891/1679
f 1702/1891/1679 1589/1892/1680 1590/1889/1677
f 1589/1892/1680 1702/1891/1679 1591/1893/1681
f 1591/1893/1681 1592/1894/1682 1589/1892/1680
f 1594/1895/1683 1593/1896/1684 1699/1882/1670
f 1699/1882/1670 1585/1881/1669 1594/1895/1683
f 1592/1894/1682 1591/1893/1681 1593/1896/1684
f 1593/1896/1684 1594/1895/1683 1592/1894/1682
f 1598/1897/1685 1595/1898/1686 1596/1899/1687
f 1596/1899/1687 1597/1900/1688 1598/1897/1685
f 1597/1900/1688 1596/1899/1687 1599/1901/1689
f 1599/1901/1689 1600/1902/1690 1597/1900/1688
f 1602/1903/1691 1601/1904/1692 1588/1890/1678
f 1588/1890/1678 1590/1889/1677 1602/1903/1691
f 1600/1902/1690 1599/1901/1689 1601/1904/1692
f 1601/1904/1692 1602/1903/1691 1600/1902/1690
f 1606/1905/1693 1603/1906/1694 1604/1907/1695
f 1604/1907/1695 1605/1908/1696 1606/1905/1693
f 1605/1908/1696 1604/1907/1695 1705/1909/1697
f 1705/1909/1697 1607/1910/1698 1605/1908/1696
f 1778/1911/1699 1704/1912/1700 1595/1898/1686
f 1595/1898/1686 1598/1897/1685 1778/1911/1699
f 1607/1910/1698 1705/1909/1697 1704/1913/1700
f 1704/1913/1700 1778/1914/1699 1607/1910/1698
f 1509/1783/1571 1673/1782/1570 1608/1915/1701
f 1608/1915/1701 1609/1916/1702 1509/1783/1571
f 1609/1916/1702 1608/1915/1701 1610/1917/1703
f 1610/1917/1703 1611/1918/1704 1609/1916/1702
f 1613/1919/1705 1612/1920/1706 1603/1906/1694
f 1603/1906/1694 1606/1905/1693 1613/1919/1705
f 1611/1918/1704 1610/1917/1703 1612/1920/1706
f 1612/1920/1706 1613/1919/1705 1611/1918/1704
f 1423/1637/1427 1281/1490/1282 1424/1638/1428
f 1419/1630/1420 1673/1782/1570 1614/1631/1421
f 1425/1635/1425 1616/1777/1565 1617/1636/1426
f 1616/1777/1565 1425/1635/1425 1615/1633/1423
f 1673/1782/1570 1419/1630/1420 1431/1646/1436
f 1281/1490/1282 1423/1637/1427 1501/1770/1558
f 1275/1484/1276 1421/1629/1419 1420/1632/1422
f 1420/1632/1422 1276/1485/1277 1275/1484/1276
f 1276/1485/1277 1420/1632/1422 1422/1634/1424
f 1422/1634/1424 1279/1487/1279 1276/1485/1277
f 1284/1489/1281 1424/1638/1428 1281/1490/1282
f 1279/1487/1279 1422/1634/1424 1424/1638/1428
f 1424/1638/1428 1284/1489/1281 1279/1487/1279
f 1285/1494/1286 1618/1639/1429 1428/1642/1432
f 1428/1642/1432 1286/1495/1287 1285/1494/1286
f 1286/1495/1287 1428/1642/1432 1430/1644/1434
f 1430/1644/1434 1289/1497/1289 1286/1495/1287
f 1291/1500/1292 1432/1645/1435 1421/1629/1419
f 1421/1629/1419 1275/1484/1276 1291/1500/1292
f 1289/1497/1289 1430/1644/1434 1432/1645/1435
f 1432/1645/1435 1291/1500/1292 1289/1497/1289
f 1293/1502/1294 1619/1647/1437 1436/1650/1440
f 1436/1650/1440 1295/1503/1295 1293/1502/1294
f 1295/1506/1295 1436/1651/1440 1435/1654/1442
f 1435/1654/1442 1296/1507/1297 1295/1506/1295
f 1299/1510/1300 1438/1655/1443 1618/1639/1429
f 1618/1639/1429 1285/1494/1286 1299/1510/1300
f 1296/1507/1297 1435/1654/1442 1438/1655/1443
f 1438/1655/1443 1299/1510/1300 1296/1507/1297
f 1301/1512/1302 1442/1657/1445 1441/1660/1448
f 1441/1660/1448 1302/1513/1303 1301/1512/1302
f 1302/1513/1303 1441/1660/1448 1672/1662/1450
f 1672/1662/1450 1305/1515/1305 1302/1513/1303
f 1307/1518/1308 1620/1663/1451 1619/1647/1437
f 1619/1647/1437 1293/1502/1294 1307/1518/1308
f 1305/1515/1305 1672/1662/1450 1620/1663/1451
f 1620/1663/1451 1307/1518/1308 1305/1515/1305
f 1309/1520/1310 1446/1665/1453 1445/1668/1456
f 1445/1668/1456 1310/1521/1311 1309/1520/1310
f 1310/1521/1311 1445/1668/1456 1448/1670/1458
f 1448/1670/1458 1313/1523/1313 1310/1521/1311
f 1315/1526/1316 1450/1671/1459 1442/1657/1445
f 1442/1657/1445 1301/1512/1302 1315/1526/1316
f 1313/1523/1313 1448/1670/1458 1450/1671/1459
f 1450/1671/1459 1315/1526/1316 1313/1523/1313
f 1317/1528/1318 1452/1673/1461 1451/1676/1464
f 1451/1676/1464 1318/1529/1319 1317/1528/1318
f 1318/1529/1319 1451/1676/1464 1453/1678/1466
f 1453/1678/1466 1321/1531/1321 1318/1529/1319
f 1323/1534/1324 1454/1679/1467 1446/1665/1453
f 1446/1665/1453 1309/1520/1310 1323/1534/1324
f 1321/1531/1321 1453/1678/1466 1454/1679/1467
f 1454/1679/1467 1323/1534/1324 1321/1531/1321
f 1325/1536/1326 1456/1681/1469 1455/1684/1472
f 1455/1684/1472 1326/1537/1327 1325/1536/1326
f 1326/1537/1327 1455/1684/1472 1457/1686/1474
f 1457/1686/1474 1329/1539/1329 1326/1537/1327
f 1331/1542/1332 1458/1687/1475 1452/1673/1461
f 1452/1673/1461 1317/1528/1318 1331/1542/1332
f 1329/1539/1329 1457/1686/1474 1458/1687/1475
f 1458/1687/1475 1331/1542/1332 1329/1539/1329
f 1333/1544/1334 1460/1689/1477 1459/1692/1480
f 1459/1692/1480 1334/1545/1335 1333/1544/1334
f 1334/1545/1335 1459/1692/1480 1461/1694/1482
f 1461/1694/1482 1337/1547/1337 1334/1545/1335
f 1339/1550/1340 1462/1695/1483 1456/1681/1469
f 1456/1681/1469 1325/1536/1326 1339/1550/1340
f 1337/1547/1337 1461/1694/1482 1462/1695/1483
f 1462/1695/1483 1339/1550/1340 1337/1547/1337
f 1341/1552/1342 1464/1697/1485 1463/1700/1488
f 1463/1700/1488 1342/1553/1343 1341/1552/1342
f 1342/1553/1343 1463/1700/1488 1465/1702/1490
f 1465/1702/1490 1345/1555/1345 1342/1553/1343
f 1347/1558/1348 1466/1703/1491 1460/1689/1477
f 1460/1689/1477 1333/1544/1334 1347/1558/1348
f 1345/1555/1345 1465/1702/1490 1466/1703/1491
f 1466/1703/1491 1347/1558/1348 1345/1555/1345
f 1349/1560/1350 1468/1705/1493 1467/1708/1496
f 1467/1708/1496 1350/1561/1351 1349/1560/1350
f 1350/1561/1351 1467/1708/1496 1469/1710/1498
f 1469/1710/1498 1353/1563/1353 1350/1561/1351
f 1355/1566/1356 1470/1711/1499 1464/1697/1485
f 1464/1697/1485 1341/1552/1342 1355/1566/1356
f 1353/1563/1353 1469/1710/1498 1470/1711/1499
f 1470/1711/1499 1355/1566/1356 1353/1563/1353
f 1357/1568/1358 1472/1713/1501 1471/1716/1504
f 1471/1716/1504 1358/1569/1359 1357/1568/1358
f 1358/1569/1359 1471/1716/1504 1473/1718/1506
f 1473/1718/1506 1361/1571/1361 1358/1569/1359
f 1363/1574/1364 1474/1719/1507 1468/1705/1493
f 1468/1705/1493 1349/1560/1350 1363/1574/1364
f 1361/1571/1361 1473/1718/1506 1474/1719/1507
f 1474/1719/1507 1363/1574/1364 1361/1571/1361
f 1365/1576/1366 1476/1721/1509 1475/1724/1512
f 1475/1724/1512 1366/1577/1367 1365/1576/1366
f 1366/1577/1367 1475/1724/1512 1477/1726/1514
f 1477/1726/1514 1369/1579/1369 1366/1577/1367
f 1371/1582/1372 1478/1727/1515 1472/1713/1501
f 1472/1713/1501 1357/1568/1358 1371/1582/1372
f 1369/1579/1369 1477/1726/1514 1478/1727/1515
f 1478/1727/1515 1371/1582/1372 1369/1579/1369
f 1373/1584/1374 1480/1729/1517 1479/1732/1520
f 1479/1732/1520 1374/1585/1375 1373/1584/1374
f 1374/1585/1375 1479/1732/1520 1481/1734/1522
f 1481/1734/1522 1377/1587/1377 1374/1585/1375
f 1379/1590/1380 1482/1735/1523 1476/1721/1509
f 1476/1721/1509 1365/1576/1366 1379/1590/1380
f 1377/1587/1377 1481/1734/1522 1482/1735/1523
f 1482/1735/1523 1379/1590/1380 1377/1587/1377
f 1381/1592/1382 1485/1737/1525 1484/1740/1528
f 1484/1740/1528 1382/1593/1383 1381/1592/1382
f 1382/1593/1383 1484/1740/1528 1487/1742/1530
f 1487/1742/1530 1385/1595/1385 1382/1593/1383
f 1387/1598/1388 1488/1743/1531 1480/1729/1517
f 1480/1729/1517 1373/1584/1374 1387/1598/1388
f 1385/1595/1385 1487/1742/1530 1488/1743/1531
f 1488/1743/1531 1387/1598/1388 1385/1595/1385
f 1389/1600/1390 1490/1745/1533 1489/1748/1536
f 1489/1748/1536 1390/1601/1391 1389/1600/1390
f 1390/1601/1391 1489/1748/1536 1491/1750/1538
f 1491/1750/1538 1393/1603/1393 1390/1601/1391
f 1395/1606/1396 1492/1751/1539 1485/1737/1525
f 1485/1737/1525 1381/1592/1382 1395/1606/1396
f 1393/1603/1393 1491/1750/1538 1492/1751/1539
f 1492/1751/1539 1395/1606/1396 1393/1603/1393
f 1397/1608/1398 1494/1753/1541 1493/1756/1544
f 1493/1756/1544 1398/1609/1399 1397/1608/1398
f 1398/1609/1399 1493/1756/1544 1495/1758/1546
f 1495/1758/1546 1401/1611/1401 1398/1609/1399
f 1403/1614/1404 1496/1759/1547 1490/1745/1533
f 1490/1745/1533 1389/1600/1390 1403/1614/1404
f 1401/1611/1401 1495/1758/1546 1496/1759/1547
f 1496/1759/1547 1403/1614/1404 1401/1611/1401
f 1405/1616/1406 1498/1761/1549 1497/1764/1552
f 1497/1764/1552 1406/1617/1407 1405/1616/1406
f 1406/1617/1407 1497/1764/1552 1499/1766/1554
f 1499/1766/1554 1409/1619/1409 1406/1617/1407
f 1411/1622/1412 1500/1767/1555 1494/1753/1541
f 1494/1753/1541 1397/1608/1398 1411/1622/1412
f 1409/1619/1409 1499/1766/1554 1500/1767/1555
f 1500/1767/1555 1411/1622/1412 1409/1619/1409
f 1501/1770/1558 1413/1623/1413 1281/1490/1282
f 1413/1623/1413 1501/1770/1558 1502/1772/1560
f 1502/1772/1560 1415/1625/1415 1413/1623/1413
f 1417/1628/1418 1503/1773/1561 1498/1761/1549
f 1498/1761/1549 1405/1616/1406 1417/1628/1418
f 1415/1625/1415 1502/1772/1560 1503/1773/1561
f 1503/1773/1561 1417/1628/1418 1415/1625/1415
f 1504/1776/1564 1617/1636/1426 1616/1777/1565
f 1615/1633/1423 1507/1779/1567 1616/1777/1565
f 1511/1781/1569 1614/1631/1421 1673/1782/1570
f 1507/1779/1567 1615/1633/1423 1614/1631/1421
f 1614/1631/1421 1511/1781/1569 1507/1779/1567
f 1512/1786/1574 1665/1762/1550 1671/1774/1562
f 1671/1774/1562 1674/1787/1575 1512/1786/1574
f 1674/1787/1575 1671/1774/1562 1670/1771/1559
f 1670/1771/1559 1675/1789/1577 1674/1787/1575
f 1676/1792/1580 1669/1769/1557 1617/1636/1426
f 1617/1636/1426 1504/1776/1564 1676/1792/1580
f 1675/1789/1577 1670/1771/1559 1669/1769/1557
f 1669/1769/1557 1676/1792/1580 1675/1789/1577
f 1517/1794/1582 1661/1754/1542 1668/1768/1556
f 1668/1768/1556 1518/1795/1583 1517/1794/1582
f 1518/1795/1583 1668/1768/1556 1667/1765/1553
f 1667/1765/1553 1677/1797/1585 1518/1795/1583
f 1678/1800/1588 1666/1763/1551 1665/1762/1550
f 1665/1762/1550 1512/1786/1574 1678/1800/1588
f 1677/1797/1585 1667/1765/1553 1666/1763/1551
f 1666/1763/1551 1678/1800/1588 1677/1797/1585
f 1523/1802/1590 1657/1746/1534 1664/1760/1548
f 1664/1760/1548 1679/1803/1591 1523/1802/1590
f 1679/1803/1591 1664/1760/1548 1663/1757/1545
f 1663/1757/1545 1526/1805/1593 1679/1803/1591
f 1528/1808/1596 1662/1755/1543 1661/1754/1542
f 1661/1754/1542 1517/1794/1582 1528/1808/1596
f 1526/1805/1593 1663/1757/1545 1662/1755/1543
f 1662/1755/1543 1528/1808/1596 1526/1805/1593
f 1680/1810/1598 1655/1738/1526 1660/1752/1540
f 1660/1752/1540 1530/1811/1599 1680/1810/1598
f 1530/1811/1599 1660/1752/1540 1659/1749/1537
f 1659/1749/1537 1681/1813/1601 1530/1811/1599
f 1534/1816/1604 1658/1747/1535 1657/1746/1534
f 1657/1746/1534 1523/1802/1590 1534/1816/1604
f 1681/1813/1601 1659/1749/1537 1658/1747/1535
f 1658/1747/1535 1534/1816/1604 1681/1813/1601
f 1536/1818/1606 1651/1730/1518 1656/1744/1532
f 1656/1744/1532 1537/1819/1607 1536/1818/1606
f 1537/1819/1607 1656/1744/1532 1486/1741/1529
f 1486/1741/1529 1682/1821/1609 1537/1819/1607
f 1541/1824/1612 1483/1739/1527 1655/1738/1526
f 1655/1738/1526 1680/1810/1598 1541/1824/1612
f 1682/1821/1609 1486/1741/1529 1483/1739/1527
f 1483/1739/1527 1541/1824/1612 1682/1821/1609
f 1683/1826/1614 1647/1722/1510 1654/1736/1524
f 1654/1736/1524 1543/1827/1615 1683/1826/1614
f 1543/1827/1615 1654/1736/1524 1653/1733/1521
f 1653/1733/1521 1684/1829/1617 1543/1827/1615
f 1547/1832/1620 1652/1731/1519 1651/1730/1518
f 1651/1730/1518 1536/1818/1606 1547/1832/1620
f 1684/1829/1617 1653/1733/1521 1652/1731/1519
f 1652/1731/1519 1547/1832/1620 1684/1829/1617
f 1549/1834/1622 1643/1714/1502 1650/1728/1516
f 1650/1728/1516 1685/1835/1623 1549/1834/1622
f 1685/1835/1623 1650/1728/1516 1649/1725/1513
f 1649/1725/1513 1552/1837/1625 1685/1835/1623
f 1554/1840/1628 1648/1723/1511 1647/1722/1510
f 1647/1722/1510 1683/1826/1614 1554/1840/1628
f 1552/1837/1625 1649/1725/1513 1648/1723/1511
f 1648/1723/1511 1554/1840/1628 1552/1837/1625
f 1556/1842/1630 1639/1706/1494 1646/1720/1508
f 1646/1720/1508 1557/1843/1631 1556/1842/1630
f 1557/1843/1631 1646/1720/1508 1645/1717/1505
f 1645/1717/1505 1560/1845/1633 1557/1843/1631
f 1686/1848/1636 1644/1715/1503 1643/1714/1502
f 1643/1714/1502 1549/1834/1622 1686/1848/1636
f 1560/1845/1633 1645/1717/1505 1644/1715/1503
f 1644/1715/1503 1686/1848/1636 1560/1845/1633
f 1688/1850/1638 1635/1698/1486 1642/1712/1500
f 1642/1712/1500 1687/1851/1639 1688/1850/1638
f 1687/1851/1639 1642/1712/1500 1641/1709/1497
f 1641/1709/1497 1565/1853/1641 1687/1851/1639
f 1567/1856/1644 1640/1707/1495 1639/1706/1494
f 1639/1706/1494 1556/1842/1630 1567/1856/1644
f 1565/1853/1641 1641/1709/1497 1640/1707/1495
f 1640/1707/1495 1567/1856/1644 1565/1853/1641
f 1689/1858/1646 1631/1690/1478 1638/1704/1492
f 1638/1704/1492 1569/1859/1647 1689/1858/1646
f 1569/1859/1647 1638/1704/1492 1637/1701/1489
f 1637/1701/1489 1690/1861/1649 1569/1859/1647
f 1691/1864/1652 1636/1699/1487 1635/1698/1486
f 1635/1698/1486 1688/1850/1638 1691/1864/1652
f 1690/1861/1649 1637/1701/1489 1636/1699/1487
f 1636/1699/1487 1691/1864/1652 1690/1861/1649
f 1693/1866/1654 1627/1682/1470 1634/1696/1484
f 1634/1696/1484 1692/1867/1655 1693/1866/1654
f 1692/1867/1655 1634/1696/1484 1633/1693/1481
f 1633/1693/1481 1694/1869/1657 1692/1867/1655
f 1695/1872/1660 1632/1691/1479 1631/1690/1478
f 1631/1690/1478 1689/1858/1646 1695/1872/1660
f 1694/1869/1657 1633/1693/1481 1632/1691/1479
f 1632/1691/1479 1695/1872/1660 1694/1869/1657
f 1697/1874/1662 1623/1674/1462 1630/1688/1476
f 1630/1688/1476 1696/1875/1663 1697/1874/1662
f 1696/1875/1663 1630/1688/1476 1629/1685/1473
f 1629/1685/1473 1580/1877/1665 1696/1875/1663
f 1582/1880/1668 1628/1683/1471 1627/1682/1470
f 1627/1682/1470 1693/1866/1654 1582/1880/1668
f 1580/1877/1665 1629/1685/1473 1628/1683/1471
f 1628/1683/1471 1582/1880/1668 1580/1877/1665
f 1699/1882/1670 1621/1666/1454 1626/1680/1468
f 1626/1680/1468 1698/1883/1671 1699/1882/1670
f 1698/1883/1671 1626/1680/1468 1625/1677/1465
f 1625/1677/1465 1700/1885/1673 1698/1883/1671
f 1701/1888/1676 1624/1675/1463 1623/1674/1462
f 1623/1674/1462 1697/1874/1662 1701/1888/1676
f 1700/1885/1673 1625/1677/1465 1624/1675/1463
f 1624/1675/1463 1701/1888/1676 1700/1885/1673
f 1588/1890/1678 1439/1658/1446 1449/1672/1460
f 1449/1672/1460 1702/1891/1679 1588/1890/1678
f 1702/1891/1679 1449/1672/1460 1447/1669/1457
f 1447/1669/1457 1591/1893/1681 1702/1891/1679
f 1593/1896/1684 1622/1667/1455 1621/1666/1454
f 1621/1666/1454 1699/1882/1670 1593/1896/1684
f 1591/1893/1681 1447/1669/1457 1622/1667/1455
f 1622/1667/1455 1593/1896/1684 1591/1893/1681
f 1595/1898/1686 1433/1648/1438 1444/1664/1452
f 1444/1664/1452 1596/1899/1687 1595/1898/1686
f 1596/1899/1687 1444/1664/1452 1443/1661/1449
f 1443/1661/1449 1599/1901/1689 1596/1899/1687
f 1601/1904/1692 1440/1659/1447 1439/1658/1446
f 1439/1658/1446 1588/1890/1678 1601/1904/1692
f 1599/1901/1689 1443/1661/1449 1440/1659/1447
f 1440/1659/1447 1601/1904/1692 1599/1901/1689
f 1603/1906/1694 1426/1640/1430 1437/1656/1444
f 1437/1656/1444 1604/1907/1695 1603/1906/1694
f 1604/1907/1695 1437/1656/1444 1434/1653/1441
f 1434/1653/1441 1705/1909/1697 1604/1907/1695
f 1704/1912/1700 1703/1649/1439 1433/1648/1438
f 1433/1648/1438 1595/1898/1686 1704/1912/1700
f 1705/1909/1697 1434/1653/1441 1703/1652/1439
f 1703/1652/1439 1704/1913/1700 1705/1909/1697
f 1431/1646/1436 1608/1915/1701 1673/1782/1570
f 1608/1915/1701 1431/1646/1436 1429/1643/1433
f 1429/1643/1433 1610/1917/1703 1608/1915/1701
f 1612/1920/1706 1427/1641/1431 1426/1640/1430
f 1426/1640/1430 1603/1906/1694 1612/1920/1706
f 1610/1917/1703 1429/1643/1433 1427/1641/1431
f 1427/1641/1431 1612/1920/1706 1610/1917/1703
f 1714/1921/1707 1510/1784/1572 1713/1922/1708
f 1510/1784/1572 1714/1921/1707 1712/1923/1709
f 1509/1783/1571 1713/1922/1708 1510/1784/1572
f 1712/1923/1709 1508/1780/1568 1510/1784/1572
f 1505/1778/1566 1711/1924/1710 1710/1925/1711
f 1710/1925/1711 1506/1775/1563 1505/1778/1566
f 1508/1780/1568 1712/1923/1709 1711/1924/1710
f 1711/1924/1710 1505/1778/1566 1508/1780/1568
f 1506/1775/1563 1710/1925/1711 1709/1926/1712
f 1709/1926/1712 1516/1791/1579 1506/1775/1563
f 1516/1791/1579 1709/1926/1712 1708/1927/1713
f 1708/1927/1713 1515/1790/1578 1516/1791/1579
f 1513/1788/1576 1707/1928/1714 1706/1929/1715
f 1706/1929/1715 1514/1785/1573 1513/1788/1576
f 1515/1790/1578 1708/1927/1713 1707/1928/1714
f 1707/1928/1714 1513/1788/1576 1515/1790/1578
f 1514/1785/1573 1706/1929/1715 1777/1930/1716
f 1777/1930/1716 1522/1799/1587 1514/1785/1573
f 1522/1799/1587 1777/1930/1716 1776/1931/1717
f 1776/1931/1717 1521/1798/1586 1522/1799/1587
f 1519/1796/1584 1775/1932/1718 1774/1933/1719
f 1774/1933/1719 1520/1793/1581 1519/1796/1584
f 1521/1798/1586 1776/1931/1717 1775/1932/1718
f 1775/1932/1718 1519/1796/1584 1521/1798/1586
f 1520/1793/1581 1774/1933/1719 1773/1934/1720
f 1773/1934/1720 1529/1807/1595 1520/1793/1581
f 1529/1807/1595 1773/1934/1720 1772/1935/1721
f 1772/1935/1721 1527/1806/1594 1529/1807/1595
f 1524/1804/1592 1771/1936/1722 1770/1937/1723
f 1770/1937/1723 1525/1801/1589 1524/1804/1592
f 1527/1806/1594 1772/1935/1721 1771/1936/1722
f 1771/1936/1722 1524/1804/1592 1527/1806/1594
f 1525/1801/1589 1770/1937/1723 1769/1938/1724
f 1769/1938/1724 1535/1815/1603 1525/1801/1589
f 1535/1815/1603 1769/1938/1724 1768/1939/1725
f 1768/1939/1725 1533/1814/1602 1535/1815/1603
f 1531/1812/1600 1767/1940/1726 1766/1941/1727
f 1766/1941/1727 1532/1809/1597 1531/1812/1600
f 1533/1814/1602 1768/1939/1725 1767/1940/1726
f 1767/1940/1726 1531/1812/1600 1533/1814/1602
f 1532/1809/1597 1766/1941/1727 1765/1942/1728
f 1765/1942/1728 1542/1823/1611 1532/1809/1597
f 1542/1823/1611 1765/1942/1728 1764/1943/1729
f 1764/1943/1729 1540/1822/1610 1542/1823/1611
f 1538/1820/1608 1763/1944/1730 1762/1945/1731
f 1762/1945/1731 1539/1817/1605 1538/1820/1608
f 1540/1822/1610 1764/1943/1729 1763/1944/1730
f 1763/1944/1730 1538/1820/1608 1540/1822/1610
f 1539/1817/1605 1762/1945/1731 1761/1946/1732
f 1761/1946/1732 1548/1831/1619 1539/1817/1605
f 1548/1831/1619 1761/1946/1732 1760/1947/1733
f 1760/1947/1733 1546/1830/1618 1548/1831/1619
f 1544/1828/1616 1759/1948/1734 1758/1949/1735
f 1758/1949/1735 1545/1825/1613 1544/1828/1616
f 1546/1830/1618 1760/1947/1733 1759/1948/1734
f 1759/1948/1734 1544/1828/1616 1546/1830/1618
f 1545/1825/1613 1758/1949/1735 1757/1950/1736
f 1757/1950/1736 1555/1839/1627 1545/1825/1613
f 1555/1839/1627 1757/1950/1736 1756/1951/1737
f 1756/1951/1737 1553/1838/1626 1555/1839/1627
f 1550/1836/1624 1755/1952/1738 1754/1953/1739
f 1754/1953/1739 1551/1833/1621 1550/1836/1624
f 1755/1952/1738 1550/1836/1624 1553/1838/1626
f 1551/1833/1621 1754/1953/1739 1753/1954/1740
f 1753/1954/1740 1562/1847/1635 1551/1833/1621
f 1562/1847/1635 1753/1954/1740 1752/1955/1741
f 1752/1955/1741 1561/1846/1634 1562/1847/1635
f 1558/1844/1632 1751/1956/1742 1750/1957/1743
f 1750/1957/1743 1559/1841/1629 1558/1844/1632
f 1561/1846/1634 1752/1955/1741 1751/1956/1742
f 1751/1956/1742 1558/1844/1632 1561/1846/1634
f 1559/1841/1629 1750/1957/1743 1749/1958/1744
f 1749/1958/1744 1568/1855/1643 1559/1841/1629
f 1568/1855/1643 1749/1958/1744 1748/1959/1745
f 1748/1959/1745 1566/1854/1642 1568/1855/1643
f 1563/1852/1640 1747/1960/1746 1746/1961/1747
f 1746/1961/1747 1564/1849/1637 1563/1852/1640
f 1566/1854/1642 1748/1959/1745 1747/1960/1746
f 1747/1960/1746 1563/1852/1640 1566/1854/1642
f 1564/1849/1637 1746/1961/1747 1745/1962/1748
f 1745/1962/1748 1573/1863/1651 1564/1849/1637
f 1573/1863/1651 1745/1962/1748 1744/1963/1749
f 1744/1963/1749 1572/1862/1650 1573/1863/1651
f 1570/1860/1648 1743/1964/1750 1742/1965/1751
f 1742/1965/1751 1571/1857/1645 1570/1860/1648
f 1572/1862/1650 1744/1963/1749 1743/1964/1750
f 1743/1964/1750 1570/1860/1648 1572/1862/1650
f 1571/1857/1645 1742/1965/1751 1741/1966/1752
f 1741/1966/1752 1577/1871/1659 1571/1857/1645
f 1577/1871/1659 1741/1966/1752 1740/1967/1753
f 1740/1967/1753 1576/1870/1658 1577/1871/1659
f 1574/1868/1656 1739/1968/1754 1738/1969/1755
f 1738/1969/1755 1575/1865/1653 1574/1868/1656
f 1576/1870/1658 1740/1967/1753 1739/1968/1754
f 1739/1968/1754 1574/1868/1656 1576/1870/1658
f 1575/1865/1653 1738/1969/1755 1737/1970/1756
f 1737/1970/1756 1583/1879/1667 1575/1865/1653
f 1583/1879/1667 1737/1970/1756 1736/1971/1757
f 1736/1971/1757 1581/1878/1666 1583/1879/1667
f 1578/1876/1664 1735/1972/1758 1734/1973/1759
f 1734/1973/1759 1579/1873/1661 1578/1876/1664
f 1581/1878/1666 1736/1971/1757 1735/1972/1758
f 1735/1972/1758 1578/1876/1664 1581/1878/1666
f 1579/1873/1661 1734/1973/1759 1733/1974/1760
f 1733/1974/1760 1587/1887/1675 1579/1873/1661
f 1587/1887/1675 1733/1974/1760 1732/1975/1761
f 1732/1975/1761 1586/1886/1674 1587/1887/1675
f 1584/1884/1672 1731/1976/1762 1730/1977/1763
f 1730/1977/1763 1585/1881/1669 1584/1884/1672
f 1586/1886/1674 1732/1975/1761 1731/1976/1762
f 1731/1976/1762 1584/1884/1672 1586/1886/1674
f 1585/1881/1669 1730/1977/1763 1729/1978/1764
f 1729/1978/1764 1594/1895/1683 1585/1881/1669
f 1594/1895/1683 1729/1978/1764 1728/1979/1765
f 1728/1979/1765 1592/1894/1682 1594/1895/1683
f 1589/1892/1680 1727/1980/1766 1726/1981/1767
f 1726/1981/1767 1590/1889/1677 1589/1892/1680
f 1592/1894/1682 1728/1979/1765 1727/1980/1766
f 1727/1980/1766 1589/1892/1680 1592/1894/1682
f 1590/1889/1677 1726/1981/1767 1725/1982/1768
f 1725/1982/1768 1602/1903/1691 1590/1889/1677
f 1602/1903/1691 1725/1982/1768 1724/1983/1769
f 1724/1983/1769 1600/1902/1690 1602/1903/1691
f 1597/1900/1688 1723/1984/1770 1722/1985/1771
f 1722/1985/1771 1598/1897/1685 1597/1900/1688
f 1600/1902/1690 1724/1983/1769 1723/1984/1770
f 1723/1984/1770 1597/1900/1688 1600/1902/1690
f 1598/1897/1685 1722/1985/1771 1721/1986/1772
f 1721/1986/1772 1778/1911/1699 1598/1897/1685
f 1778/1914/1699 1721/1987/1772 1720/1988/1773
f 1720/1988/1773 1607/1910/1698 1778/1914/1699
f 1605/1908/1696 1719/1989/1774 1718/1990/1775
f 1718/1990/1775 1606/1905/1693 1605/1908/1696
f 1607/1910/1698 1720/1988/1773 1719/1989/1774
f 1719/1989/1774 1605/1908/1696 1607/1910/1698
f 1606/1905/1693 1718/1990/1775 1717/1991/1776
f 1717/1991/1776 1613/1919/1705 1606/1905/1693
f 1613/1919/1705 1717/1991/1776 1716/1992/1777
f 1716/1992/1777 1611/1918/1704 1613/1919/1705
f 1609/1916/1702 1715/1993/1778 1713/1922/1708
f 1713/1922/1708 1509/1783/1571 1609/1916/1702
f 1611/1918/1704 1716/1992/1777 1715/1993/1778
f 1715/1993/1778 1609/1916/1702 1611/1918/1704
o PowerRing1
v 2.999890 -0.239768 -0.502299
v 2.988428 0.021568 -0.527125
v 2.991516 0.022032 0.000000
v 3.003040 -0.239656 0.000000
v 2.954257 0.280948 -0.548751
v 2.957265 0.281750 0.000000
v 2.897691 0.536453 -0.566239
v 2.819046 0.786167 -0.578645
v 2.821948 0.787426 0.000000
v 2.900629 0.537535 0.000000
v 2.819046 0.786166 0.578645
v 2.897691 0.536452 0.566239
v 2.954257 0.280947 0.548751
v 2.988428 0.021568 0.527124
v 2.999890 -0.239769 0.502299
v 2.718638 1.028173 -0.585029
v 2.721566 1.029461 0.000000
v 2.610276 1.264406 -0.587284
v 2.613269 1.265740 0.000000
v 2.507774 1.496804 -0.587304
v 2.424940 1.727301 -0.586982
v 2.428091 1.729434 -0.000000
v 2.510848 1.498364 -0.000000
v 2.424940 1.727300 0.586982
v 2.507774 1.496803 0.587304
v 2.610276 1.264406 0.587284
v 2.718638 1.028172 0.585029
v 2.375587 1.957834 -0.588213
v 2.378786 1.961051 -0.000000
v 2.350932 2.175262 -0.590584
v 2.354126 2.179770 -0.000000
v 2.342193 2.366447 -0.593680
v 2.340589 2.518248 -0.597091
v 2.343513 2.524750 -0.000000
v 2.345304 2.372151 -0.000000
v 2.340589 2.518247 0.597090
v 2.342193 2.366447 0.593680
v 2.350932 2.175262 0.590583
v 2.375587 1.957834 0.588213
v 1.238815 2.758953 -1.265667
v 0.364805 2.758827 -1.483060
v 0.879985 2.762020 -0.001863
v 0.534331 2.758847 1.465485
v 1.165791 2.758945 1.282088
v 1.618040 2.758997 1.071137
v 0.603697 -3.194045 -0.178328
v 0.809212 -3.137467 -0.176691
v 0.810346 -3.140293 0.000000
v 0.604479 -3.197065 0.000000
v 1.033710 -3.058906 -0.175824
v 1.035233 -3.061489 0.000000
v 1.267058 -2.959010 -0.177061
v 1.499121 -2.838426 -0.181735
v 1.501354 -2.840500 0.000000
v 1.268962 -2.961332 0.000000
v 1.499121 -2.838426 0.181736
v 1.267057 -2.959011 0.177061
v 1.033710 -3.058907 0.175825
v 0.809212 -3.137468 0.176692
v 0.603697 -3.194045 0.178329
v 1.719769 -2.697802 -0.191182
v 1.722231 -2.699671 0.000000
v 1.927436 -2.538435 -0.205511
v 1.930053 -2.540133 0.000000
v 2.120557 -2.361622 -0.224833
v 2.297568 -2.168659 -0.249259
v 2.300364 -2.170094 0.000000
v 2.123277 -2.363177 0.000000
v 2.297568 -2.168660 0.249260
v 2.120557 -2.361622 0.224834
v 1.927436 -2.538435 0.205511
v 1.719769 -2.697802 0.191183
v 2.456904 -1.960845 -0.278900
v 2.459773 -1.962171 0.000000
v 2.597564 -1.739932 -0.312015
v 2.600501 -1.741150 0.000000
v 2.718546 -1.507675 -0.346862
v 2.818848 -1.265827 -0.381701
v 2.821908 -1.266765 0.000000
v 2.721547 -1.508768 0.000000
v 2.818848 -1.265828 0.381701
v 2.718546 -1.507675 0.346862
v 2.597564 -1.739932 0.312015
v 2.456904 -1.960845 0.278900
v 2.897470 -1.016144 -0.414792
v 2.900584 -1.016879 0.000000
v 2.954075 -0.760594 -0.446006
v 2.957228 -0.761084 0.000000
v 2.988327 -0.501145 -0.475218
v 2.991495 -0.501353 0.000000
v 2.988327 -0.501146 0.475217
v 2.954075 -0.760594 0.446006
v 2.897470 -1.016144 0.414791
v 2.700872 0.711050 -0.923830
v 2.777543 0.469218 -0.906223
v 2.676723 0.381503 -0.908103
v 2.602451 0.615818 -0.926241
v 2.831867 0.223753 -0.881371
v 2.730021 0.142542 -0.882565
v 2.864028 -0.024324 -0.850570
v 2.874212 -0.273994 -0.815112
v 2.772994 -0.343063 -0.814784
v 2.762169 -0.099501 -0.851000
v 2.671794 -0.412170 -0.808036
v 2.660346 -0.174733 -0.845005
v 2.628263 0.061199 -0.877326
v 2.576108 0.293466 -0.903544
v 2.504442 0.519908 -0.922204
v 2.862601 -0.524238 -0.776295
v 2.762321 -0.586579 -0.775290
v 2.829368 -0.773178 -0.734264
v 2.730489 -0.828184 -0.732725
v 2.774683 -1.018939 -0.689163
v 2.698715 -1.259642 -0.641138
v 2.604710 -1.298202 -0.639192
v 2.677839 -1.066013 -0.687290
v 2.510683 -1.336880 -0.630830
v 2.580985 -1.113154 -0.679010
v 2.631608 -0.883228 -0.724778
v 2.662046 -0.648951 -0.767873
v 2.601637 -1.493412 -0.590335
v 2.511442 -1.522885 -0.588634
v 2.484423 -1.718308 -0.539553
v 2.398966 -1.738542 -0.538340
v 2.348045 -1.932389 -0.491589
v 2.193480 -2.133714 -0.449244
v 2.120114 -2.136695 -0.449440
v 2.268213 -1.943652 -0.491034
v 2.046620 -2.140142 -0.442961
v 2.188288 -1.955309 -0.483925
v 2.313447 -1.759076 -0.530650
v 2.421208 -1.552561 -0.580497
v 2.021699 -2.320342 -0.415315
v 1.955598 -2.316151 -0.416283
v 1.834665 -2.490853 -0.389007
v 1.776180 -2.480726 -0.390725
v 1.634338 -2.643829 -0.369525
v 1.422679 -2.777848 -0.356072
v 1.378682 -2.760071 -0.359063
v 1.583371 -2.629131 -0.371931
v 1.334202 -2.742819 -0.354816
v 1.532073 -2.614941 -0.367150
v 1.717466 -2.471104 -0.385401
v 1.889330 -2.312455 -0.410396
v 1.201649 -2.891493 -0.347855
v 1.163627 -2.872256 -0.351285
v 0.980380 -2.984684 -0.343401
v 0.947675 -2.965188 -0.347123
v 0.768007 -3.057345 -0.341242
v 0.573663 -3.109397 -0.339906
v 0.550965 -3.091311 -0.343760
v 0.740298 -3.038372 -0.345106
v 0.527102 -3.073869 -0.341229
v 0.711476 -3.020059 -0.342292
v 0.914032 -2.946320 -0.343901
v 1.124897 -2.853593 -0.347571
v 0.406480 -3.140762 -0.337924
v 0.389148 -3.123510 -0.341612
v 0.259669 -3.156571 -0.335826
v 0.196986 -3.143780 -0.338365
v -0.000766 -3.163060 -0.333225
v 0.000000 -3.146154 -0.336551
v 0.000000 -3.130532 -0.334070
v 0.114243 -3.130124 -0.334941
v 0.235498 -3.123887 -0.336876
v 0.370781 -3.106807 -0.339198
v 0.573662 -3.109398 0.339906
v 0.768007 -3.057346 0.341242
v 0.740298 -3.038372 0.345107
v 0.550965 -3.091311 0.343761
v 0.980381 -2.984685 0.343401
v 0.947675 -2.965188 0.347124
v 1.201649 -2.891493 0.347855
v 1.422680 -2.777848 0.356073
v 1.378682 -2.760071 0.359063
v 1.163627 -2.872256 0.351285
v 1.334201 -2.742819 0.354817
v 1.124897 -2.853593 0.347572
v 0.914032 -2.946320 0.343902
v 0.711476 -3.020059 0.342292
v 0.527102 -3.073869 0.341229
v 1.634339 -2.643829 0.369526
v 1.583371 -2.629131 0.371932
v 1.834665 -2.490854 0.389008
v 1.776180 -2.480726 0.390726
v 2.021699 -2.320342 0.415316
v 2.193480 -2.133714 0.449245
v 2.120114 -2.136696 0.449441
v 1.955598 -2.316151 0.416284
v 2.046620 -2.140142 0.442962
v 1.889330 -2.312455 0.410396
v 1.717465 -2.471104 0.385402
v 1.532073 -2.614940 0.367151
v 2.348045 -1.932389 0.491590
v 2.268213 -1.943653 0.491034
v 2.484423 -1.718309 0.539553
v 2.398966 -1.738542 0.538340
v 2.601637 -1.493413 0.590335
v 2.698715 -1.259643 0.641138
v 2.604710 -1.298203 0.639192
v 2.511442 -1.522886 0.588634
v 2.510683 -1.336881 0.630830
v 2.421208 -1.552561 0.580497
v 2.313447 -1.759076 0.530650
v 2.188288 -1.955309 0.483925
v 2.774683 -1.018939 0.689162
v 2.677839 -1.066014 0.687290
v 2.829368 -0.773179 0.734264
v 2.730489 -0.828184 0.732724
v 2.862601 -0.524238 0.776295
v 2.874212 -0.273995 0.815112
v 2.772994 -0.343063 0.814784
v 2.762321 -0.586579 0.775291
v 2.671794 -0.412170 0.808035
v 2.662046 -0.648951 0.767874
v 2.631608 -0.883228 0.724778
v 2.580985 -1.113154 0.679010
v 2.864028 -0.024324 0.850569
v 2.762169 -0.099501 0.851000
v 2.831867 0.223753 0.881371
v 2.730021 0.142542 0.882565
v 2.777543 0.469218 0.906223
v 2.700872 0.711050 0.923830
v 2.602451 0.615818 0.926241
v 2.676723 0.381503 0.908103
v 2.504442 0.519907 0.922205
v 2.576108 0.293465 0.903544
v 2.628263 0.061198 0.877326
v 2.660346 -0.174734 0.845005
v 2.601669 0.948230 0.932896
v 2.507377 0.843922 0.935602
v 2.493148 1.177769 0.936069
v 2.394001 1.078162 0.939082
v 2.301232 1.600946 0.935427
v 2.203952 1.444957 0.938152
v 2.113182 1.282637 0.934589
v 2.312340 0.943053 0.935270
v 2.413826 0.738364 0.931852
v 2.243821 1.790638 0.936688
v 2.132277 1.602203 0.939531
v 2.210137 1.959243 0.939712
v 2.079025 1.735510 0.942590
v 2.193141 2.104320 0.943999
v 2.186014 2.222410 0.949158
v 2.014134 1.933015 0.952179
v 2.040783 1.845554 0.946936
v 1.845476 1.655467 0.948972
v 1.891749 1.596501 0.943607
v 1.951025 1.518224 0.939145
v 2.023422 1.416703 0.935993
v 1.425098 2.562522 1.750206
v 1.211079 2.573761 1.891224
v 1.145035 2.339097 1.871020
v 1.339153 2.302553 1.727727
v 0.990003 2.584534 2.010552
v 0.938951 2.374476 1.995591
v 0.774002 2.593993 2.106119
v 0.575204 2.601285 2.175861
v 0.544800 2.430259 2.173210
v 0.734380 2.405820 2.097602
v 0.513659 2.259231 2.164207
v 0.693768 2.217646 2.082812
v 0.886625 2.164461 1.974447
v 1.077412 2.104611 1.844699
v 1.251306 2.043028 1.699156
v 0.405737 2.605559 2.217705
v 0.383690 2.444922 2.218576
v 0.258270 2.607601 2.238628
v 0.243931 2.452253 2.241258
v 0.125468 2.608198 2.245602
v -0.125510 2.608179 2.245601
v 0.118412 2.454700 2.248819
v 0.111233 2.301220 2.245601
v 0.229260 2.296905 2.237462
v 0.361121 2.284284 2.213044
v 0.575204 2.601285 -2.175861
v 0.774002 2.593993 -2.106120
v 0.734380 2.405819 -2.097602
v 0.544800 2.430258 -2.173210
v 0.990003 2.584535 -2.010551
v 0.938951 2.374476 -1.995591
v 1.211079 2.573761 -1.891224
v 1.425099 2.562522 -1.750207
v 1.339153 2.302553 -1.727727
v 1.145035 2.339097 -1.871019
v 1.251306 2.043027 -1.699156
v 1.077412 2.104611 -1.844699
v 0.886625 2.164461 -1.974446
v 0.693767 2.217646 -2.082812
v 0.513659 2.259231 -2.164207
v 1.619934 2.551669 -1.589569
v 1.507826 2.267714 -1.569555
v 1.790676 2.540904 -1.425070
v 1.649949 2.235380 -1.410473
v 1.932414 2.529926 -1.272469
v 2.040240 2.518439 -1.147527
v 1.850113 2.181434 -1.145451
v 1.764413 2.206353 -1.264449
v 1.657401 1.847205 -1.136987
v 1.593771 1.884884 -1.250114
v 1.506722 1.931314 -1.389656
v 1.393488 1.984645 -1.543406
v 2.303422 1.592768 -0.935351
v 2.392776 1.078182 -0.939088
v 2.203952 1.444958 -0.938153
v 2.493148 1.177769 -0.936069
v 2.601669 0.948231 -0.932896
v 2.507377 0.843923 -0.935603
v 2.413826 0.738364 -0.931852
v 2.312340 0.943054 -0.935270
v 2.108985 1.288542 -0.934675
v 2.390355 -1.331760 -0.380995
v 2.303946 -1.540121 -0.346188
v 2.301686 -1.539352 -0.187124
v 2.388055 -1.331087 -0.206113
v 2.199740 -1.740156 -0.311405
v 2.197522 -1.739318 -0.168141
v 2.300932 -1.539096 0.000000
v 2.387288 -1.330862 0.000000
v 2.196782 -1.739038 0.000000
v 2.078600 -1.930397 -0.278375
v 1.941387 -2.109378 -0.248829
v 1.939258 -2.108418 -0.133953
v 2.076425 -1.929501 -0.150104
v 1.938548 -2.108098 0.000000
v 2.075700 -1.929202 0.000000
v 1.941387 -2.109377 0.248830
v 2.078600 -1.930397 0.278375
v 2.076425 -1.929501 0.150104
v 1.939258 -2.108418 0.133953
v 2.199740 -1.740156 0.311405
v 2.197522 -1.739318 0.168141
v 2.303946 -1.540122 0.346188
v 2.390355 -1.331760 0.380995
v 2.388055 -1.331087 0.206113
v 2.301686 -1.539352 0.187124
v 1.788964 -2.275631 -0.224496
v 1.786881 -2.274588 -0.120626
v 1.622628 -2.428052 -0.205264
v 1.620608 -2.426903 -0.110077
v 1.786187 -2.274240 0.000000
v 1.620144 -2.426354 0.061776
v 1.443677 -2.565533 -0.191019
v 1.253408 -2.686967 -0.181649
v 1.251613 -2.685542 -0.097125
v 1.441748 -2.564258 -0.102259
v 1.251220 -2.684963 0.054849
v 1.441307 -2.563702 0.057440
v 1.253408 -2.686967 0.181650
v 1.443677 -2.565531 0.191020
v 1.622628 -2.428052 0.205265
v 1.788964 -2.275631 0.224497
v 1.786881 -2.274588 0.120627
v 1.053119 -2.791248 -0.177041
v 1.051514 -2.789649 -0.094626
v 0.852254 -2.877760 -0.175855
v 0.850878 -2.875981 -0.094023
v 1.051210 -2.789022 0.053613
v 0.850675 -2.875303 0.053511
v 0.660257 -2.945888 -0.176751
v 0.486572 -2.995016 -0.178389
v 0.485694 -2.992911 -0.095544
v 0.659129 -2.943933 -0.094576
v 0.485401 -2.992211 0.000000
v 0.658753 -2.943283 0.000000
v 0.486572 -2.995016 0.178390
v 0.660257 -2.945888 0.176752
v 0.659129 -2.943933 0.094576
v 0.485694 -2.992912 0.095544
v 0.852254 -2.877760 0.175855
v 1.053119 -2.791248 0.177042
v 0.340643 -3.024527 -0.179429
v 0.339998 -3.022312 -0.096187
v 0.215530 -3.039316 -0.180004
v 0.215107 -3.037024 -0.096568
v 0.339784 -3.021573 0.000000
v 0.214967 -3.036261 0.000000
v 0.104296 -3.044275 -0.180243
v 0.104086 -3.041941 -0.096746
v 0.104016 -3.041162 0.000000
v 0.104086 -3.041941 0.096747
v 0.215530 -3.039316 0.180004
v 0.215107 -3.037024 0.096568
v 0.340643 -3.024527 0.179430
v 0.339998 -3.022312 0.096187
v 0.485785 2.101647 -1.428997
v 0.659172 2.052747 -1.370086
v 0.658696 2.050394 -0.745540
v 0.485380 2.099280 -0.777686
v 0.843633 1.990948 -1.292709
v 0.843020 1.988672 -0.703333
v 0.658537 2.049610 -0.000000
v 0.485245 2.098492 -0.000000
v 0.842816 1.987913 -0.000000
v 1.022539 1.922903 -1.201966
v 1.179262 1.855269 -1.102953
v 1.177859 1.853580 -0.599914
v 1.021644 1.920828 -0.653858
v 1.177391 1.853017 -0.000000
v 1.021346 1.920137 -0.000000
v 1.179262 1.855269 1.102953
v 1.022539 1.922904 1.201965
v 1.021644 1.920829 0.653858
v 1.177859 1.853580 0.599913
v 0.843633 1.990948 1.292710
v 0.843020 1.988672 0.703333
v 0.659172 2.052748 1.370086
v 0.485785 2.101648 1.428997
v 0.485380 2.099281 0.777686
v 0.658696 2.050395 0.745540
v 1.297174 1.794699 -1.000771
v 1.294955 1.793642 -0.544294
v 1.383312 1.741656 -0.901911
v 1.380149 1.741335 -0.490507
v 1.294120 1.793362 0.319402
v 1.379012 1.741288 0.281061
v 1.446126 1.695643 -0.819839
v 1.552462 1.603207 -0.343563
v 1.440658 1.696978 -0.442060
v 1.439143 1.697216 -0.001209
v 1.444727 1.696665 0.819053
v 1.440658 1.696978 0.442059
v 1.383312 1.741656 0.901910
v 1.297174 1.794699 1.000770
v 2.003475 1.164088 -0.586727
v 2.103173 1.016583 -0.587171
v 2.101228 1.015126 -0.318524
v 2.001526 1.162607 -0.318283
v 2.205560 0.842035 -0.587209
v 2.203593 0.840643 -0.318545
v 2.100580 1.014640 0.000000
v 2.000877 1.162113 0.000000
v 2.202938 0.840179 0.000000
v 2.303530 0.647163 -0.584958
v 2.389978 0.438686 -0.578534
v 2.387904 0.437571 -0.313817
v 2.301520 0.645883 -0.317318
v 2.387213 0.437200 0.000000
v 2.300849 0.645457 0.000000
v 2.389978 0.438686 0.578534
v 2.303530 0.647162 0.584957
v 2.301520 0.645883 0.317317
v 2.387904 0.437571 0.313817
v 2.205560 0.842035 0.587209
v 2.203593 0.840643 0.318544
v 2.103173 1.016583 0.587171
v 2.003475 1.164087 0.586727
v 2.001526 1.162607 0.318282
v 2.101228 1.015125 0.318523
v 2.457797 0.223324 -0.566055
v 2.455644 0.222432 -0.307016
v 2.506666 0.002810 -0.548474
v 2.504432 0.002175 -0.297433
v 2.454927 0.222134 0.000000
v 2.503687 0.001964 0.000000
v 2.536266 -0.221125 -0.526743
v 2.546277 -0.446748 -0.501815
v 2.543920 -0.446842 -0.271998
v 2.533960 -0.221486 -0.285588
v 2.543134 -0.446873 0.000000
v 2.533191 -0.221607 0.000000
v 2.546277 -0.446748 0.501814
v 2.536266 -0.221125 0.526743
v 2.533960 -0.221486 0.285588
v 2.543920 -0.446842 0.271998
v 2.506666 0.002810 0.548475
v 2.504432 0.002175 0.297433
v 2.457797 0.223324 0.566055
v 2.455644 0.222431 0.307016
v 2.536379 -0.672327 -0.474641
v 2.534005 -0.672180 -0.257183
v 2.506884 -0.896158 -0.445356
v 2.504519 -0.895800 -0.241215
v 2.533213 -0.672131 0.000000
v 2.503731 -0.895680 0.000000
v 2.458106 -1.116537 -0.414096
v 2.455768 -1.116002 -0.224167
v 2.454988 -1.115824 0.000000
v 2.458106 -1.116537 0.414096
v 2.455768 -1.116002 0.224167
v 2.506884 -0.896158 0.445356
v 2.504519 -0.895800 0.241215
v 2.536379 -0.672327 0.474641
v 2.534005 -0.672180 0.257183
v 0.132727 -3.250620 -0.180308
v 0.132873 -3.253836 0.000006
v 0.272733 -3.244963 -0.180025
v 0.273041 -3.248160 0.000000
v 0.427297 -3.227991 -0.179402
v 0.427811 -3.231128 0.000000
v 0.427297 -3.227991 0.179402
v 0.272733 -3.244964 0.180025
v 0.132713 -3.250622 0.180304
v -0.001551 -3.163143 0.333200
v 0.248540 -3.157585 0.335659
v 0.038710 -3.146776 0.336571
v 0.247967 -3.140017 0.339282
v 0.406480 -3.140763 0.337924
v 0.389148 -3.123510 0.341612
v 0.370780 -3.106807 0.339198
v 0.235498 -3.123887 0.336876
v 0.114243 -3.130125 0.334941
v 0.000000 -3.130532 0.334070
v 0.125515 2.608175 -2.245602
v 0.118407 2.454696 -2.248819
v 0.258270 2.607601 -2.238628
v 0.243931 2.452252 -2.241258
v 0.405737 2.605559 -2.217705
v 0.383690 2.444921 -2.218575
v 0.361121 2.284283 -2.213044
v 0.229260 2.296903 -2.237462
v 0.111184 2.301195 -2.245602
v -0.111221 2.301214 -2.245601
v 0.104103 2.150577 -1.488054
v 0.103993 2.148178 -0.809635
v 0.215191 2.145675 -1.482016
v 0.214972 2.143285 -0.806616
v 0.103984 2.147378 -0.000000
v -0.103969 2.147379 0.000117
v 0.214899 2.142488 -0.000000
v 0.340100 2.130995 -1.464343
v 0.339782 2.128615 -0.796973
v 0.339676 2.127822 -0.000000
v 0.340100 2.130996 1.464343
v 0.339782 2.128616 0.796973
v 0.215191 2.145676 1.482016
v 0.214972 2.143286 0.806617
v 0.104133 2.150575 1.487908
v -0.104085 2.150579 1.488157
v 0.103989 2.148180 0.810019
v 2.139006 2.754654 -0.726896
v 2.011564 2.757229 -0.818357
v 2.009252 2.760410 -0.000000
v 2.137467 2.757965 -0.000000
v 1.801226 2.758805 -0.960113
v 1.798227 2.761867 -0.003199
v 1.848414 2.758520 0.930243
v 2.011564 2.757229 0.818357
v 2.139006 2.754653 0.726895
v 2.040240 2.518439 1.147527
v 1.932414 2.529927 1.272469
v 1.764413 2.206354 1.264448
v 1.850113 2.181434 1.145450
v 1.790676 2.540904 1.425070
v 1.649949 2.235380 1.410473
v 1.619934 2.551669 1.589569
v 1.507826 2.267715 1.569555
v 1.393488 1.984646 1.543406
v 1.506722 1.931315 1.389655
v 1.593771 1.884884 1.250113
v 1.657401 1.847205 1.136986
v 2.186015 2.222411 -0.949158
v 2.193142 2.104321 -0.943999
v 2.040785 1.845557 -0.946937
v 2.014136 1.933018 -0.952179
v 2.210138 1.959244 -0.939712
v 2.079027 1.735512 -0.942590
v 2.243821 1.790638 -0.936688
v 2.132277 1.602205 -0.939531
v 2.023423 1.416705 -0.935993
v 1.951026 1.518228 -0.939146
v 1.891751 1.596505 -0.943608
v 1.845478 1.655470 -0.948972
v 1.766226 1.426988 -0.593473
v 1.764014 1.425717 -0.321979
v 1.834233 1.363548 -0.590073
v 1.832171 1.362147 -0.320114
v 1.763223 1.425342 0.000557
v 1.831484 1.361680 -0.000000
v 1.913572 1.277829 -0.587759
v 1.911591 1.276362 -0.318847
v 1.910931 1.275873 0.000000
v 1.913572 1.277828 0.587759
v 1.911591 1.276362 0.318847
v 1.834233 1.363548 0.590072
v 1.832171 1.362147 0.320113
v 1.766226 1.426988 0.593472
v 1.764021 1.425706 0.321397
v -2.999890 -0.239768 -0.502299
v -3.003040 -0.239656 0.000000
v -2.991516 0.022032 0.000000
v -2.988428 0.021568 -0.527125
v -2.957265 0.281750 0.000000
v -2.954257 0.280948 -0.548752
v -2.988428 0.021568 0.527124
v -2.999890 -0.239769 0.502300
v -2.954257 0.280947 0.548751
v -2.819046 0.786166 0.578646
v -2.821949 0.787426 0.000000
v -2.900629 0.537535 0.000000
v -2.897691 0.536452 0.566239
v -2.897691 0.536453 -0.566239
v -2.819046 0.786167 -0.578645
v -2.721566 1.029461 0.000000
v -2.718638 1.028172 -0.585029
v -2.613270 1.265740 0.000000
v -2.610277 1.264406 -0.587284
v -2.718638 1.028172 0.585029
v -2.610276 1.264406 0.587284
v -2.424940 1.727300 0.586982
v -2.428091 1.729434 -0.000000
v -2.510848 1.498364 -0.000000
v -2.507774 1.496803 0.587304
v -2.507774 1.496804 -0.587304
v -2.424940 1.727301 -0.586982
v -2.378786 1.961051 -0.000000
v -2.375587 1.957834 -0.588213
v -2.354126 2.179770 -0.000000
v -2.350932 2.175262 -0.590584
v -2.375587 1.957834 0.588213
v -2.350933 2.175262 0.590583
v -2.340589 2.518247 0.597090
v -2.343513 2.524750 -0.000000
v -2.345304 2.372151 -0.000000
v -2.342193 2.366447 0.593680
v -2.342193 2.366447 -0.593680
v -2.340589 2.518248 -0.597091
v -1.616182 2.759013 -1.071613
v -1.165735 2.758945 -1.282088
v -1.239222 2.758955 1.265499
v -0.364828 2.758827 1.483034
v -0.665009 2.762027 -0.000000
v -0.534257 2.758847 -1.465488
v -0.603697 -3.194044 -0.178329
v -0.604479 -3.197065 0.000000
v -0.810346 -3.140293 0.000000
v -0.809212 -3.137467 -0.176691
v -1.035233 -3.061489 0.000000
v -1.033710 -3.058906 -0.175824
v -0.809212 -3.137468 0.176692
v -0.603697 -3.194045 0.178329
v -1.033710 -3.058907 0.175825
v -1.499121 -2.838426 0.181736
v -1.501354 -2.840500 0.000000
v -1.268962 -2.961333 0.000000
v -1.267058 -2.959011 0.177061
v -1.267057 -2.959010 -0.177061
v -1.499121 -2.838426 -0.181735
v -1.722231 -2.699671 0.000000
v -1.719769 -2.697802 -0.191182
v -1.930052 -2.540133 0.000000
v -1.927436 -2.538435 -0.205511
v -1.719769 -2.697802 0.191183
v -1.927436 -2.538435 0.205511
v -2.297568 -2.168660 0.249260
v -2.300364 -2.170094 0.000000
v -2.123277 -2.363177 0.000000
v -2.120557 -2.361622 0.224834
v -2.120557 -2.361622 -0.224833
v -2.297568 -2.168659 -0.249259
v -2.459773 -1.962171 0.000000
v -2.456904 -1.960845 -0.278900
v -2.600501 -1.741150 0.000000
v -2.597564 -1.739932 -0.312015
v -2.456904 -1.960845 0.278900
v -2.597564 -1.739932 0.312014
v -2.818848 -1.265828 0.381701
v -2.821908 -1.266765 0.000000
v -2.721547 -1.508768 0.000000
v -2.718546 -1.507675 0.346862
v -2.718546 -1.507675 -0.346862
v -2.818848 -1.265827 -0.381701
v -2.900584 -1.016879 0.000000
v -2.897470 -1.016144 -0.414792
v -2.957228 -0.761084 0.000000
v -2.954075 -0.760593 -0.446006
v -2.897470 -1.016144 0.414791
v -2.954075 -0.760594 0.446006
v -2.991495 -0.501353 0.000000
v -2.988327 -0.501146 0.475218
v -2.988327 -0.501145 -0.475217
v -2.700872 0.711050 -0.923830
v -2.602451 0.615818 -0.926241
v -2.676723 0.381503 -0.908103
v -2.777543 0.469218 -0.906223
v -2.730021 0.142542 -0.882565
v -2.831867 0.223753 -0.881371
v -2.576108 0.293466 -0.903544
v -2.504442 0.519908 -0.922204
v -2.628263 0.061199 -0.877326
v -2.671794 -0.412170 -0.808036
v -2.772994 -0.343063 -0.814784
v -2.762169 -0.099501 -0.851000
v -2.660346 -0.174733 -0.845005
v -2.864028 -0.024324 -0.850570
v -2.874212 -0.273994 -0.815112
v -2.762321 -0.586579 -0.775290
v -2.862601 -0.524238 -0.776295
v -2.730489 -0.828184 -0.732725
v -2.829368 -0.773178 -0.734264
v -2.662046 -0.648951 -0.767873
v -2.631608 -0.883228 -0.724778
v -2.510683 -1.336880 -0.630830
v -2.604710 -1.298202 -0.639192
v -2.677839 -1.066013 -0.687290
v -2.580985 -1.113154 -0.679010
v -2.774683 -1.018939 -0.689163
v -2.698715 -1.259642 -0.641138
v -2.511442 -1.522885 -0.588634
v -2.601637 -1.493412 -0.590335
v -2.398966 -1.738542 -0.538340
v -2.484423 -1.718308 -0.539553
v -2.421208 -1.552561 -0.580497
v -2.313447 -1.759076 -0.530650
v -2.046620 -2.140142 -0.442961
v -2.120113 -2.136695 -0.449440
v -2.268213 -1.943652 -0.491034
v -2.188288 -1.955309 -0.483925
v -2.348045 -1.932389 -0.491589
v -2.193479 -2.133714 -0.449244
v -1.955598 -2.316151 -0.416283
v -2.021699 -2.320342 -0.415315
v -1.776180 -2.480726 -0.390725
v -1.834665 -2.490853 -0.389007
v -1.889330 -2.312455 -0.410396
v -1.717465 -2.471104 -0.385401
v -1.334201 -2.742819 -0.354816
v -1.378682 -2.760071 -0.359063
v -1.583371 -2.629131 -0.371931
v -1.532073 -2.614941 -0.367150
v -1.634338 -2.643829 -0.369525
v -1.422679 -2.777848 -0.356073
v -1.163627 -2.872256 -0.351285
v -1.201649 -2.891493 -0.347855
v -0.947675 -2.965188 -0.347123
v -0.980380 -2.984684 -0.343401
v -1.124897 -2.853593 -0.347571
v -0.914032 -2.946320 -0.343901
v -0.527102 -3.073869 -0.341229
v -0.550965 -3.091311 -0.343760
v -0.740298 -3.038372 -0.345106
v -0.711476 -3.020060 -0.342292
v -0.768007 -3.057345 -0.341242
v -0.573663 -3.109397 -0.339906
v -0.389148 -3.123510 -0.341612
v -0.406480 -3.140762 -0.337924
v -0.196990 -3.143780 -0.338365
v -0.249190 -3.157471 -0.335689
v -0.370780 -3.106807 -0.339198
v -0.235498 -3.123887 -0.336876
v -0.114243 -3.130125 -0.334941
v -0.573663 -3.109398 0.339906
v -0.550965 -3.091311 0.343761
v -0.740298 -3.038372 0.345107
v -0.768007 -3.057346 0.341242
v -0.947675 -2.965188 0.347124
v -0.980381 -2.984685 0.343401
v -0.711476 -3.020059 0.342292
v -0.527102 -3.073869 0.341229
v -0.914032 -2.946320 0.343902
v -1.334201 -2.742819 0.354817
v -1.378682 -2.760071 0.359063
v -1.163627 -2.872256 0.351285
v -1.124897 -2.853593 0.347572
v -1.201649 -2.891493 0.347855
v -1.422680 -2.777848 0.356073
v -1.583371 -2.629131 0.371931
v -1.634339 -2.643829 0.369525
v -1.776180 -2.480726 0.390726
v -1.834665 -2.490854 0.389008
v -1.532073 -2.614941 0.367151
v -1.717465 -2.471104 0.385402
v -2.046620 -2.140142 0.442962
v -2.120114 -2.136696 0.449441
v -1.955598 -2.316151 0.416283
v -1.889330 -2.312455 0.410396
v -2.021699 -2.320342 0.415316
v -2.193480 -2.133714 0.449245
v -2.268213 -1.943653 0.491034
v -2.348045 -1.932390 0.491590
v -2.398966 -1.738542 0.538340
v -2.484423 -1.718309 0.539553
v -2.188288 -1.955309 0.483925
v -2.313447 -1.759077 0.530650
v -2.510683 -1.336881 0.630830
v -2.604710 -1.298203 0.639192
v -2.511442 -1.522886 0.588634
v -2.421208 -1.552561 0.580497
v -2.601637 -1.493413 0.590335
v -2.698715 -1.259643 0.641138
v -2.677839 -1.066014 0.687290
v -2.774683 -1.018939 0.689162
v -2.730489 -0.828184 0.732724
v -2.829368 -0.773179 0.734264
v -2.580985 -1.113154 0.679010
v -2.631608 -0.883228 0.724778
v -2.671794 -0.412170 0.808035
v -2.772994 -0.343063 0.814784
v -2.762321 -0.586579 0.775290
v -2.662046 -0.648951 0.767873
v -2.862601 -0.524238 0.776295
v -2.874212 -0.273995 0.815113
v -2.762169 -0.099501 0.851000
v -2.864028 -0.024324 0.850569
v -2.730021 0.142542 0.882565
v -2.831867 0.223753 0.881371
v -2.660346 -0.174734 0.845005
v -2.628263 0.061198 0.877326
v -2.504442 0.519907 0.922205
v -2.602451 0.615818 0.926241
v -2.676723 0.381503 0.908103
v -2.576108 0.293465 0.903544
v -2.777543 0.469218 0.906223
v -2.700872 0.711050 0.923830
v -2.507377 0.843922 0.935602
v -2.601669 0.948230 0.932896
v -2.393996 1.078171 0.939082
v -2.493148 1.177769 0.936069
v -2.413826 0.738364 0.931852
v -2.312340 0.943053 0.935270
v -2.109885 1.285201 0.934548
v -2.203952 1.444958 0.938152
v -2.301568 1.594217 0.935494
v -2.132277 1.602204 0.939531
v -2.243821 1.790638 0.936688
v -2.079027 1.735511 0.942590
v -2.210138 1.959244 0.939712
v -2.023423 1.416705 0.935993
v -1.951026 1.518227 0.939145
v -1.845478 1.655470 0.948972
v -2.014136 1.933018 0.952179
v -2.040785 1.845557 0.946936
v -1.891751 1.596504 0.943607
v -2.193142 2.104321 0.943999
v -2.186015 2.222410 0.949158
v -1.425098 2.562522 1.750206
v -1.339153 2.302553 1.727727
v -1.145035 2.339097 1.871019
v -1.211079 2.573761 1.891224
v -0.938951 2.374476 1.995591
v -0.990003 2.584535 2.010552
v -1.077412 2.104611 1.844699
v -1.251306 2.043027 1.699156
v -0.886625 2.164461 1.974446
v -0.513659 2.259232 2.164207
v -0.544800 2.430259 2.173210
v -0.734380 2.405820 2.097602
v -0.693768 2.217646 2.082812
v -0.774002 2.593994 2.106119
v -0.575204 2.601285 2.175861
v -0.383690 2.444922 2.218575
v -0.405737 2.605559 2.217705
v -0.243931 2.452253 2.241258
v -0.258270 2.607602 2.238628
v -0.361121 2.284284 2.213044
v -0.229260 2.296905 2.237462
v -0.118407 2.454697 2.248819
v -0.111184 2.301196 2.245602
v -0.575204 2.601285 -2.175861
v -0.544800 2.430258 -2.173210
v -0.734380 2.405819 -2.097602
v -0.774002 2.593993 -2.106120
v -0.938951 2.374476 -1.995591
v -0.990003 2.584535 -2.010551
v -0.693767 2.217646 -2.082812
v -0.513659 2.259231 -2.164207
v -0.886625 2.164461 -1.974446
v -1.251306 2.043027 -1.699156
v -1.339153 2.302553 -1.727727
v -1.145035 2.339097 -1.871019
v -1.077412 2.104611 -1.844699
v -1.211079 2.573761 -1.891224
v -1.425098 2.562522 -1.750207
v -1.507826 2.267714 -1.569555
v -1.619934 2.551669 -1.589569
v -1.649949 2.235380 -1.410473
v -1.790676 2.540904 -1.425070
v -1.393488 1.984645 -1.543406
v -1.506722 1.931314 -1.389656
v -1.657401 1.847205 -1.136987
v -1.850113 2.181433 -1.145451
v -1.764413 2.206353 -1.264449
v -1.593771 1.884884 -1.250114
v -1.932414 2.529926 -1.272469
v -2.040240 2.518439 -1.147527
v -2.302709 1.600067 -0.935297
v -2.203952 1.444958 -0.938153
v -2.392782 1.078173 -0.939088
v -2.493148 1.177769 -0.936069
v -2.111474 1.287573 -0.934726
v -2.312340 0.943053 -0.935270
v -2.507377 0.843923 -0.935602
v -2.413826 0.738364 -0.931852
v -2.601669 0.948231 -0.932896
v -2.390355 -1.331760 -0.380995
v -2.388055 -1.331086 -0.206113
v -2.301686 -1.539352 -0.187124
v -2.303946 -1.540121 -0.346188
v -2.387288 -1.330862 0.000000
v -2.300932 -1.539096 0.000000
v -2.197522 -1.739318 -0.168141
v -2.199740 -1.740156 -0.311405
v -2.196782 -1.739038 0.000000
v -2.388055 -1.331087 0.206113
v -2.390355 -1.331760 0.380995
v -2.303946 -1.540122 0.346188
v -2.301686 -1.539352 0.187124
v -2.199740 -1.740156 0.311405
v -2.197522 -1.739318 0.168141
v -1.941387 -2.109377 0.248830
v -1.939258 -2.108418 0.133953
v -2.076425 -1.929501 0.150104
v -2.078600 -1.930397 0.278375
v -1.938548 -2.108098 0.000000
v -2.075700 -1.929202 0.000000
v -1.939258 -2.108418 -0.133953
v -1.941387 -2.109377 -0.248829
v -2.078600 -1.930397 -0.278375
v -2.076425 -1.929501 -0.150104
v -1.786882 -2.274588 -0.120626
v -1.788964 -2.275631 -0.224496
v -1.786187 -2.274240 0.000000
v -1.620608 -2.426903 -0.110077
v -1.622628 -2.428052 -0.205264
v -1.620144 -2.426354 0.061773
v -1.788964 -2.275631 0.224497
v -1.786881 -2.274588 0.120627
v -1.622628 -2.428052 0.205265
v -1.253408 -2.686966 0.181650
v -1.251219 -2.684963 0.054839
v -1.441308 -2.563701 0.057440
v -1.443677 -2.565531 0.191020
v -1.251613 -2.685542 -0.097125
v -1.253408 -2.686967 -0.181649
v -1.443677 -2.565533 -0.191019
v -1.441748 -2.564258 -0.102259
v -1.051514 -2.789649 -0.094626
v -1.053119 -2.791248 -0.177041
v -1.051212 -2.789021 0.053609
v -0.850878 -2.875981 -0.094023
v -0.852254 -2.877760 -0.175855
v -0.850674 -2.875303 0.053509
v -1.053119 -2.791248 0.177042
v -0.852254 -2.877760 0.175856
v -0.486572 -2.995015 0.178390
v -0.485694 -2.992912 0.095544
v -0.659129 -2.943933 0.094576
v -0.660257 -2.945888 0.176752
v -0.485401 -2.992211 0.000000
v -0.658753 -2.943283 0.000000
v -0.485694 -2.992912 -0.095544
v -0.486572 -2.995016 -0.178389
v -0.660257 -2.945888 -0.176751
v -0.659129 -2.943933 -0.094576
v -0.339998 -3.022312 -0.096187
v -0.340643 -3.024527 -0.179429
v -0.339784 -3.021573 0.000000
v -0.215107 -3.037024 -0.096568
v -0.215530 -3.039316 -0.180004
v -0.214966 -3.036262 0.000000
v -0.340643 -3.024527 0.179430
v -0.339998 -3.022312 0.096187
v -0.215530 -3.039316 0.180004
v -0.215107 -3.037024 0.096568
v 0.104157 -3.044288 0.180387
v -0.103954 -3.041945 0.096666
v -0.104296 -3.044275 0.180243
v -0.103937 -3.041166 -0.000062
v -0.103955 -3.041948 -0.096864
v -0.104060 -3.044296 -0.180476
v -0.485785 2.101648 -1.428997
v -0.485380 2.099280 -0.777686
v -0.658696 2.050394 -0.745540
v -0.659172 2.052747 -1.370086
v -0.485245 2.098492 -0.000000
v -0.658537 2.049610 -0.000000
v -0.843020 1.988672 -0.703333
v -0.843633 1.990948 -1.292709
v -0.842816 1.987913 -0.000000
v -0.485380 2.099281 0.777686
v -0.485785 2.101648 1.428997
v -0.659172 2.052748 1.370086
v -0.658696 2.050395 0.745540
v -0.843633 1.990948 1.292710
v -0.843020 1.988672 0.703333
v -1.179262 1.855269 1.102953
v -1.177859 1.853580 0.599914
v -1.021644 1.920829 0.653858
v -1.022539 1.922904 1.201966
v -1.177391 1.853017 -0.000000
v -1.021346 1.920137 -0.000000
v -1.177859 1.853580 -0.599914
v -1.179262 1.855269 -1.102953
v -1.022539 1.922903 -1.201966
v -1.021644 1.920828 -0.653858
v -1.294955 1.793642 -0.544294
v -1.297174 1.794699 -1.000771
v -1.294119 1.793362 0.319388
v -1.380149 1.741335 -0.490507
v -1.383311 1.741656 -0.901911
v -1.379012 1.741288 0.281040
v -1.297174 1.794699 1.000770
v -1.383312 1.741656 0.901910
v -1.445504 1.696076 0.817499
v -1.440593 1.697095 0.456766
v -1.439119 1.697235 0.002689
v -1.441132 1.696662 -0.453383
v -1.445375 1.696220 -0.821594
v -2.003475 1.164088 -0.586727
v -2.001526 1.162607 -0.318283
v -2.101228 1.015126 -0.318524
v -2.103173 1.016583 -0.587171
v -2.000877 1.162113 0.000000
v -2.100580 1.014640 0.000000
v -2.203593 0.840643 -0.318545
v -2.205560 0.842035 -0.587209
v -2.202938 0.840179 0.000000
v -2.001526 1.162607 0.318282
v -2.003475 1.164087 0.586727
v -2.103173 1.016583 0.587171
v -2.101228 1.015125 0.318523
v -2.205560 0.842035 0.587209
v -2.203593 0.840643 0.318544
v -2.389978 0.438686 0.578534
v -2.387904 0.437571 0.313817
v -2.301520 0.645883 0.317317
v -2.303530 0.647162 0.584957
v -2.387213 0.437200 0.000000
v -2.300849 0.645457 0.000000
v -2.387904 0.437571 -0.313817
v -2.389978 0.438686 -0.578534
v -2.303530 0.647163 -0.584958
v -2.301520 0.645883 -0.317318
v -2.455644 0.222432 -0.307016
v -2.457797 0.223324 -0.566055
v -2.454927 0.222134 0.000000
v -2.504432 0.002175 -0.297434
v -2.506666 0.002810 -0.548474
v -2.503687 0.001964 0.000000
v -2.457797 0.223324 0.566055
v -2.455644 0.222431 0.307016
v -2.506666 0.002810 0.548474
v -2.504432 0.002175 0.297433
v -2.546277 -0.446748 0.501814
v -2.543920 -0.446842 0.271998
v -2.533960 -0.221486 0.285588
v -2.536266 -0.221125 0.526743
v -2.543134 -0.446873 0.000000
v -2.533191 -0.221607 0.000000
v -2.543920 -0.446842 -0.271998
v -2.546277 -0.446748 -0.501815
v -2.536266 -0.221125 -0.526744
v -2.533960 -0.221486 -0.285588
v -2.534005 -0.672180 -0.257183
v -2.536379 -0.672327 -0.474641
v -2.533213 -0.672131 0.000000
v -2.504519 -0.895800 -0.241215
v -2.506884 -0.896158 -0.445356
v -2.503731 -0.895680 0.000000
v -2.536379 -0.672327 0.474641
v -2.534005 -0.672180 0.257183
v -2.506884 -0.896158 0.445356
v -2.504519 -0.895800 0.241215
v -2.455768 -1.116002 0.224167
v -2.458106 -1.116537 0.414096
v -2.454988 -1.115824 0.000000
v -2.458106 -1.116537 -0.414096
v -2.455768 -1.116002 -0.224168
v -0.132715 -3.250620 -0.180308
v -0.132871 -3.253836 0.000000
v -0.273041 -3.248159 0.000000
v -0.272733 -3.244963 -0.180024
v -0.132727 -3.250621 0.180308
v -0.272733 -3.244964 0.180025
v -0.427811 -3.231128 0.000000
v -0.427297 -3.227991 0.179402
v -0.427297 -3.227990 -0.179402
v -0.189343 -3.144734 0.338251
v -0.259669 -3.156572 0.335826
v -0.114243 -3.130125 0.334941
v -0.235498 -3.123887 0.336876
v -0.389148 -3.123510 0.341612
v -0.370780 -3.106807 0.339198
v -0.406480 -3.140763 0.337924
v -0.118407 2.454696 -2.248819
v -0.125468 2.608198 -2.245602
v -0.243931 2.452252 -2.241258
v -0.258270 2.607601 -2.238628
v -0.229260 2.296904 -2.237462
v -0.383690 2.444921 -2.218575
v -0.361121 2.284283 -2.213044
v -0.405737 2.605559 -2.217705
v -0.104021 2.148177 -0.809831
v -0.104133 2.150574 -1.487907
v -0.214972 2.143285 -0.806616
v -0.215191 2.145675 -1.482016
v -0.214899 2.142488 -0.000000
v -0.104021 2.148178 0.809831
v -0.215191 2.145676 1.482017
v -0.214972 2.143286 0.806617
v -0.339782 2.128616 0.796973
v -0.340100 2.130996 1.464343
v -0.339676 2.127822 -0.000000
v -0.340100 2.130995 -1.464343
v -0.339782 2.128615 -0.796973
v -2.139006 2.754654 -0.726896
v -2.137467 2.757965 -0.000000
v -2.009252 2.760410 -0.000000
v -2.011564 2.757229 -0.818357
v -1.798258 2.761867 -0.003197
v -1.848414 2.758520 -0.930243
v -2.011564 2.757229 0.818357
v -2.139006 2.754653 0.726895
v -1.796408 2.758821 0.963366
v -2.040240 2.518439 1.147527
v -1.850113 2.181434 1.145450
v -1.764414 2.206354 1.264448
v -1.932414 2.529927 1.272469
v -1.649949 2.235380 1.410473
v -1.790676 2.540904 1.425069
v -1.593771 1.884884 1.250113
v -1.657401 1.847205 1.136986
v -1.506722 1.931315 1.389655
v -1.507826 2.267715 1.569555
v -1.393488 1.984646 1.543406
v -1.619934 2.551669 1.589569
v -2.186014 2.222410 -0.949158
v -2.014134 1.933015 -0.952179
v -2.040783 1.845555 -0.946937
v -2.193141 2.104320 -0.943999
v -2.079026 1.735510 -0.942590
v -2.210137 1.959243 -0.939712
v -1.891749 1.596501 -0.943608
v -1.845476 1.655467 -0.948972
v -1.951025 1.518225 -0.939146
v -2.132277 1.602204 -0.939531
v -2.023422 1.416704 -0.935993
v -2.243821 1.790638 -0.936688
v -1.764013 1.425716 -0.321979
v -1.766226 1.426988 -0.593473
v -1.763234 1.425333 -0.000224
v -1.832171 1.362147 -0.320114
v -1.834233 1.363548 -0.590073
v -1.831484 1.361680 -0.000000
v -1.766226 1.426988 0.593472
v -1.764014 1.425716 0.321978
v -1.834233 1.363548 0.590072
v -1.832171 1.362147 0.320113
v -1.911592 1.276362 0.318847
v -1.913572 1.277828 0.587759
v -1.910931 1.275873 0.000000
v -1.913572 1.277829 -0.587759
v -1.911591 1.276362 -0.318847
v 2.331403 2.497944 -0.863406
v 2.329090 2.596932 -0.868260
v 2.337335 2.617525 -0.600403
v 2.325055 2.657197 -0.873579
v 2.332050 2.676557 -0.603972
v 2.322372 2.570171 -0.909940
v 2.312473 2.533175 -0.923838
v 2.310221 2.619646 -0.931286
v 2.318835 2.641056 -0.916507
v 2.299886 2.679106 -0.947122
v 2.305975 2.695537 -0.931613
v 2.313679 2.675989 -0.923271
v 2.306296 2.656992 -0.938371
v 2.309997 2.707980 -0.887599
v 2.318843 2.690345 -0.879860
v 2.324351 2.707622 -0.608158
v 2.313853 2.722998 -0.613315
v 2.337335 2.617524 0.600402
v 2.329090 2.596932 0.868260
v 2.331403 2.497944 0.863406
v 2.332050 2.676556 0.603972
v 2.325055 2.657197 0.873578
v 2.324351 2.707621 0.608157
v 2.313852 2.722998 0.613314
v 2.309997 2.707980 0.887598
v 2.318843 2.690345 0.879859
v 2.313679 2.675989 0.923271
v 2.305975 2.695537 0.931612
v 2.318835 2.641056 0.916507
v 2.312749 2.533769 0.923557
v 2.322220 2.572246 0.910292
v 2.277328 2.385574 0.939473
v 2.277784 2.482606 0.944960
v 2.181937 2.310052 0.954797
v 2.277713 2.548755 0.951298
v 2.179443 2.373081 0.961423
v 2.299452 2.429185 0.931209
v 2.299610 2.527474 0.936598
v 2.310221 2.619646 0.931285
v 2.298783 2.592247 0.942741
v 2.299887 2.679107 0.947121
v 2.291229 2.658165 0.959312
v 2.296236 2.632733 0.950143
v 2.306297 2.656992 0.938370
v 2.272352 2.620745 0.968554
v 2.276205 2.592107 0.958993
v 2.177065 2.417329 0.969544
v 2.173337 2.448629 0.979668
v 2.125981 2.678776 -1.137462
v 2.235786 2.665079 -1.016733
v 2.109244 2.506142 -1.066003
v 2.148428 2.491459 -1.017670
v 2.139373 2.709481 -1.127589
v 2.142845 2.724202 -1.114502
v 2.221897 2.718135 -1.030675
v 2.217086 2.702641 -1.044010
v 2.261642 2.692332 -0.995361
v 2.291229 2.658164 -0.959313
v 2.283027 2.677768 -0.970757
v 2.272352 2.620745 -0.968555
v 2.265247 2.642755 -0.980489
v 2.166791 2.472813 -0.992301
v 2.173337 2.448629 -0.979668
v 2.222853 2.750367 -0.668627
v 2.224543 2.739392 -0.966664
v 2.142776 2.744323 -1.048394
v 2.273207 2.743946 -0.635584
v 2.272940 2.732016 -0.919974
v 2.300172 2.734964 -0.619802
v 2.298061 2.721708 -0.897294
v 2.290377 2.696236 -0.958048
v 2.295199 2.710729 -0.942042
v 2.267728 2.709030 -0.982211
v 2.271277 2.722116 -0.965794
v 2.143697 2.735684 -1.098211
v 2.224135 2.730251 -1.014105
v 2.142776 2.744323 1.048393
v 2.224543 2.739392 0.966663
v 2.222853 2.750367 0.668626
v 2.272940 2.732016 0.919973
v 2.273207 2.743946 0.635583
v 2.143697 2.735684 1.098210
v 2.221897 2.718135 1.030674
v 2.224135 2.730251 1.014104
v 2.267728 2.709030 0.982210
v 2.271277 2.722117 0.965793
v 2.295199 2.710729 0.942041
v 2.290377 2.696236 0.958047
v 2.298061 2.721708 0.897294
v 2.300172 2.734964 0.619801
v 2.109244 2.506142 1.066003
v 2.235787 2.665080 1.016730
v 2.125981 2.678777 1.137461
v 2.148428 2.491459 1.017670
v 2.166791 2.472813 0.992301
v 2.265247 2.642756 0.980489
v 2.283027 2.677769 0.970757
v 2.261642 2.692333 0.995360
v 2.142845 2.724202 1.114501
v 2.139373 2.709481 1.127588
v 2.217086 2.702642 1.044009
v 2.181937 2.310053 -0.954797
v 2.277784 2.482606 -0.944961
v 2.277328 2.385574 -0.939473
v 2.179443 2.373082 -0.961423
v 2.277712 2.548755 -0.951299
v 2.177065 2.417329 -0.969545
v 2.276205 2.592107 -0.958994
v 2.296236 2.632733 -0.950144
v 2.298783 2.592247 -0.942741
v 2.299452 2.429185 -0.931210
v 2.299610 2.527474 -0.936599
v -2.331403 2.497944 0.863406
v -2.329090 2.596932 0.868260
v -2.337335 2.617524 0.600402
v -2.325055 2.657197 0.873578
v -2.332050 2.676556 0.603972
v -2.322372 2.570172 0.909939
v -2.318835 2.641056 0.916506
v -2.299887 2.679106 0.947121
v -2.305975 2.695537 0.931612
v -2.313679 2.675989 0.923271
v -2.306297 2.656992 0.938370
v -2.309997 2.707980 0.887598
v -2.318843 2.690345 0.879859
v -2.324351 2.707621 0.608157
v -2.313853 2.722998 0.613314
v -2.337335 2.617525 -0.600403
v -2.329090 2.596932 -0.868260
v -2.331403 2.497944 -0.863406
v -2.332050 2.676556 -0.603972
v -2.325055 2.657197 -0.873579
v -2.324351 2.707622 -0.608158
v -2.313853 2.722998 -0.613315
v -2.309997 2.707980 -0.887599
v -2.318843 2.690345 -0.879860
v -2.313679 2.675989 -0.923271
v -2.305975 2.695537 -0.931613
v -2.310221 2.619646 -0.931286
v -2.318835 2.641056 -0.916507
v -2.312749 2.533781 -0.923560
v -2.322220 2.572244 -0.910293
v -2.181937 2.310053 0.954797
v -2.277784 2.482606 0.944960
v -2.277328 2.385574 0.939472
v -2.179443 2.373082 0.961423
v -2.277713 2.548755 0.951298
v -2.177065 2.417329 0.969544
v -2.173337 2.448629 0.979667
v -2.272352 2.620745 0.968554
v -2.276205 2.592107 0.958993
v -2.296236 2.632733 0.950142
v -2.291229 2.658165 0.959312
v -2.310221 2.619646 0.931285
v -2.298783 2.592247 0.942741
v -2.312473 2.533174 0.923836
v -2.299452 2.429185 0.931209
v -2.299610 2.527474 0.936598
v -2.109244 2.506142 -1.066003
v -2.235786 2.665079 -1.016732
v -2.125981 2.678777 -1.137462
v -2.148428 2.491459 -1.017670
v -2.166791 2.472813 -0.992301
v -2.173337 2.448629 -0.979668
v -2.272352 2.620745 -0.968555
v -2.265247 2.642755 -0.980489
v -2.299887 2.679106 -0.947122
v -2.283027 2.677768 -0.970757
v -2.291229 2.658164 -0.959313
v -2.267728 2.709030 -0.982211
v -2.261642 2.692332 -0.995361
v -2.139373 2.709481 -1.127589
v -2.217086 2.702641 -1.044010
v -2.142776 2.744323 -1.048394
v -2.224543 2.739392 -0.966664
v -2.222853 2.750367 -0.668627
v -2.272940 2.732016 -0.919974
v -2.273207 2.743946 -0.635584
v -2.143697 2.735684 -1.098211
v -2.142845 2.724202 -1.114502
v -2.221897 2.718135 -1.030675
v -2.224135 2.730251 -1.014105
v -2.271277 2.722116 -0.965794
v -2.295199 2.710729 -0.942042
v -2.290377 2.696236 -0.958048
v -2.298061 2.721708 -0.897294
v -2.300172 2.734964 -0.619802
v -2.222853 2.750367 0.668626
v -2.224543 2.739392 0.966663
v -2.142776 2.744323 1.048393
v -2.273207 2.743946 0.635583
v -2.272940 2.732016 0.919973
v -2.300172 2.734964 0.619801
v -2.298061 2.721708 0.897294
v -2.290378 2.696236 0.958047
v -2.295199 2.710729 0.942041
v -2.267728 2.709030 0.982210
v -2.271277 2.722117 0.965793
v -2.143697 2.735684 1.098210
v -2.224134 2.730251 1.014104
v -2.125981 2.678777 1.137461
v -2.235786 2.665079 1.016731
v -2.109244 2.506142 1.066003
v -2.148428 2.491459 1.017670
v -2.139373 2.709481 1.127588
v -2.142845 2.724202 1.114501
v -2.221897 2.718135 1.030674
v -2.217086 2.702642 1.044009
v -2.261642 2.692333 0.995360
v -2.283027 2.677768 0.970756
v -2.265247 2.642756 0.980489
v -2.166791 2.472813 0.992300
v -2.277328 2.385574 -0.939473
v -2.277784 2.482606 -0.944961
v -2.181937 2.310052 -0.954797
v -2.277713 2.548755 -0.951299
v -2.179443 2.373081 -0.961423
v -2.299452 2.429186 -0.931210
v -2.299610 2.527474 -0.936599
v -2.298783 2.592247 -0.942741
v -2.296236 2.632733 -0.950144
v -2.306297 2.656992 -0.938371
v -2.276205 2.592107 -0.958994
v -2.177065 2.417329 -0.969545
v 2.888511 0.533070 -0.820083
v 2.809977 0.782230 -0.837493
v 2.944857 0.278441 -0.795536
v 2.990047 -0.240118 -0.730292
v 2.978780 0.020120 -0.765168
v 2.970675 0.018903 -0.804650
v 2.981780 -0.240412 -0.768750
v 2.926432 0.273529 -0.850761
v 2.936960 0.276336 -0.835898
v 2.792200 0.774513 -0.893689
v 2.802358 0.778923 -0.879049
v 2.880799 0.530228 -0.861146
v 2.978780 0.020120 0.765168
v 2.990047 -0.240119 0.730292
v 2.944856 0.278441 0.795536
v 2.809977 0.782229 0.837492
v 2.888511 0.533070 0.820083
v 2.880799 0.530228 0.861146
v 2.802358 0.778922 0.879049
v 2.936960 0.276336 0.835897
v 2.959869 0.017281 0.819655
v 2.970757 -0.240805 0.783896
v 2.981780 -0.240413 0.768750
v 2.970675 0.018903 0.804650
v 2.498167 1.491926 -0.849627
v 2.415095 1.720634 -0.849153
v 2.600924 1.260237 -0.849611
v 2.709487 1.024145 -0.846451
v 2.701801 1.020762 -0.888260
v 2.479408 1.481414 -0.906340
v 2.593068 1.256735 -0.891506
v 2.395799 1.707566 -0.905525
v 2.406826 1.715034 -0.891003
v 2.490096 1.487829 -0.891511
v 2.709487 1.024145 0.846450
v 2.600924 1.260237 0.849611
v 2.415095 1.720634 0.849153
v 2.498167 1.491926 0.849627
v 2.490096 1.487829 0.891511
v 2.406826 1.715033 0.891002
v 2.593068 1.256734 0.891506
v 2.701801 1.020762 0.888260
v 2.332453 2.348628 -0.858519
v 2.340946 2.161177 -0.854148
v 2.365591 1.947782 -0.850844
v 2.345999 1.928078 -0.907168
v 2.357195 1.939337 -0.892705
v 2.321342 2.133580 -0.910482
v 2.332548 2.149348 -0.896078
v 2.313231 2.313752 -0.914958
v 2.324231 2.333675 -0.900581
v 2.339944 2.624126 -0.000000
v 2.334238 2.682769 -0.000000
v 2.314970 2.727829 -0.000000
v 2.326034 2.713173 -0.000000
v 2.365591 1.947781 0.850843
v 2.340946 2.161177 0.854148
v 2.332453 2.348628 0.858518
v 2.313231 2.313751 0.914958
v 2.324231 2.333675 0.900580
v 2.321342 2.133580 0.910482
v 2.332548 2.149348 0.896078
v 2.357195 1.939337 0.892705
v 0.890104 2.749118 -1.958767
v 0.487831 2.748956 -2.081999
v 1.456633 2.749283 -1.659908
v 1.233104 2.749237 -1.795899
v 1.237980 2.741091 -1.866319
v 1.461758 2.741165 -1.726000
v 1.013978 2.730065 -1.994432
v 1.010933 2.740981 -1.981761
v 0.793549 2.729870 -2.085271
v 0.589819 2.740719 -2.136681
v 0.791314 2.740851 -2.071992
v 1.233104 2.749237 1.795899
v 1.456633 2.749283 1.659908
v 1.006791 2.749168 1.907402
v 0.519635 2.748980 2.074892
v 0.788151 2.749087 1.994294
v 0.793549 2.729870 2.085270
v 0.791314 2.740851 2.071992
v 0.589819 2.740719 2.136681
v 1.013979 2.730064 1.994432
v 1.010933 2.740981 1.981761
v 1.461758 2.741164 1.726000
v 1.237980 2.741091 1.866319
v 0.213694 2.748850 -2.116717
v 0.417146 2.740601 -2.175494
v 0.266563 2.729350 -2.209317
v 0.266088 2.740505 -2.194900
v -0.129738 2.740425 -2.201377
v 0.129441 2.740441 -2.201369
v 0.216065 2.748836 2.117351
v 0.129713 2.740426 2.201379
v 0.266088 2.740505 2.194901
v 0.418008 2.729494 2.189730
v 0.417146 2.740600 2.175494
v 1.261107 -2.951753 -0.273889
v 1.492145 -2.831944 -0.280793
v 1.028952 -3.050836 -0.271488
v 0.601253 -3.184607 -0.273158
v 0.805670 -3.128639 -0.271830
v 0.802695 -3.121222 -0.295553
v 0.599200 -3.176680 -0.296274
v 1.019625 -3.035019 -0.311379
v 1.024955 -3.044057 -0.295792
v 1.486285 -2.826499 -0.306080
v 1.256109 -2.945657 -0.298723
v 0.805670 -3.128640 0.271830
v 0.601253 -3.184608 0.273158
v 1.028952 -3.050837 0.271488
v 1.492145 -2.831945 0.280793
v 1.261107 -2.951754 0.273890
v 1.478472 -2.819241 0.322410
v 1.256109 -2.945657 0.298723
v 1.486285 -2.826500 0.306080
v 1.019625 -3.035020 0.311379
v 1.024955 -3.044058 0.295792
v 0.596463 -3.166111 0.310586
v 0.599200 -3.176681 0.296274
v 0.802695 -3.121224 0.295554
v 2.112055 -2.356760 -0.340382
v 2.288827 -2.164178 -0.374305
v 1.919257 -2.533128 -0.313709
v 1.712075 -2.691962 -0.293956
v 1.705611 -2.687057 -0.319596
v 1.903228 -2.522729 -0.355795
v 1.912388 -2.528672 -0.339727
v 2.095390 -2.347233 -0.382694
v 2.281486 -2.160414 -0.401647
v 2.104913 -2.352677 -0.366926
v 1.712075 -2.691964 0.293956
v 1.919257 -2.533130 0.313710
v 2.288827 -2.164179 0.374306
v 2.112055 -2.356761 0.340383
v 2.095390 -2.347234 0.382695
v 2.104913 -2.352678 0.366926
v 2.281486 -2.160414 0.401647
v 1.903228 -2.522730 0.355795
v 1.912388 -2.528672 0.339727
v 1.696994 -2.680519 0.335889
v 1.705612 -2.687059 0.319597
v 2.709167 -1.504259 -0.511472
v 2.809286 -1.262899 -0.560589
v 2.588384 -1.736126 -0.462371
v 2.447938 -1.956700 -0.415809
v 2.440406 -1.953218 -0.444343
v 2.580674 -1.732930 -0.492366
v 2.690786 -1.497564 -0.558485
v 2.801253 -1.260439 -0.593791
v 2.701290 -1.501390 -0.543065
v 2.447938 -1.956700 0.415809
v 2.588384 -1.736127 0.462371
v 2.809286 -1.262899 0.560588
v 2.709167 -1.504260 0.511472
v 2.701289 -1.501390 0.543065
v 2.801253 -1.260439 0.593791
v 2.580674 -1.732930 0.492366
v 2.440406 -1.953218 0.444343
v 2.978426 -0.500498 -0.692225
v 2.944221 -0.759060 -0.651137
v 2.887739 -1.013846 -0.607201
v 2.868666 -1.009343 -0.657327
v 2.879565 -1.011916 -0.641893
v 2.924907 -0.756053 -0.702571
v 2.935944 -0.757771 -0.687200
v 2.970109 -0.499954 -0.729543
v 2.887739 -1.013847 0.607201
v 2.944221 -0.759060 0.651137
v 2.978426 -0.500498 0.692225
v 2.970109 -0.499954 0.729543
v 2.935944 -0.757772 0.687200
v 2.879565 -1.011916 0.641892
v 2.926821 0.009598 -0.840623
v 2.937165 -0.244975 -0.805201
v 2.894114 0.262456 -0.871390
v 2.761010 0.758593 -0.913786
v 2.838894 0.512490 -0.896209
v 2.870518 0.526440 -0.875882
v 2.857298 0.521568 -0.887476
v 2.779140 0.768844 -0.905158
v 2.912895 0.269920 -0.862517
v 2.959869 0.017281 -0.819655
v 2.970757 -0.240804 -0.783896
v 2.956583 -0.241308 -0.796017
v 2.945976 0.015196 -0.831594
v 2.835602 -1.004714 -0.679320
v 2.758104 -1.250285 -0.631286
v 2.891389 -0.754036 -0.724410
v 2.925299 -0.500154 -0.766417
v 2.959020 -0.499228 -0.744814
v 2.944763 -0.498296 -0.757096
v 2.910718 -0.753845 -0.714980
v 2.790543 -1.257159 -0.609245
v 2.776773 -1.252942 -0.621762
v 2.854653 -1.006034 -0.669819
v 2.400327 -1.936876 -0.481490
v 2.242619 -2.142328 -0.438934
v 2.539473 -1.718377 -0.529589
v 2.659063 -1.488843 -0.580449
v 2.677281 -1.492646 -0.570959
v 2.570394 -1.728668 -0.507750
v 2.557175 -1.723188 -0.520156
v 2.430364 -1.948575 -0.459739
v 2.271697 -2.155395 -0.417153
v 2.259111 -2.148942 -0.429540
v 2.417453 -1.942606 -0.472101
v 1.672015 -2.662649 -0.358347
v 1.455925 -2.799337 -0.344794
v 1.876482 -2.506637 -0.378078
v 2.067344 -2.332722 -0.404701
v 2.083147 -2.340234 -0.395220
v 1.891451 -2.515088 -0.368489
v 1.696994 -2.680519 -0.335889
v 1.478471 -2.819240 -0.322409
v 1.468425 -2.809906 -0.335184
v 1.685914 -2.672110 -0.348695
v 0.787040 -3.084466 -0.330784
v 0.588238 -3.137487 -0.329901
v 1.004128 -3.010359 -0.332541
v 1.230193 -2.915277 -0.336701
v 1.249444 -2.937530 -0.314789
v 1.240876 -2.927080 -0.327305
v 1.012773 -3.023398 -0.323476
v 0.798727 -3.111336 -0.310528
v 0.596463 -3.166110 -0.310586
v 0.592943 -3.152520 -0.321640
v 0.793626 -3.098623 -0.322115
v 0.058955 -3.190127 -0.325068
v 0.266523 -3.185228 -0.326650
v 0.417033 -3.169309 -0.328363
v 0.420232 -3.184855 -0.320469
v 0.269885 -3.215400 -0.308888
v 0.268500 -3.201018 -0.319053
v 0.118799 -3.205664 -0.318025
v 1.230193 -2.915279 0.336702
v 1.455926 -2.799338 0.344794
v 1.004129 -3.010360 0.332541
v 0.588239 -3.137489 0.329901
v 0.787040 -3.084468 0.330784
v 0.798727 -3.111337 0.310528
v 0.793626 -3.098624 0.322115
v 0.592943 -3.152522 0.321640
v 1.012773 -3.023399 0.323477
v 1.249444 -2.937531 0.314790
v 1.468426 -2.809906 0.335185
v 1.240876 -2.927081 0.327306
v 2.067344 -2.332723 0.404702
v 2.242619 -2.142329 0.438934
v 1.876482 -2.506638 0.378079
v 1.672016 -2.662650 0.358348
v 1.685914 -2.672111 0.348695
v 1.891451 -2.515089 0.368490
v 2.271697 -2.155395 0.417153
v 2.259111 -2.148942 0.429540
v 2.083147 -2.340234 0.395221
v 2.659063 -1.488843 0.580449
v 2.758104 -1.250285 0.631286
v 2.539473 -1.718377 0.529589
v 2.400327 -1.936876 0.481490
v 2.430364 -1.948576 0.459739
v 2.417453 -1.942607 0.472101
v 2.570394 -1.728668 0.507750
v 2.557175 -1.723188 0.520156
v 2.690786 -1.497565 0.558486
v 2.790543 -1.257159 0.609245
v 2.776773 -1.252942 0.621762
v 2.677281 -1.492646 0.570959
v 2.925299 -0.500155 0.766417
v 2.937165 -0.244975 0.805201
v 2.891389 -0.754036 0.724409
v 2.835602 -1.004714 0.679319
v 2.868666 -1.009343 0.657327
v 2.854653 -1.006034 0.669818
v 2.924908 -0.756054 0.702571
v 2.910718 -0.753845 0.714979
v 2.959020 -0.499229 0.744814
v 2.956583 -0.241309 0.796017
v 2.944763 -0.498296 0.757095
v 2.838894 0.512490 0.896209
v 2.761010 0.758592 0.913786
v 2.894114 0.262456 0.871390
v 2.926821 0.009598 0.840623
v 2.945976 0.015195 0.831594
v 2.926432 0.273529 0.850760
v 2.912895 0.269919 0.862517
v 2.870518 0.526439 0.875882
v 2.792200 0.774513 0.893688
v 2.779140 0.768844 0.905158
v 2.857298 0.521568 0.887475
v 2.446889 1.461934 0.925944
v 2.362377 1.680790 0.925332
v 2.550903 1.234495 0.925995
v 2.660311 0.999654 0.922829
v 2.691553 1.016251 0.902850
v 2.678377 1.010451 0.914255
v 2.478267 1.483999 0.906546
v 2.569125 1.246060 0.917447
v 2.395799 1.707566 0.905525
v 2.381623 1.697965 0.916843
v 2.465501 1.475342 0.917416
v 2.277253 2.249576 0.934327
v 2.285866 2.081912 0.929963
v 2.311471 1.889883 0.926818
v 2.345999 1.928078 0.907168
v 2.331605 1.913600 0.918410
v 2.306922 2.113309 0.921642
v 2.299047 2.288150 0.926066
v 1.995662 1.998571 0.957924
v 1.812085 1.699054 0.954831
v 1.983023 2.046443 0.964673
v 1.788486 1.730525 0.961686
v 1.965861 2.106036 0.983179
v 1.973871 2.080857 0.972925
v 1.771588 1.753139 0.970034
v 1.758299 1.770156 0.980375
v 0.791918 2.692437 2.102220
v 0.589373 2.692843 2.168885
v 1.012530 2.691808 2.009968
v 1.462459 2.690053 1.753014
v 1.239835 2.690997 1.893206
v 1.465489 2.730340 1.738360
v 1.241603 2.730229 1.878607
v 1.242970 2.716265 1.887734
v 1.466740 2.716422 1.747567
v 1.015062 2.716029 2.003928
v 0.591248 2.729671 2.150558
v 0.591399 2.715467 2.161231
v 0.794158 2.715751 2.095358
v 0.128943 2.692858 2.235549
v -0.129157 2.692837 2.235544
v 0.265246 2.692955 2.228883
v 0.416269 2.692983 2.208883
v 0.417924 2.715214 2.200755
v 0.266563 2.729351 2.209317
v 0.266414 2.715009 2.220517
v 0.129999 2.729219 2.215861
v -0.129967 2.714861 2.227091
v 0.129546 2.714872 2.227104
v 1.239835 2.690998 -1.893206
v 1.462459 2.690053 -1.753014
v 1.012530 2.691807 -2.009968
v 0.589373 2.692844 -2.168884
v 0.791918 2.692437 -2.102220
v 0.591248 2.729671 -2.150558
v 0.794158 2.715751 -2.095358
v 0.591399 2.715467 -2.161231
v 1.015062 2.716029 -2.003928
v 1.241603 2.730229 -1.878608
v 1.465489 2.730340 -1.738361
v 1.466740 2.716422 -1.747567
v 1.242970 2.716265 -1.887734
v 2.007432 2.684035 -1.265819
v 1.852900 2.687229 -1.422446
v 1.669029 2.689016 -1.590469
v 1.675232 2.716465 -1.584221
v 1.861479 2.715750 -1.414943
v 2.020530 2.727878 -1.244755
v 2.018515 2.713636 -1.256983
v 1.905940 2.161422 -1.067448
v 1.700374 1.820128 -1.062482
v 1.939063 2.143838 -1.020818
v 1.727987 1.800416 -1.017567
v 1.965861 2.106036 -0.983179
v 1.956647 2.126203 -0.995936
v 1.745531 1.784838 -0.993209
v 1.758300 1.770157 -0.980376
v 2.660311 0.999654 -0.922829
v 2.550902 1.234495 -0.925996
v 2.362377 1.680790 -0.925332
v 2.446889 1.461934 -0.925944
v 2.465501 1.475342 -0.917417
v 2.381623 1.697965 -0.916844
v 2.569125 1.246061 -0.917448
v 2.691553 1.016251 -0.902850
v 2.678377 1.010452 -0.914255
v 1.570554 1.591166 0.626326
v 1.575465 1.586998 -0.621325
v 0.425691 -3.218187 -0.273712
v 0.271771 -3.234975 -0.273764
v 0.133901 -3.220559 -0.308020
v 0.133671 -3.232054 -0.295154
v 0.270963 -3.226586 -0.295736
v 0.422544 -3.198972 -0.309903
v 0.424342 -3.209952 -0.296220
v 0.132279 -3.240571 0.273580
v -0.132557 -3.240564 0.273565
v 0.271771 -3.234976 0.273764
v 0.425691 -3.218188 0.273713
v 0.424342 -3.209953 0.296220
v 0.270963 -3.226587 0.295736
v 0.131399 -3.220875 0.307952
v -0.133901 -3.220560 0.308020
v 0.131902 -3.232130 0.295170
v 0.417033 -3.169310 0.328363
v 0.266523 -3.185229 0.326650
v -0.058973 -3.190129 0.325068
v 0.129812 -3.190543 0.325239
v 0.130753 -3.206403 0.317842
v -0.118805 -3.205665 0.318026
v 0.269885 -3.215401 0.308888
v 0.268500 -3.201019 0.319053
v 0.422544 -3.198973 0.309903
v 0.420232 -3.184856 0.320469
v 0.416269 2.692983 -2.208883
v 0.265246 2.692955 -2.228882
v 0.129158 2.692837 -2.235545
v 0.130180 2.729253 -2.215822
v 0.129965 2.714860 -2.227092
v 0.266414 2.715009 -2.220517
v 0.418008 2.729494 -2.189730
v 0.417924 2.715214 -2.200755
v 1.666919 2.749295 -1.499555
v 1.856409 2.748793 -1.332447
v 2.017546 2.747296 -1.176191
v 2.019890 2.738968 -1.229347
v 1.862100 2.729741 -1.403863
v 1.860063 2.740627 -1.389620
v 1.674704 2.730370 -1.574255
v 1.671569 2.741184 -1.561135
v 2.017546 2.747296 1.176190
v 1.856409 2.748793 1.332446
v 1.666919 2.749295 1.499554
v 1.674704 2.730369 1.574255
v 1.671569 2.741184 1.561135
v 1.860063 2.740627 1.389619
v 2.020530 2.727878 1.244754
v 2.019889 2.738968 1.229346
v 2.222041 2.753891 -0.000000
v 2.273079 2.747781 -0.000001
v 2.300687 2.739230 -0.000000
v 1.669029 2.689016 1.590469
v 1.852900 2.687229 1.422445
v 2.007432 2.684036 1.265818
v 2.018515 2.713637 1.256982
v 1.862100 2.729742 1.403862
v 1.861479 2.715750 1.414942
v 1.675232 2.716465 1.584220
v 1.905940 2.161422 1.067447
v 1.939063 2.143838 1.020817
v 1.700374 1.820127 1.062481
v 1.727987 1.800416 1.017566
v 1.956647 2.126203 0.995935
v 1.745530 1.784837 0.993208
v 2.311471 1.889883 -0.926818
v 2.285866 2.081912 -0.929963
v 2.277253 2.249576 -0.934328
v 2.299047 2.288150 -0.926066
v 2.306922 2.113309 -0.921642
v 2.331605 1.913601 -0.918410
v 1.995664 1.998573 -0.957925
v 1.983024 2.046445 -0.964674
v 1.812087 1.699058 -0.954832
v 1.788488 1.730528 -0.961687
v 1.973872 2.080858 -0.972925
v 1.771589 1.753141 -0.970035
v 1.531523 1.620796 0.353376
v -2.888511 0.533070 0.820083
v -2.809977 0.782229 0.837492
v -2.944857 0.278441 0.795536
v -2.990047 -0.240119 0.730292
v -2.978780 0.020120 0.765168
v -2.959869 0.017281 0.819655
v -2.970675 0.018903 0.804650
v -2.981780 -0.240413 0.768750
v -2.936960 0.276336 0.835897
v -2.802358 0.778922 0.879049
v -2.880799 0.530228 0.861146
v -2.978780 0.020120 -0.765168
v -2.990047 -0.240118 -0.730292
v -2.944856 0.278441 -0.795536
v -2.809977 0.782230 -0.837493
v -2.888511 0.533070 -0.820083
v -2.880799 0.530228 -0.861146
v -2.802358 0.778923 -0.879049
v -2.936960 0.276336 -0.835898
v -2.959869 0.017281 -0.819655
v -2.981780 -0.240412 -0.768750
v -2.970675 0.018903 -0.804650
v -2.498167 1.491926 0.849627
v -2.415095 1.720634 0.849153
v -2.600924 1.260236 0.849611
v -2.709487 1.024145 0.846450
v -2.691553 1.016251 0.902850
v -2.701801 1.020762 0.888260
v -2.593068 1.256734 0.891506
v -2.479407 1.481414 0.906340
v -2.406826 1.715033 0.891002
v -2.490096 1.487829 0.891511
v -2.709487 1.024145 -0.846451
v -2.600924 1.260237 -0.849611
v -2.415095 1.720634 -0.849153
v -2.498167 1.491926 -0.849627
v -2.395799 1.707566 -0.905525
v -2.478267 1.483999 -0.906547
v -2.490096 1.487829 -0.891511
v -2.406826 1.715034 -0.891003
v -2.593068 1.256734 -0.891506
v -2.701801 1.020762 -0.888260
v -2.332453 2.348628 0.858518
v -2.340946 2.161177 0.854148
v -2.365591 1.947781 0.850843
v -2.345999 1.928078 0.907168
v -2.357195 1.939337 0.892705
v -2.321342 2.133580 0.910482
v -2.332548 2.149348 0.896078
v -2.324231 2.333675 0.900580
v -2.339944 2.624126 -0.000000
v -2.334238 2.682769 -0.000000
v -2.314970 2.727829 -0.000000
v -2.326034 2.713173 -0.000000
v -2.365591 1.947782 -0.850844
v -2.340946 2.161177 -0.854148
v -2.332453 2.348628 -0.858519
v -2.324231 2.333675 -0.900581
v -2.321342 2.133580 -0.910482
v -2.332548 2.149349 -0.896078
v -2.345999 1.928078 -0.907168
v -2.357195 1.939338 -0.892705
v -0.890102 2.749118 1.958768
v -0.487945 2.748956 2.081975
v -1.456633 2.749282 1.659908
v -1.233104 2.749237 1.795899
v -1.465489 2.730339 1.738361
v -1.237980 2.741091 1.866319
v -1.461758 2.741164 1.726000
v -1.010933 2.740981 1.981761
v -0.591248 2.729671 2.150558
v -0.589819 2.740719 2.136681
v -0.791314 2.740851 2.071992
v -1.233104 2.749237 -1.795899
v -1.456633 2.749283 -1.659908
v -1.006791 2.749168 -1.907403
v -0.519521 2.748980 -2.074920
v -0.788151 2.749087 -1.994294
v -0.791314 2.740851 -2.071992
v -0.589819 2.740719 -2.136681
v -1.010933 2.740981 -1.981761
v -1.241603 2.730229 -1.878608
v -1.465489 2.730340 -1.738361
v -1.461758 2.741165 -1.726000
v -1.237980 2.741091 -1.866319
v -0.213792 2.748850 2.116714
v -0.417146 2.740600 2.175494
v -0.266088 2.740505 2.194901
v -0.129441 2.740441 2.201370
v -0.215977 2.748836 -2.117357
v -0.266088 2.740505 -2.194900
v -0.417145 2.740601 -2.175494
v -1.261107 -2.951754 0.273890
v -1.492145 -2.831945 0.280794
v -1.028952 -3.050837 0.271488
v -0.601253 -3.184608 0.273158
v -0.805670 -3.128640 0.271830
v -0.798727 -3.111337 0.310528
v -0.802695 -3.121224 0.295554
v -0.599200 -3.176681 0.296274
v -1.019626 -3.035020 0.311379
v -1.024955 -3.044058 0.295792
v -1.478472 -2.819241 0.322410
v -1.486285 -2.826500 0.306080
v -1.256109 -2.945657 0.298723
v -0.805670 -3.128639 -0.271830
v -0.601253 -3.184607 -0.273158
v -1.028952 -3.050836 -0.271488
v -1.492145 -2.831944 -0.280793
v -1.261107 -2.951753 -0.273889
v -1.478471 -2.819240 -0.322409
v -1.256109 -2.945657 -0.298723
v -1.486285 -2.826499 -0.306080
v -1.019625 -3.035019 -0.311379
v -1.024955 -3.044057 -0.295792
v -0.798727 -3.111335 -0.310528
v -0.596462 -3.166110 -0.310586
v -0.599200 -3.176680 -0.296274
v -0.802695 -3.121222 -0.295553
v -2.112055 -2.356762 0.340383
v -2.288827 -2.164179 0.374306
v -1.919257 -2.533128 0.313710
v -1.712075 -2.691964 0.293956
v -1.696994 -2.680519 0.335889
v -1.705611 -2.687059 0.319597
v -1.912388 -2.528672 0.339727
v -2.095390 -2.347234 0.382695
v -2.271697 -2.155395 0.417154
v -2.281486 -2.160414 0.401647
v -2.104913 -2.352678 0.366926
v -1.712075 -2.691962 -0.293956
v -1.919257 -2.533128 -0.313709
v -2.288827 -2.164178 -0.374305
v -2.112055 -2.356760 -0.340382
v -2.271697 -2.155395 -0.417153
v -2.104913 -2.352678 -0.366926
v -2.281486 -2.160414 -0.401647
v -1.903228 -2.522729 -0.355795
v -1.912388 -2.528672 -0.339727
v -1.696994 -2.680519 -0.335889
v -1.705611 -2.687057 -0.319596
v -2.709167 -1.504260 0.511471
v -2.809286 -1.262899 0.560588
v -2.588384 -1.736127 0.462371
v -2.447938 -1.956700 0.415809
v -2.430364 -1.948576 0.459739
v -2.440406 -1.953218 0.444343
v -2.580674 -1.732930 0.492366
v -2.690786 -1.497565 0.558485
v -2.801253 -1.260439 0.593790
v -2.701290 -1.501390 0.543065
v -2.447938 -1.956700 -0.415809
v -2.588384 -1.736126 -0.462372
v -2.809286 -1.262899 -0.560589
v -2.709167 -1.504259 -0.511472
v -2.701289 -1.501390 -0.543065
v -2.801253 -1.260439 -0.593791
v -2.580674 -1.732930 -0.492366
v -2.440406 -1.953218 -0.444343
v -2.978426 -0.500498 0.692225
v -2.944221 -0.759060 0.651137
v -2.887739 -1.013846 0.607201
v -2.868666 -1.009343 0.657327
v -2.879565 -1.011916 0.641892
v -2.935944 -0.757772 0.687200
v -2.959020 -0.499229 0.744814
v -2.970109 -0.499954 0.729543
v -2.887739 -1.013846 -0.607201
v -2.944221 -0.759060 -0.651137
v -2.978426 -0.500498 -0.692225
v -2.970109 -0.499954 -0.729543
v -2.924908 -0.756053 -0.702571
v -2.935944 -0.757771 -0.687200
v -2.879565 -1.011916 -0.641893
v -2.838894 0.512490 -0.896209
v -2.761010 0.758592 -0.913786
v -2.894114 0.262456 -0.871390
v -2.937165 -0.244975 -0.805201
v -2.926821 0.009598 -0.840623
v -2.970757 -0.240804 -0.783896
v -2.945976 0.015196 -0.831594
v -2.956583 -0.241308 -0.796017
v -2.926432 0.273529 -0.850761
v -2.912895 0.269920 -0.862517
v -2.870518 0.526440 -0.875882
v -2.792200 0.774513 -0.893689
v -2.779140 0.768844 -0.905158
v -2.857298 0.521568 -0.887476
v -2.925299 -0.500154 -0.766417
v -2.891389 -0.754036 -0.724410
v -2.758104 -1.250285 -0.631286
v -2.835602 -1.004714 -0.679320
v -2.790543 -1.257159 -0.609245
v -2.868666 -1.009342 -0.657327
v -2.854653 -1.006034 -0.669819
v -2.776773 -1.252942 -0.621762
v -2.910718 -0.753845 -0.714980
v -2.959020 -0.499228 -0.744814
v -2.944763 -0.498296 -0.757096
v -2.659063 -1.488843 -0.580449
v -2.539473 -1.718377 -0.529589
v -2.242619 -2.142328 -0.438934
v -2.400327 -1.936876 -0.481490
v -2.430364 -1.948575 -0.459739
v -2.417453 -1.942606 -0.472101
v -2.259111 -2.148942 -0.429540
v -2.570394 -1.728668 -0.507750
v -2.557175 -1.723188 -0.520156
v -2.690786 -1.497564 -0.558486
v -2.677281 -1.492646 -0.570959
v -2.067344 -2.332722 -0.404701
v -1.876482 -2.506637 -0.378078
v -1.455925 -2.799337 -0.344794
v -1.672015 -2.662649 -0.358347
v -1.685914 -2.672110 -0.348695
v -1.468425 -2.809906 -0.335184
v -1.891451 -2.515088 -0.368489
v -2.095390 -2.347233 -0.382694
v -2.083147 -2.340234 -0.395220
v -1.230193 -2.915277 -0.336701
v -1.004128 -3.010359 -0.332541
v -0.588238 -3.137488 -0.329901
v -0.787040 -3.084466 -0.330784
v -0.793626 -3.098623 -0.322115
v -0.592943 -3.152521 -0.321640
v -1.012773 -3.023398 -0.323476
v -1.249444 -2.937530 -0.314789
v -1.240876 -2.927080 -0.327305
v -0.417033 -3.169309 -0.328363
v -0.266523 -3.185228 -0.326650
v -0.129812 -3.190542 -0.325239
v -0.130753 -3.206403 -0.317842
v -0.269885 -3.215400 -0.308888
v -0.268500 -3.201018 -0.319053
v -0.420232 -3.184855 -0.320469
v -0.787040 -3.084467 0.330784
v -0.588239 -3.137489 0.329901
v -1.004129 -3.010359 0.332541
v -1.455926 -2.799338 0.344795
v -1.230193 -2.915279 0.336702
v -1.249444 -2.937531 0.314790
v -1.240876 -2.927081 0.327306
v -1.468425 -2.809906 0.335185
v -1.012773 -3.023399 0.323477
v -0.596463 -3.166111 0.310587
v -0.592943 -3.152522 0.321640
v -0.793626 -3.098624 0.322115
v -1.672016 -2.662650 0.358348
v -1.876482 -2.506638 0.378079
v -2.242619 -2.142329 0.438934
v -2.067344 -2.332723 0.404702
v -2.083147 -2.340234 0.395221
v -2.259111 -2.148942 0.429540
v -1.903228 -2.522730 0.355795
v -1.891451 -2.515089 0.368490
v -1.685914 -2.672111 0.348695
v -2.400327 -1.936876 0.481490
v -2.539473 -1.718377 0.529589
v -2.758104 -1.250285 0.631286
v -2.659063 -1.488843 0.580449
v -2.790543 -1.257159 0.609244
v -2.677281 -1.492646 0.570958
v -2.776773 -1.252942 0.621762
v -2.570394 -1.728668 0.507750
v -2.557175 -1.723188 0.520156
v -2.417453 -1.942607 0.472101
v -2.835602 -1.004714 0.679320
v -2.891389 -0.754036 0.724410
v -2.937165 -0.244975 0.805201
v -2.925299 -0.500155 0.766417
v -2.970757 -0.240805 0.783896
v -2.944763 -0.498296 0.757096
v -2.956583 -0.241309 0.796017
v -2.924907 -0.756054 0.702570
v -2.910718 -0.753845 0.714980
v -2.854653 -1.006034 0.669818
v -2.926821 0.009598 0.840623
v -2.894114 0.262455 0.871390
v -2.761010 0.758592 0.913786
v -2.838894 0.512490 0.896209
v -2.792200 0.774513 0.893688
v -2.870518 0.526439 0.875882
v -2.857298 0.521568 0.887475
v -2.779140 0.768844 0.905158
v -2.926432 0.273529 0.850760
v -2.912895 0.269919 0.862517
v -2.945976 0.015195 0.831594
v -2.660311 0.999654 0.922829
v -2.550902 1.234495 0.925996
v -2.362377 1.680790 0.925332
v -2.446889 1.461934 0.925944
v -2.395799 1.707566 0.905525
v -2.465501 1.475341 0.917416
v -2.381623 1.697965 0.916843
v -2.569125 1.246060 0.917447
v -2.678377 1.010451 0.914255
v -1.995664 1.998573 0.957924
v -1.983024 2.046445 0.964673
v -1.812087 1.699058 0.954831
v -1.788488 1.730528 0.961686
v -1.758300 1.770157 0.980375
v -1.965861 2.106036 0.983179
v -1.973872 2.080858 0.972925
v -1.771589 1.753141 0.970034
v -2.311471 1.889883 0.926818
v -2.285866 2.081912 0.929963
v -2.277253 2.249576 0.934327
v -2.313231 2.313751 0.914958
v -2.299047 2.288150 0.926066
v -2.306922 2.113309 0.921642
v -2.331605 1.913600 0.918409
v -1.239835 2.690997 1.893206
v -1.462459 2.690053 1.753013
v -1.012530 2.691808 2.009968
v -0.589373 2.692843 2.168885
v -0.791918 2.692437 2.102220
v -0.793549 2.729870 2.085270
v -0.794158 2.715751 2.095358
v -0.591399 2.715467 2.161231
v -1.013978 2.730065 1.994433
v -1.015062 2.716029 2.003928
v -1.241603 2.730229 1.878607
v -1.466740 2.716422 1.747567
v -1.242970 2.716265 1.887734
v -0.416269 2.692983 2.208883
v -0.265246 2.692955 2.228882
v -0.129649 2.729255 2.215845
v -0.266563 2.729351 2.209317
v -0.266414 2.715009 2.220517
v -0.418008 2.729494 2.189731
v -0.417924 2.715214 2.200755
v -0.791918 2.692437 -2.102220
v -0.589373 2.692844 -2.168884
v -1.012530 2.691807 -2.009968
v -1.462459 2.690053 -1.753014
v -1.239835 2.690998 -1.893206
v -1.242970 2.716265 -1.887734
v -1.466740 2.716422 -1.747567
v -1.013979 2.730065 -1.994432
v -1.015062 2.716029 -2.003928
v -0.793549 2.729870 -2.085271
v -0.591248 2.729671 -2.150558
v -0.591399 2.715467 -2.161231
v -0.794158 2.715751 -2.095358
v -1.905940 2.161422 -1.067448
v -1.939063 2.143838 -1.020818
v -1.700375 1.820128 -1.062482
v -1.727987 1.800416 -1.017567
v -1.758299 1.770157 -0.980376
v -1.965861 2.106036 -0.983179
v -1.956647 2.126203 -0.995936
v -1.745530 1.784837 -0.993209
v -1.669029 2.689016 -1.590469
v -1.852900 2.687229 -1.422446
v -2.007432 2.684036 -1.265819
v -2.020530 2.727878 -1.244755
v -2.018515 2.713636 -1.256983
v -1.862101 2.729741 -1.403863
v -1.861479 2.715750 -1.414943
v -1.675232 2.716465 -1.584221
v -2.446889 1.461934 -0.925944
v -2.362377 1.680790 -0.925332
v -2.550903 1.234495 -0.925996
v -2.660311 0.999654 -0.922829
v -2.691553 1.016251 -0.902850
v -2.678377 1.010452 -0.914255
v -2.569125 1.246061 -0.917448
v -2.381623 1.697965 -0.916844
v -2.465501 1.475342 -0.917417
v -1.570235 1.591418 -0.625977
v -1.574548 1.584691 -0.338461
v -1.575769 1.586759 0.621700
v -1.553390 1.602449 0.345691
v -0.425691 -3.218188 0.273713
v -0.271771 -3.234976 0.273764
v -0.133677 -3.232055 0.295155
v -0.269885 -3.215401 0.308888
v -0.270963 -3.226587 0.295736
v -0.422544 -3.198973 0.309903
v -0.424342 -3.209953 0.296220
v -0.132279 -3.240570 -0.273579
v 0.132548 -3.240563 -0.273564
v -0.271771 -3.234975 -0.273763
v -0.425691 -3.218187 -0.273712
v -0.422544 -3.198972 -0.309903
v -0.424342 -3.209952 -0.296220
v -0.270963 -3.226586 -0.295736
v -0.131399 -3.220874 -0.307952
v -0.131902 -3.232129 -0.295170
v -0.266523 -3.185229 0.326650
v -0.417033 -3.169310 0.328363
v -0.420232 -3.184856 0.320469
v -0.268500 -3.201019 0.319053
v -0.128943 2.692858 -2.235549
v -0.265246 2.692954 -2.228882
v -0.416269 2.692983 -2.208883
v -0.418008 2.729494 -2.189730
v -0.417924 2.715214 -2.200755
v -0.266563 2.729350 -2.209317
v -0.266414 2.715009 -2.220517
v -0.129649 2.729254 -2.215845
v -0.129546 2.714872 -2.227105
v -2.222041 2.753891 -0.000000
v -2.273079 2.747781 -0.000001
v -2.300687 2.739230 -0.000000
v -1.666919 2.749295 1.499555
v -1.856409 2.748794 1.332446
v -2.017546 2.747296 1.176190
v -2.019889 2.738968 1.229346
v -1.862100 2.729742 1.403862
v -1.860063 2.740627 1.389619
v -1.671569 2.741184 1.561135
v -2.017547 2.747296 -1.176191
v -1.856409 2.748793 -1.332447
v -1.666919 2.749295 -1.499555
v -1.674704 2.730370 -1.574255
v -1.671569 2.741184 -1.561135
v -1.860063 2.740627 -1.389620
v -2.019890 2.738968 -1.229347
v -1.905940 2.161422 1.067447
v -1.700375 1.820127 1.062481
v -1.939063 2.143838 1.020817
v -1.727987 1.800416 1.017566
v -1.956647 2.126203 0.995935
v -1.745531 1.784838 0.993208
v -2.007432 2.684036 1.265818
v -1.852900 2.687229 1.422445
v -1.669029 2.689016 1.590469
v -1.674704 2.730369 1.574255
v -1.675232 2.716465 1.584220
v -1.861479 2.715750 1.414942
v -2.020530 2.727878 1.244754
v -2.018515 2.713637 1.256982
v -1.995662 1.998571 -0.957925
v -1.812085 1.699055 -0.954832
v -1.983023 2.046443 -0.964673
v -1.788486 1.730525 -0.961687
v -1.973871 2.080857 -0.972925
v -1.771588 1.753139 -0.970035
v -2.277253 2.249576 -0.934328
v -2.285866 2.081912 -0.929963
v -2.311471 1.889883 -0.926818
v -2.331605 1.913601 -0.918410
v -2.306922 2.113309 -0.921642
v -2.313231 2.313752 -0.914958
v -2.299047 2.288151 -0.926066
v 2.515326 0.249292 -0.893438
v 2.445454 0.470472 -0.912105
v 2.566262 0.022126 -0.867206
v 2.608891 -0.441299 -0.797882
v 2.597653 -0.208810 -0.834868
v 2.578556 -0.214498 -0.827021
v 2.589502 -0.445028 -0.790201
v 2.534219 0.010638 -0.848433
v 2.547624 0.014446 -0.859192
v 2.484341 0.234333 -0.874340
v 2.415553 0.452431 -0.892753
v 2.427994 0.459118 -0.903822
v 2.497254 0.239689 -0.885274
v 2.599366 -0.673122 -0.757706
v 2.569582 -0.902478 -0.714599
v 2.451234 -1.346568 -0.620625
v 2.520037 -1.127561 -0.668820
v 2.500969 -1.126347 -0.661474
v 2.432530 -1.344103 -0.613289
v 2.550250 -0.902731 -0.707184
v 2.579913 -0.675032 -0.750174
v 2.363672 -1.557696 -0.570274
v 2.258221 -1.759846 -0.520381
v 1.997126 -2.132824 -0.432435
v 2.135750 -1.951922 -0.473563
v 1.967650 -2.121210 -0.413538
v 2.118474 -1.946831 -0.465801
v 1.980427 -2.126966 -0.424376
v 2.240417 -1.755523 -0.512838
v 2.345390 -1.554222 -0.562873
v 1.843218 -2.301457 -0.399613
v 1.675007 -2.456725 -0.374348
v 1.299606 -2.722795 -0.343494
v 1.493476 -2.597536 -0.355891
v 1.275549 -2.704534 -0.321686
v 1.467468 -2.581252 -0.334522
v 1.479042 -2.588899 -0.346743
v 1.286320 -2.713081 -0.334151
v 1.647544 -2.442206 -0.353720
v 1.659665 -2.449092 -0.365525
v 1.814647 -2.288493 -0.379863
v 1.827142 -2.294749 -0.391177
v 1.094377 -2.831412 -0.336408
v 0.887663 -2.922402 -0.333058
v 0.509271 -3.047575 -0.331264
v 0.689337 -2.994784 -0.331868
v 0.497402 -3.020965 -0.311331
v 0.680943 -2.981702 -0.322974
v 0.502671 -3.033589 -0.322717
v 0.877493 -2.910386 -0.323886
v 1.072915 -2.810956 -0.314626
v 1.082545 -2.820544 -0.327072
v 0.357337 -3.079795 -0.329670
v 0.226503 -3.096415 -0.327720
v 0.000000 -3.102750 -0.325274
v 0.109735 -3.102410 -0.326044
v 0.108133 -3.087057 -0.318458
v 0.000000 -3.087321 -0.317792
v 0.220744 -3.067569 -0.309442
v 0.223280 -3.081315 -0.319885
v 0.348589 -3.051850 -0.310604
v 0.352455 -3.065143 -0.321496
v 0.689337 -2.994784 0.331868
v 0.509270 -3.047575 0.331264
v 0.887663 -2.922400 0.333058
v 1.299605 -2.722795 0.343495
v 1.094377 -2.831412 0.336408
v 1.275549 -2.704533 0.321687
v 1.072915 -2.810955 0.314626
v 1.082545 -2.820543 0.327073
v 1.286320 -2.713080 0.334152
v 0.877493 -2.910385 0.323887
v 0.502671 -3.033588 0.322718
v 0.680943 -2.981701 0.322975
v 1.493476 -2.597536 0.355892
v 1.675007 -2.456725 0.374349
v 1.997125 -2.132824 0.432436
v 1.843217 -2.301457 0.399614
v 1.827142 -2.294749 0.391177
v 1.980427 -2.126966 0.424377
v 1.659665 -2.449090 0.365526
v 1.467468 -2.581251 0.334523
v 1.479042 -2.588898 0.346743
v 2.135749 -1.951922 0.473563
v 2.258221 -1.759847 0.520381
v 2.451234 -1.346568 0.620625
v 2.363672 -1.557696 0.570273
v 2.331827 -1.549607 0.552825
v 2.345390 -1.554222 0.562872
v 2.432530 -1.344104 0.613289
v 2.227104 -1.750494 0.502627
v 2.240416 -1.755524 0.512838
v 2.105424 -1.941453 0.455329
v 2.118473 -1.946831 0.465802
v 2.520037 -1.127561 0.668819
v 2.569582 -0.902478 0.714599
v 2.608890 -0.441299 0.797882
v 2.599366 -0.673123 0.757706
v 2.575356 -0.445592 0.779825
v 2.565666 -0.674147 0.739969
v 2.579913 -0.675032 0.750173
v 2.589502 -0.445029 0.790200
v 2.550250 -0.902731 0.707184
v 2.500969 -1.126348 0.661474
v 2.597653 -0.208811 0.834868
v 2.566262 0.022125 0.867206
v 2.445454 0.470471 0.912105
v 2.515326 0.249292 0.893438
v 2.415553 0.452430 0.892753
v 2.484341 0.234333 0.874340
v 2.497254 0.239689 0.885273
v 2.427994 0.459117 0.903822
v 2.534220 0.010638 0.848433
v 2.547624 0.014446 0.859192
v 2.578556 -0.214498 0.827021
v 2.357254 0.683447 0.921749
v 2.257828 0.881838 0.925160
v 2.053716 1.209338 0.924448
v 2.154281 1.059262 0.925130
v 2.026870 1.182883 0.904869
v 2.126905 1.034774 0.905542
v 2.138320 1.043733 0.916735
v 2.037926 1.192301 0.916056
v 2.241489 0.867664 0.916775
v 2.328329 0.662941 0.902249
v 2.340393 0.670617 0.913396
v 1.963235 1.325685 0.925905
v 1.883907 1.413618 0.929105
v 1.762979 1.525511 0.939142
v 1.816800 1.478454 0.933650
v 1.800053 1.455951 0.925320
v 1.745559 1.501573 0.930898
v 1.867684 1.392883 0.920732
v 1.936730 1.296978 0.906332
v 1.947344 1.306842 0.917517
v 1.043726 1.987904 1.823623
v 1.208020 1.916821 1.677362
v 0.860120 2.057323 1.955706
v 0.497183 2.167673 2.151329
v 0.672754 2.119203 2.067110
v 0.490787 2.130847 2.130743
v 0.667912 2.095889 2.057506
v 0.493220 2.145050 2.142305
v 0.850881 2.019281 1.933402
v 0.854248 2.033198 1.945525
v 1.198791 1.891432 1.666967
v 1.036462 1.963029 1.813099
v 0.348959 2.196860 2.201861
v 0.221245 2.211552 2.227127
v 0.107367 2.216556 2.235544
v 0.106207 2.180134 2.215815
v 0.106562 2.194530 2.227090
v 0.219203 2.189497 2.218625
v 0.344025 2.160349 2.181804
v 0.345934 2.174629 2.193185
v 0.672754 2.119202 -2.067110
v 0.497183 2.167672 -2.151329
v 0.860119 2.057321 -1.955706
v 1.208020 1.916821 -1.677362
v 1.043726 1.987903 -1.823623
v 1.193469 1.878699 -1.655149
v 1.036462 1.963029 -1.813099
v 1.198791 1.891432 -1.666967
v 0.850881 2.019281 -1.933402
v 0.854248 2.033197 -1.945525
v 0.665052 2.081769 -2.045640
v 0.490787 2.130844 -2.130742
v 0.493220 2.145048 -2.142305
v 0.667912 2.095888 -2.057506
v 1.337450 1.849948 -1.523429
v 1.436717 1.789332 -1.372995
v 1.563574 1.695066 -1.127312
v 1.510524 1.737022 -1.237232
v 1.481482 1.703102 -1.221410
v 1.492585 1.711956 -1.230090
v 1.543372 1.670209 -1.121079
v 1.421677 1.764004 -1.364629
v 1.325470 1.824460 -1.513866
v 2.154282 1.059263 -0.925130
v 2.053716 1.209339 -0.924448
v 2.257829 0.881839 -0.925160
v 2.357254 0.683448 -0.921749
v 2.328329 0.662941 -0.902249
v 2.340393 0.670618 -0.913397
v 2.229753 0.859258 -0.905591
v 2.241489 0.867664 -0.916775
v 2.026870 1.182884 -0.904869
v 2.037926 1.192302 -0.916057
v 2.138320 1.043734 -0.916736
v 2.082225 -1.931891 -0.362980
v 1.944936 -2.110977 -0.325554
v 2.203438 -1.741553 -0.404913
v 2.087662 -1.934132 -0.413971
v 1.950260 -2.113375 -0.372799
v 2.208985 -1.743649 -0.460237
v 2.394189 -1.332882 -0.493417
v 2.307714 -1.541403 -0.449132
v 2.399940 -1.334565 -0.558117
v 2.313365 -1.543326 -0.509113
v 2.418727 -1.340064 -0.603314
v 2.331827 -1.549607 -0.552825
v 2.321278 -1.546018 -0.539292
v 2.407992 -1.336922 -0.589837
v 2.227104 -1.750494 -0.502627
v 2.216750 -1.746583 -0.488951
v 2.105424 -1.941453 -0.455329
v 1.957713 -2.116733 -0.399237
v 2.095274 -1.937269 -0.441403
v 2.307714 -1.541403 0.449132
v 2.394189 -1.332882 0.493417
v 2.203438 -1.741553 0.404913
v 2.313365 -1.543326 0.509113
v 2.399940 -1.334565 0.558117
v 2.208985 -1.743649 0.460237
v 1.944936 -2.110977 0.325555
v 2.082225 -1.931891 0.362980
v 1.950260 -2.113375 0.372800
v 2.087662 -1.934132 0.413971
v 1.967650 -2.121210 0.413538
v 2.095274 -1.937269 0.441403
v 1.957713 -2.116733 0.399237
v 2.216751 -1.746582 0.488951
v 2.418727 -1.340064 0.603314
v 2.407992 -1.336922 0.589837
v 2.321278 -1.546018 0.539291
v 1.446892 -2.567657 -0.252780
v 1.256400 -2.689341 -0.240973
v 1.625995 -2.429964 -0.270669
v 1.451715 -2.570843 -0.293387
v 1.260888 -2.692902 -0.280491
v 1.631046 -2.432834 -0.312844
v 1.792435 -2.277369 -0.294855
v 1.797641 -2.279977 -0.339203
v 1.804929 -2.283626 -0.365039
v 1.638116 -2.436850 -0.338344
v 1.267172 -2.697887 -0.305597
v 1.458466 -2.575304 -0.318686
v 1.792435 -2.277369 0.294856
v 1.625995 -2.429964 0.270669
v 1.797641 -2.279976 0.339203
v 1.631046 -2.432832 0.312845
v 1.256400 -2.689340 0.240974
v 1.446892 -2.567656 0.252780
v 1.260888 -2.692901 0.280492
v 1.451715 -2.570843 0.293387
v 1.458466 -2.575303 0.318686
v 1.267171 -2.697886 0.305598
v 1.647543 -2.442204 0.353720
v 1.638116 -2.436850 0.338344
v 1.814647 -2.288493 0.379864
v 1.804929 -2.283626 0.365039
v 0.662138 -2.949144 -0.234127
v 0.488036 -2.998522 -0.235839
v 0.854549 -2.880726 -0.233306
v 0.664959 -2.954028 -0.272069
v 0.490231 -3.003782 -0.273444
v 0.857991 -2.885175 -0.271604
v 1.055794 -2.793911 -0.235035
v 1.059807 -2.797906 -0.273821
v 1.065425 -2.803499 -0.298614
v 0.869233 -2.899708 -0.311665
v 0.862809 -2.891402 -0.295981
v 0.674173 -2.969980 -0.311126
v 0.493304 -3.011146 -0.296757
v 0.668908 -2.960864 -0.295947
v 1.055794 -2.793911 0.235036
v 0.854549 -2.880726 0.233306
v 1.059807 -2.797904 0.273822
v 0.857991 -2.885174 0.271605
v 0.488036 -2.998522 0.235839
v 0.662138 -2.949143 0.234127
v 0.490231 -3.003782 0.273444
v 0.664959 -2.954027 0.272070
v 0.497402 -3.020965 0.311331
v 0.674173 -2.969980 0.311126
v 0.668908 -2.960864 0.295947
v 0.493304 -3.011146 0.296758
v 0.869233 -2.899707 0.311665
v 0.862809 -2.891402 0.295981
v 1.065425 -2.803498 0.298614
v 0.104644 -3.048164 -0.237240
v -0.104146 -3.048206 -0.237404
v 0.216235 -3.043133 -0.237177
v 0.105168 -3.053998 -0.273648
v -0.103619 -3.054085 -0.273726
v 0.217291 -3.048861 -0.273920
v 0.341716 -3.028220 -0.236783
v 0.343327 -3.033758 -0.273957
v 0.345582 -3.041512 -0.296660
v 0.218771 -3.056879 -0.296065
v 0.106877 -3.073056 -0.308346
v -0.094323 -3.073493 -0.308247
v 0.105900 -3.062165 -0.295380
v 0.341716 -3.028219 0.236783
v 0.216235 -3.043133 0.237177
v 0.343327 -3.033758 0.273957
v 0.217291 -3.048861 0.273921
v 0.104146 -3.048206 0.237405
v 0.094318 -3.073493 0.308247
v 0.100947 -3.062353 0.295355
v 0.220744 -3.067569 0.309442
v 0.218771 -3.056879 0.296065
v 0.348589 -3.051850 0.310604
v 0.345582 -3.041512 0.296660
v 1.024030 1.926362 -1.538570
v 1.181600 1.858084 -1.412245
v 0.844654 1.994742 -1.654174
v 1.026142 1.931655 -1.715829
v 1.184798 1.862567 -1.575540
v 0.846155 2.000458 -1.843958
v 0.486461 2.105593 -1.827558
v 0.659967 2.056669 -1.752642
v 0.487475 2.111512 -2.035769
v 0.661159 2.062552 -1.952935
v 0.662827 2.070788 -2.030692
v 0.488894 2.119797 -2.116030
v 0.848207 2.008503 -1.918290
v 1.032333 1.949538 -1.800937
v 1.188780 1.869258 -1.640590
v 1.028902 1.939230 -1.785899
v 0.659967 2.056670 1.752641
v 0.486461 2.105594 1.827558
v 0.844654 1.994742 1.654174
v 0.661159 2.062553 1.952935
v 0.487475 2.111513 2.035769
v 0.846155 2.000458 1.843958
v 1.181600 1.858085 1.412244
v 1.024030 1.926363 1.538570
v 1.184798 1.862567 1.575539
v 1.026142 1.931655 1.715829
v 1.193469 1.878699 1.655149
v 1.032333 1.949538 1.800937
v 1.028902 1.939230 1.785899
v 1.188780 1.869258 1.640590
v 0.848207 2.008503 1.918290
v 0.665052 2.081770 2.045640
v 0.488894 2.119798 2.116031
v 0.662827 2.070789 2.030692
v 1.451465 1.695986 -1.041159
v 1.388582 1.742192 -1.155107
v 1.460276 1.696164 -1.161987
v 1.531807 1.636486 -1.004194
v 1.395507 1.743818 -1.289036
v 1.300872 1.796459 -1.281613
v 1.305801 1.799620 -1.430081
v 1.318349 1.812924 -1.502946
v 1.311709 1.804876 -1.489438
v 1.412508 1.753847 -1.354857
v 1.403634 1.747411 -1.342639
v 1.530804 1.662323 -1.113134
v 1.518240 1.658531 -1.102887
v 1.470496 1.698187 -1.210390
v 1.300873 1.796460 1.281612
v 1.388582 1.742192 1.155106
v 1.305801 1.799620 1.430080
v 1.395507 1.743818 1.289035
v 1.453225 1.694769 1.041370
v 1.528843 1.638953 1.010083
v 1.460276 1.696164 1.161986
v 1.470496 1.698187 1.210389
v 1.518240 1.658530 1.102886
v 1.412508 1.753847 1.354856
v 1.403634 1.747411 1.342638
v 1.318349 1.812925 1.502945
v 1.311709 1.804877 1.489438
v 2.306882 0.649295 -0.753243
v 2.393434 0.440543 -0.745051
v 2.208838 0.844355 -0.756115
v 2.311908 0.652493 -0.846200
v 2.398618 0.443329 -0.837103
v 2.213748 0.847841 -0.849392
v 2.006722 1.166556 -0.755496
v 2.106414 1.019013 -0.756066
v 2.011530 1.170311 -0.848701
v 2.111251 1.022678 -0.849339
v 2.126905 1.034775 -0.905543
v 2.117982 1.027844 -0.891121
v 2.018159 1.175654 -0.890454
v 2.220613 0.852730 -0.891174
v 2.405876 0.447230 -0.878426
v 2.318946 0.656971 -0.887860
v 2.106414 1.019012 0.756066
v 2.006722 1.166555 0.755495
v 2.208838 0.844355 0.756114
v 2.111251 1.022678 0.849339
v 2.011530 1.170311 0.848700
v 2.213748 0.847841 0.849392
v 2.393434 0.440543 0.745050
v 2.306882 0.649295 0.753242
v 2.398618 0.443329 0.837102
v 2.311908 0.652493 0.846200
v 2.318946 0.656971 0.887859
v 2.405876 0.447230 0.878425
v 2.229753 0.859258 0.905590
v 2.220613 0.852729 0.891174
v 2.018158 1.175653 0.890454
v 2.117982 1.027844 0.891121
v 2.540111 -0.220522 -0.679034
v 2.550207 -0.446592 -0.647268
v 2.510389 0.003868 -0.706731
v 2.545877 -0.219619 -0.763834
v 2.556101 -0.446357 -0.728596
v 2.515975 0.005455 -0.794567
v 2.461384 0.224812 -0.729142
v 2.466764 0.227044 -0.819441
v 2.474297 0.230168 -0.860118
v 2.523794 0.007676 -0.834346
v 2.564715 -0.216666 -0.816454
v 2.575356 -0.445591 -0.779825
v 2.564353 -0.446029 -0.766036
v 2.553951 -0.218353 -0.802516
v 2.461384 0.224812 0.729141
v 2.510389 0.003868 0.706730
v 2.466764 0.227043 0.819440
v 2.515975 0.005454 0.794566
v 2.550207 -0.446592 0.647268
v 2.540111 -0.220523 0.679034
v 2.556101 -0.446357 0.728596
v 2.545877 -0.219619 0.763834
v 2.564715 -0.216667 0.816454
v 2.553951 -0.218354 0.802516
v 2.564353 -0.446029 0.766035
v 2.523794 0.007676 0.834346
v 2.474297 0.230167 0.860118
v 2.462002 -1.117429 -0.535548
v 2.510827 -0.896756 -0.575350
v 2.467847 -1.118767 -0.604768
v 2.516740 -0.897652 -0.648863
v 2.540337 -0.672573 -0.612648
v 2.546273 -0.672942 -0.690206
v 2.565666 -0.674147 -0.739969
v 2.554585 -0.673458 -0.726313
v 2.536057 -0.900580 -0.697114
v 2.525019 -0.898907 -0.683562
v 2.486941 -1.123137 -0.651486
v 2.476030 -1.120640 -0.637999
v 2.540337 -0.672573 0.612648
v 2.510827 -0.896756 0.575350
v 2.546273 -0.672942 0.690206
v 2.516740 -0.897652 0.648863
v 2.462002 -1.117429 0.535548
v 2.467847 -1.118767 0.604767
v 2.486941 -1.123137 0.651486
v 2.476030 -1.120640 0.637998
v 2.536057 -0.900580 0.697114
v 2.525019 -0.898907 0.683562
v 2.554585 -0.673459 0.726313
v 0.109735 -3.102409 0.326044
v 0.000000 -3.102750 0.325274
v 0.226503 -3.096415 0.327720
v 0.357337 -3.079795 0.329671
v 0.352454 -3.065142 0.321496
v 0.223280 -3.081315 0.319885
v 0.000000 -3.087320 0.317792
v 0.108133 -3.087057 0.318459
v 0.107204 2.216534 -2.235549
v -0.107366 2.216554 -2.235545
v 0.221245 2.211550 -2.227127
v 0.348959 2.196859 -2.201861
v 0.344024 2.160348 -2.181804
v 0.345934 2.174628 -2.193185
v 0.219203 2.189495 -2.218625
v -0.106204 2.180131 -2.215814
v -0.106559 2.194528 -2.227089
v 0.106176 2.194520 -2.227104
v 0.340630 2.134962 -1.872507
v 0.215556 2.149659 -1.894982
v 0.341426 2.140912 -2.085469
v 0.216103 2.155634 -2.110320
v 0.104213 2.154577 -1.902616
v 0.104402 2.160574 -2.118665
v 0.105507 2.180138 -2.215845
v 0.104633 2.168970 -2.201388
v 0.217890 2.175154 -2.207335
v 0.216869 2.164000 -2.192835
v 0.342540 2.149242 -2.167234
v 0.104318 2.154570 1.902474
v -0.104214 2.154578 1.902617
v 0.215556 2.149660 1.894983
v 0.104597 2.160563 2.118604
v -0.104396 2.160576 2.118665
v 0.216103 2.155635 2.110320
v 0.340630 2.134962 1.872508
v 0.341426 2.140913 2.085470
v 0.342540 2.149243 2.167234
v 0.217890 2.175156 2.207335
v 0.216869 2.164001 2.192836
v -0.104638 2.168972 2.201388
v 0.104987 2.168953 2.201370
v 1.510524 1.737022 1.237231
v 1.563574 1.695066 1.127311
v 1.436717 1.789332 1.372995
v 1.337450 1.849948 1.523429
v 1.325470 1.824461 1.513866
v 1.421677 1.764004 1.364629
v 1.481482 1.703102 1.221409
v 1.530805 1.662323 1.113133
v 1.543372 1.670209 1.121079
v 1.492586 1.711956 1.230089
v 1.816801 1.478458 -0.933650
v 1.762981 1.525514 -0.939143
v 1.883909 1.413620 -0.929106
v 1.963236 1.325686 -0.925906
v 1.936731 1.296980 -0.906332
v 1.947345 1.306843 -0.917517
v 1.857488 1.382654 -0.909569
v 1.867685 1.392885 -0.920733
v 1.790146 1.445499 -0.914215
v 1.745560 1.501576 -0.930899
v 1.800054 1.455954 -0.925321
v 1.916873 1.280273 -0.756802
v 1.837669 1.365884 -0.759723
v 1.921698 1.284045 -0.850137
v 1.842607 1.369569 -0.853338
v 1.630016 1.546451 -0.782789
v 1.769913 1.429108 -0.763997
v 1.670224 1.520528 -0.871101
v 1.775108 1.432570 -0.857999
v 1.735706 1.491107 -0.919906
v 1.781841 1.437869 -0.899922
v 1.700524 1.506034 -0.909342
v 1.849171 1.375020 -0.895196
v 1.928249 1.289497 -0.891926
v 1.769913 1.429108 0.763996
v 1.837669 1.365883 0.759722
v 1.775107 1.432569 0.857998
v 1.687980 1.505652 0.868404
v 1.842606 1.369568 0.853338
v 1.916873 1.280272 0.756801
v 1.921697 1.284045 0.850136
v 1.928249 1.289496 0.891925
v 1.857487 1.382652 0.909568
v 1.849170 1.375019 0.895195
v 1.790145 1.445497 0.914214
v 1.735705 1.491105 0.919905
v 1.695914 1.509938 0.910228
v 1.781840 1.437867 0.899922
v -2.597653 -0.208810 -0.834868
v -2.608890 -0.441299 -0.797882
v -2.566262 0.022126 -0.867206
v -2.445454 0.470472 -0.912105
v -2.515326 0.249292 -0.893438
v -2.497254 0.239689 -0.885274
v -2.427994 0.459118 -0.903822
v -2.547624 0.014446 -0.859192
v -2.589501 -0.445028 -0.790201
v -2.578556 -0.214498 -0.827021
v -2.520037 -1.127561 -0.668820
v -2.451234 -1.346568 -0.620625
v -2.569582 -0.902478 -0.714599
v -2.599366 -0.673122 -0.757706
v -2.565666 -0.674147 -0.739969
v -2.579913 -0.675032 -0.750174
v -2.536057 -0.900580 -0.697113
v -2.550250 -0.902731 -0.707183
v -2.432530 -1.344103 -0.613289
v -2.500969 -1.126347 -0.661474
v -2.135750 -1.951922 -0.473563
v -1.997126 -2.132824 -0.432435
v -2.258221 -1.759846 -0.520381
v -2.363672 -1.557696 -0.570274
v -2.345390 -1.554222 -0.562873
v -2.240417 -1.755523 -0.512838
v -2.105424 -1.941453 -0.455329
v -1.967650 -2.121210 -0.413538
v -1.980427 -2.126966 -0.424376
v -2.118474 -1.946831 -0.465801
v -1.493476 -2.597536 -0.355891
v -1.299606 -2.722795 -0.343494
v -1.675007 -2.456725 -0.374348
v -1.843218 -2.301455 -0.399613
v -1.814647 -2.288493 -0.379863
v -1.827142 -2.294749 -0.391177
v -1.659665 -2.449092 -0.365525
v -1.286320 -2.713080 -0.334151
v -1.479043 -2.588899 -0.346743
v -0.689337 -2.994784 -0.331868
v -0.509270 -3.047575 -0.331264
v -0.887663 -2.922402 -0.333058
v -1.094377 -2.831412 -0.336408
v -1.072915 -2.810956 -0.314626
v -1.082545 -2.820544 -0.327072
v -0.869233 -2.899708 -0.311665
v -0.877493 -2.910386 -0.323886
v -0.674173 -2.969980 -0.311126
v -0.497402 -3.020965 -0.311331
v -0.502671 -3.033589 -0.322717
v -0.680943 -2.981702 -0.322974
v -0.109735 -3.102410 -0.326044
v -0.226503 -3.096415 -0.327720
v -0.357337 -3.079795 -0.329670
v -0.352455 -3.065143 -0.321496
v -0.223280 -3.081315 -0.319885
v -0.108133 -3.087057 -0.318458
v -1.094377 -2.831412 0.336409
v -1.299605 -2.722795 0.343495
v -0.887663 -2.922402 0.333058
v -0.509270 -3.047575 0.331264
v -0.689337 -2.994783 0.331868
v -0.680943 -2.981701 0.322975
v -0.502671 -3.033588 0.322718
v -0.877493 -2.910385 0.323887
v -1.275549 -2.704533 0.321687
v -1.286320 -2.713080 0.334152
v -1.082545 -2.820543 0.327073
v -1.843217 -2.301457 0.399614
v -1.997125 -2.132824 0.432436
v -1.675007 -2.456725 0.374349
v -1.493476 -2.597536 0.355892
v -1.467468 -2.581251 0.334523
v -1.479042 -2.588899 0.346743
v -1.659665 -2.449092 0.365526
v -1.814647 -2.288493 0.379864
v -1.980427 -2.126966 0.424377
v -1.827142 -2.294749 0.391177
v -2.363672 -1.557696 0.570273
v -2.451234 -1.346569 0.620625
v -2.258221 -1.759846 0.520382
v -2.135749 -1.951922 0.473564
v -2.105424 -1.941453 0.455329
v -2.118473 -1.946831 0.465802
v -2.227104 -1.750494 0.502627
v -2.240416 -1.755524 0.512838
v -2.418727 -1.340064 0.603314
v -2.432530 -1.344104 0.613289
v -2.345390 -1.554222 0.562872
v -2.599366 -0.673123 0.757706
v -2.608890 -0.441299 0.797882
v -2.569582 -0.902478 0.714599
v -2.520037 -1.127561 0.668819
v -2.500969 -1.126348 0.661474
v -2.536057 -0.900580 0.697114
v -2.550250 -0.902731 0.707183
v -2.575356 -0.445592 0.779825
v -2.589502 -0.445029 0.790201
v -2.579913 -0.675033 0.750173
v -2.515326 0.249292 0.893438
v -2.445454 0.470471 0.912105
v -2.566262 0.022125 0.867206
v -2.597653 -0.208811 0.834868
v -2.564715 -0.216667 0.816454
v -2.578556 -0.214498 0.827021
v -2.547624 0.014446 0.859192
v -2.484341 0.234333 0.874340
v -2.427994 0.459117 0.903822
v -2.497254 0.239689 0.885273
v -2.154282 1.059263 0.925129
v -2.053716 1.209339 0.924448
v -2.257829 0.881838 0.925160
v -2.357254 0.683447 0.921749
v -2.340393 0.670617 0.913396
v -2.241489 0.867664 0.916775
v -2.126905 1.034774 0.905543
v -2.026870 1.182884 0.904869
v -2.037926 1.192301 0.916056
v -2.138320 1.043734 0.916735
v -1.816801 1.478457 0.933650
v -1.762981 1.525514 0.939142
v -1.883909 1.413620 0.929105
v -1.963236 1.325686 0.925905
v -1.936731 1.296979 0.906332
v -1.947345 1.306843 0.917517
v -1.857488 1.382653 0.909568
v -1.867685 1.392885 0.920732
v -1.790146 1.445498 0.914214
v -1.745560 1.501576 0.930898
v -1.800054 1.455953 0.925320
v -0.672754 2.119203 2.067110
v -0.497183 2.167673 2.151330
v -0.860119 2.057323 1.955706
v -1.208020 1.916821 1.677362
v -1.043726 1.987904 1.823623
v -1.032333 1.949538 1.800937
v -1.036462 1.963029 1.813099
v -1.198791 1.891432 1.666967
v -0.850881 2.019281 1.933402
v -0.854248 2.033198 1.945525
v -0.493220 2.145050 2.142305
v -0.667912 2.095889 2.057506
v -0.107204 2.216536 2.235549
v -0.221245 2.211552 2.227127
v -0.348959 2.196860 2.201861
v -0.345934 2.174629 2.193185
v -0.219203 2.189497 2.218625
v -0.105507 2.180140 2.215846
v -0.106176 2.194522 2.227105
v -1.043726 1.987903 -1.823623
v -1.208020 1.916821 -1.677362
v -0.860120 2.057321 -1.955706
v -0.497183 2.167672 -2.151329
v -0.672754 2.119202 -2.067110
v -0.665052 2.081769 -2.045640
v -0.667912 2.095888 -2.057506
v -0.493220 2.145049 -2.142305
v -0.854248 2.033197 -1.945525
v -1.032333 1.949538 -1.800936
v -1.198791 1.891432 -1.666967
v -1.036462 1.963029 -1.813099
v -1.510524 1.737022 -1.237232
v -1.563574 1.695066 -1.127312
v -1.436717 1.789332 -1.372995
v -1.337450 1.849948 -1.523429
v -1.318349 1.812924 -1.502946
v -1.325470 1.824460 -1.513866
v -1.421677 1.764004 -1.364629
v -1.481482 1.703102 -1.221410
v -1.530805 1.662323 -1.113134
v -1.543372 1.670209 -1.121079
v -1.492586 1.711956 -1.230090
v -2.357254 0.683448 -0.921749
v -2.257828 0.881839 -0.925160
v -2.053716 1.209339 -0.924448
v -2.154281 1.059263 -0.925130
v -2.126905 1.034775 -0.905543
v -2.138320 1.043734 -0.916736
v -2.037926 1.192301 -0.916057
v -2.229753 0.859258 -0.905591
v -2.241489 0.867664 -0.916775
v -2.340393 0.670618 -0.913397
v -2.082225 -1.931891 0.362980
v -1.944936 -2.110977 0.325555
v -2.203438 -1.741553 0.404913
v -2.087662 -1.934132 0.413971
v -1.950260 -2.113375 0.372800
v -2.208985 -1.743649 0.460237
v -2.394189 -1.332882 0.493417
v -2.307714 -1.541403 0.449132
v -2.399940 -1.334565 0.558117
v -2.313365 -1.543326 0.509113
v -2.331827 -1.549607 0.552825
v -2.321278 -1.546018 0.539291
v -2.407992 -1.336922 0.589837
v -2.216750 -1.746583 0.488951
v -1.967650 -2.121210 0.413538
v -1.957713 -2.116733 0.399237
v -2.095274 -1.937269 0.441403
v -2.307714 -1.541403 -0.449132
v -2.394189 -1.332882 -0.493417
v -2.203438 -1.741553 -0.404913
v -2.313365 -1.543326 -0.509113
v -2.399940 -1.334565 -0.558117
v -2.208985 -1.743649 -0.460237
v -1.944936 -2.110976 -0.325554
v -2.082225 -1.931891 -0.362980
v -1.950260 -2.113375 -0.372799
v -2.087662 -1.934132 -0.413971
v -2.095274 -1.937269 -0.441403
v -1.957713 -2.116733 -0.399237
v -2.227104 -1.750494 -0.502627
v -2.216751 -1.746583 -0.488951
v -2.331827 -1.549607 -0.552825
v -2.418727 -1.340064 -0.603314
v -2.407992 -1.336922 -0.589837
v -2.321278 -1.546018 -0.539292
v -1.446892 -2.567656 0.252780
v -1.256400 -2.689340 0.240974
v -1.625995 -2.429964 0.270670
v -1.451715 -2.570843 0.293387
v -1.260888 -2.692901 0.280492
v -1.631045 -2.432832 0.312845
v -1.792435 -2.277369 0.294856
v -1.797641 -2.279976 0.339203
v -1.804929 -2.283626 0.365039
v -1.647543 -2.442206 0.353720
v -1.638116 -2.436850 0.338344
v -1.267171 -2.697886 0.305598
v -1.458466 -2.575303 0.318686
v -1.792435 -2.277369 -0.294855
v -1.625995 -2.429964 -0.270669
v -1.797641 -2.279977 -0.339203
v -1.631046 -2.432834 -0.312844
v -1.256400 -2.689341 -0.240973
v -1.446892 -2.567657 -0.252780
v -1.260888 -2.692902 -0.280491
v -1.451715 -2.570843 -0.293387
v -1.275549 -2.704534 -0.321686
v -1.467468 -2.581252 -0.334522
v -1.458466 -2.575304 -0.318685
v -1.267172 -2.697887 -0.305597
v -1.647544 -2.442206 -0.353720
v -1.638116 -2.436850 -0.338344
v -1.804929 -2.283626 -0.365039
v -0.662138 -2.949143 0.234127
v -0.488036 -2.998522 0.235839
v -0.854549 -2.880726 0.233306
v -0.664959 -2.954027 0.272070
v -0.490231 -3.003782 0.273444
v -0.857991 -2.885174 0.271605
v -1.055794 -2.793910 0.235036
v -1.059807 -2.797904 0.273822
v -1.072915 -2.810955 0.314627
v -1.065425 -2.803498 0.298614
v -0.869233 -2.899707 0.311666
v -0.862809 -2.891402 0.295981
v -0.674173 -2.969980 0.311126
v -0.497402 -3.020965 0.311331
v -0.493304 -3.011146 0.296758
v -0.668908 -2.960864 0.295947
v -1.055794 -2.793911 -0.235035
v -0.854549 -2.880726 -0.233306
v -1.059807 -2.797906 -0.273821
v -0.857991 -2.885175 -0.271605
v -0.488036 -2.998522 -0.235839
v -0.662138 -2.949144 -0.234127
v -0.490231 -3.003782 -0.273444
v -0.664959 -2.954028 -0.272069
v -0.668908 -2.960865 -0.295947
v -0.493304 -3.011146 -0.296757
v -0.862809 -2.891404 -0.295981
v -1.065425 -2.803499 -0.298614
v -0.104644 -3.048164 0.237240
v -0.216235 -3.043133 0.237177
v -0.105168 -3.053998 0.273648
v 0.103621 -3.054085 0.273727
v -0.217291 -3.048861 0.273921
v -0.341716 -3.028219 0.236783
v -0.343327 -3.033758 0.273957
v -0.345582 -3.041512 0.296661
v -0.218771 -3.056879 0.296065
v -0.105900 -3.062165 0.295380
v -0.341716 -3.028220 -0.236783
v -0.216235 -3.043133 -0.237177
v -0.343327 -3.033758 -0.273957
v -0.217291 -3.048861 -0.273921
v -0.100945 -3.062354 -0.295355
v -0.220744 -3.067569 -0.309442
v -0.218771 -3.056879 -0.296065
v -0.348589 -3.051850 -0.310604
v -0.345582 -3.041512 -0.296660
v -1.024030 1.926363 1.538570
v -1.181600 1.858085 1.412244
v -0.844654 1.994742 1.654175
v -1.026142 1.931655 1.715829
v -1.184798 1.862567 1.575539
v -0.846155 2.000458 1.843958
v -0.486461 2.105594 1.827558
v -0.659967 2.056670 1.752642
v -0.487475 2.111512 2.035769
v -0.661159 2.062553 1.952935
v -0.490787 2.130847 2.130743
v -0.665052 2.081770 2.045640
v -0.662827 2.070789 2.030692
v -0.488894 2.119798 2.116031
v -0.848207 2.008503 1.918290
v -1.193469 1.878700 1.655149
v -1.188780 1.869258 1.640590
v -1.028902 1.939230 1.785899
v -0.659967 2.056669 -1.752642
v -0.486461 2.105593 -1.827558
v -0.844654 1.994742 -1.654174
v -0.661159 2.062552 -1.952935
v -0.487475 2.111511 -2.035769
v -0.846155 2.000458 -1.843958
v -1.181600 1.858084 -1.412245
v -1.024030 1.926362 -1.538570
v -1.184798 1.862567 -1.575540
v -1.026142 1.931655 -1.715829
v -1.193469 1.878699 -1.655149
v -1.028902 1.939230 -1.785899
v -1.188780 1.869258 -1.640590
v -0.850881 2.019281 -1.933402
v -0.848207 2.008503 -1.918290
v -0.490787 2.130845 -2.130742
v -0.488894 2.119797 -2.116030
v -0.662827 2.070788 -2.030692
v -1.451465 1.695986 1.041159
v -1.388582 1.742192 1.155106
v -1.460276 1.696164 1.161986
v -1.531817 1.636477 1.004172
v -1.395507 1.743818 1.289035
v -1.300872 1.796460 1.281612
v -1.305801 1.799620 1.430080
v -1.318349 1.812925 1.502945
v -1.311709 1.804877 1.489438
v -1.412508 1.753847 1.354856
v -1.403634 1.747411 1.342639
v -1.481482 1.703102 1.221409
v -1.518240 1.658531 1.102886
v -1.470496 1.698187 1.210389
v -1.300872 1.796459 -1.281613
v -1.388582 1.742192 -1.155107
v -1.305801 1.799620 -1.430081
v -1.395507 1.743818 -1.289036
v -1.453225 1.694769 -1.041372
v -1.528818 1.638973 -1.010136
v -1.460276 1.696164 -1.161987
v -1.470496 1.698187 -1.210390
v -1.518240 1.658531 -1.102887
v -1.412508 1.753847 -1.354857
v -1.403634 1.747411 -1.342639
v -1.311709 1.804877 -1.489438
v -2.306882 0.649295 0.753242
v -2.393434 0.440543 0.745050
v -2.208838 0.844355 0.756114
v -2.311908 0.652493 0.846200
v -2.398618 0.443329 0.837102
v -2.213748 0.847841 0.849392
v -2.006722 1.166555 0.755495
v -2.106414 1.019013 0.756066
v -2.011530 1.170311 0.848700
v -2.111251 1.022678 0.849339
v -2.117982 1.027844 0.891121
v -2.018159 1.175654 0.890454
v -2.229753 0.859258 0.905590
v -2.220613 0.852729 0.891174
v -2.328329 0.662941 0.902249
v -2.415553 0.452431 0.892753
v -2.405876 0.447230 0.878425
v -2.318946 0.656971 0.887860
v -2.106414 1.019013 -0.756066
v -2.006722 1.166556 -0.755496
v -2.208838 0.844355 -0.756115
v -2.111251 1.022678 -0.849339
v -2.011530 1.170311 -0.848701
v -2.213748 0.847841 -0.849392
v -2.393434 0.440543 -0.745051
v -2.306882 0.649295 -0.753242
v -2.398618 0.443329 -0.837103
v -2.311908 0.652493 -0.846200
v -2.415553 0.452431 -0.892753
v -2.328329 0.662941 -0.902249
v -2.318946 0.656971 -0.887860
v -2.405876 0.447230 -0.878426
v -2.220613 0.852730 -0.891174
v -2.026870 1.182884 -0.904869
v -2.018158 1.175654 -0.890454
v -2.117982 1.027844 -0.891121
v -2.540111 -0.220523 0.679034
v -2.550207 -0.446592 0.647268
v -2.510389 0.003868 0.706730
v -2.545877 -0.219619 0.763834
v -2.556101 -0.446357 0.728596
v -2.515975 0.005454 0.794566
v -2.461384 0.224812 0.729141
v -2.466764 0.227043 0.819440
v -2.474297 0.230167 0.860118
v -2.534219 0.010638 0.848433
v -2.523794 0.007676 0.834346
v -2.564353 -0.446029 0.766036
v -2.553951 -0.218354 0.802516
v -2.461384 0.224812 -0.729142
v -2.510389 0.003868 -0.706731
v -2.466764 0.227044 -0.819441
v -2.515975 0.005455 -0.794567
v -2.550207 -0.446591 -0.647268
v -2.540111 -0.220522 -0.679034
v -2.556101 -0.446357 -0.728596
v -2.545877 -0.219619 -0.763834
v -2.575355 -0.445591 -0.779825
v -2.564715 -0.216666 -0.816454
v -2.553951 -0.218353 -0.802516
v -2.564353 -0.446029 -0.766036
v -2.534220 0.010638 -0.848433
v -2.523794 0.007676 -0.834346
v -2.484341 0.234333 -0.874340
v -2.474297 0.230168 -0.860118
v -2.462002 -1.117429 0.535548
v -2.510827 -0.896756 0.575350
v -2.467847 -1.118767 0.604767
v -2.516740 -0.897652 0.648863
v -2.540337 -0.672573 0.612649
v -2.546273 -0.672942 0.690206
v -2.565666 -0.674147 0.739969
v -2.554585 -0.673459 0.726313
v -2.525019 -0.898907 0.683562
v -2.486941 -1.123137 0.651486
v -2.476030 -1.120640 0.637998
v -2.540337 -0.672573 -0.612649
v -2.510827 -0.896756 -0.575350
v -2.546273 -0.672942 -0.690206
v -2.516740 -0.897652 -0.648863
v -2.462002 -1.117429 -0.535548
v -2.467847 -1.118767 -0.604768
v -2.486941 -1.123137 -0.651486
v -2.476030 -1.120640 -0.637999
v -2.525019 -0.898907 -0.683562
v -2.554584 -0.673458 -0.726313
v -0.357337 -3.079795 0.329671
v -0.226503 -3.096415 0.327720
v -0.109735 -3.102409 0.326044
v -0.106877 -3.073055 0.308346
v -0.108133 -3.087057 0.318459
v -0.220744 -3.067569 0.309442
v -0.223280 -3.081315 0.319885
v -0.348589 -3.051850 0.310604
v -0.352454 -3.065142 0.321496
v -0.348959 2.196859 -2.201861
v -0.221244 2.211550 -2.227127
v -0.219203 2.189495 -2.218625
v -0.345934 2.174628 -2.193185
v -0.340630 2.134962 1.872507
v -0.215556 2.149659 1.894983
v -0.341426 2.140913 2.085470
v -0.216103 2.155635 2.110320
v -0.217890 2.175156 2.207335
v -0.216869 2.164001 2.192836
v -0.344025 2.160349 2.181804
v -0.342540 2.149243 2.167234
v -0.104318 2.154569 -1.902474
v -0.215556 2.149659 -1.894982
v -0.104597 2.160562 -2.118603
v -0.216103 2.155634 -2.110320
v -0.340630 2.134962 -1.872507
v -0.341426 2.140912 -2.085469
v -0.344024 2.160348 -2.181804
v -0.342540 2.149242 -2.167234
v -0.217890 2.175154 -2.207335
v -0.216869 2.164000 -2.192835
v -0.104987 2.168951 -2.201369
v -1.337450 1.849948 1.523429
v -1.436717 1.789332 1.372995
v -1.563574 1.695066 1.127311
v -1.510524 1.737022 1.237231
v -1.530804 1.662323 1.113133
v -1.492586 1.711956 1.230089
v -1.543372 1.670209 1.121079
v -1.421677 1.764004 1.364629
v -1.325470 1.824461 1.513866
v -1.963235 1.325685 -0.925906
v -1.883907 1.413618 -0.929105
v -1.762979 1.525511 -0.939143
v -1.816800 1.478455 -0.933650
v -1.735705 1.491105 -0.919906
v -1.800053 1.455952 -0.925321
v -1.745559 1.501574 -0.930899
v -1.867684 1.392883 -0.920733
v -1.936730 1.296979 -0.906332
v -1.947344 1.306842 -0.917517
v -1.916873 1.280272 0.756801
v -1.837669 1.365883 0.759722
v -1.921698 1.284045 0.850136
v -1.842607 1.369568 0.853338
v -1.630010 1.546456 0.782791
v -1.769913 1.429108 0.763996
v -1.670197 1.520550 0.871105
v -1.775108 1.432570 0.857998
v -1.735706 1.491107 0.919905
v -1.781841 1.437869 0.899922
v -1.700514 1.506042 0.909343
v -1.849171 1.375020 0.895195
v -1.928249 1.289497 0.891926
v -1.769913 1.429108 -0.763997
v -1.837669 1.365883 -0.759723
v -1.775107 1.432570 -0.857999
v -1.687985 1.505648 -0.868404
v -1.842606 1.369568 -0.853338
v -1.916873 1.280273 -0.756802
v -1.921697 1.284045 -0.850136
v -1.928249 1.289497 -0.891926
v -1.857487 1.382652 -0.909569
v -1.849170 1.375019 -0.895196
v -1.790145 1.445497 -0.914215
v -1.695922 1.509930 -0.910228
v -1.781840 1.437868 -0.899922
v 1.723513 1.560104 0.945184
v 1.695128 1.585041 0.952296
v 1.658497 1.617169 0.971809
v 1.674547 1.603127 0.960998
v 1.654669 1.577703 0.953414
v 1.637835 1.591817 0.964636
v 1.665416 1.550005 0.933887
v 1.676087 1.559754 0.944408
v 1.695170 1.525069 0.926277
v 1.705311 1.535276 0.937082
v 1.600568 1.665512 -1.054405
v 1.625835 1.644952 -1.009917
v 1.658497 1.617170 -0.971810
v 1.643702 1.629974 -0.985251
v 1.609608 1.596807 -0.969714
v 1.622367 1.604792 -0.978613
v 1.637836 1.591818 -0.964637
v 1.590986 1.612371 -0.995484
v 1.604185 1.619960 -1.003743
v 1.566012 1.633144 -1.040558
v 1.579213 1.640655 -1.048431
v 1.548927 1.614407 -0.846489
v 1.577775 1.598083 -0.925276
v 1.614765 1.567044 -0.892819
v 1.552808 1.629767 -1.030328
v 1.577863 1.608865 -0.984749
v 1.625759 1.583259 -0.955049
v 1.614085 1.578515 -0.942680
v 1.597067 1.592792 -0.958187
v 1.560305 1.604944 0.832551
v 1.565610 1.608258 0.943564
v 1.589452 1.588326 0.912685
v 1.625758 1.583258 0.955048
v 1.597067 1.592791 0.958186
v 1.614084 1.578514 0.942679
v 1.577863 1.608865 0.984748
v 1.552808 1.629767 1.030327
v 1.643702 1.629974 0.985250
v 1.625835 1.644952 1.009916
v 1.600568 1.665512 1.054404
v 1.566012 1.633144 1.040557
v 1.579213 1.640654 1.048431
v 1.590986 1.612370 0.995483
v 1.604185 1.619960 1.003742
v 1.609607 1.596806 0.969712
v 1.622367 1.604792 0.978612
v 1.674548 1.603128 -0.960999
v 1.695129 1.585043 -0.952297
v 1.723515 1.560108 -0.945185
v 1.705312 1.535279 -0.937083
v 1.676088 1.559756 -0.944409
v 1.654669 1.577705 -0.953415
v 1.637544 1.540160 0.781934
v 1.630298 1.554036 0.884597
v 1.655572 1.543718 0.920355
v 1.643320 1.568530 0.943292
v 1.632577 1.563002 0.930261
v 1.643320 1.568531 -0.943293
v 1.632577 1.563003 -0.930262
v 1.665417 1.550007 -0.933888
v 1.655572 1.543720 -0.920356
v 1.695170 1.525071 -0.926278
v -1.674548 1.603128 0.960998
v -1.658497 1.617170 0.971809
v -1.695129 1.585043 0.952296
v -1.723515 1.560107 0.945184
v -1.705312 1.535278 0.937082
v -1.676088 1.559756 0.944408
v -1.625758 1.583258 0.955048
v -1.637836 1.591818 0.964637
v -1.654669 1.577704 0.953414
v -1.643702 1.629974 -0.985251
v -1.658497 1.617169 -0.971810
v -1.625835 1.644952 -1.009917
v -1.600568 1.665512 -1.054405
v -1.566012 1.633144 -1.040558
v -1.579213 1.640655 -1.048431
v -1.604185 1.619960 -1.003743
v -1.625758 1.583258 -0.955049
v -1.637835 1.591817 -0.964637
v -1.622367 1.604792 -0.978612
v -1.548936 1.614399 0.846474
v -1.577790 1.598070 0.925256
v -1.614795 1.567019 0.892799
v -1.566012 1.633144 1.040557
v -1.552808 1.629767 1.030327
v -1.577863 1.608865 0.984748
v -1.614085 1.578515 0.942679
v -1.597067 1.592791 0.958186
v -1.560328 1.604925 -0.832524
v -1.565610 1.608258 -0.943565
v -1.589456 1.588323 -0.912684
v -1.609607 1.596807 -0.969713
v -1.597067 1.592791 -0.958187
v -1.614084 1.578515 -0.942680
v -1.590986 1.612371 -0.995483
v -1.577863 1.608865 -0.984749
v -1.552808 1.629767 -1.030328
v -1.600568 1.665512 1.054404
v -1.625835 1.644952 1.009916
v -1.643702 1.629974 0.985250
v -1.609608 1.596807 0.969713
v -1.622367 1.604792 0.978612
v -1.590986 1.612370 0.995483
v -1.604185 1.619960 1.003742
v -1.579213 1.640654 1.048431
v -1.723513 1.560105 -0.945185
v -1.695128 1.585041 -0.952297
v -1.674547 1.603127 -0.960999
v -1.643320 1.568530 -0.943293
v -1.654669 1.577703 -0.953415
v -1.676087 1.559755 -0.944409
v -1.705311 1.535276 -0.937083
v -1.637608 1.540104 -0.781915
v -1.630289 1.554043 -0.884602
v -1.695170 1.525069 -0.926278
v -1.665416 1.550006 -0.933888
v -1.655572 1.543719 -0.920356
v -1.632577 1.563003 -0.930262
v -1.643320 1.568530 0.943292
v -1.632577 1.563003 0.930261
v -1.665417 1.550006 0.933887
v -1.655572 1.543719 0.920355
v -1.695170 1.525071 0.926277
vn 1.0000 -0.0002 0.0001
vn 0.9997 -0.0031 -0.0249
vn 0.9961 0.0851 -0.0233
vn 0.9962 0.0874 0.0001
vn 0.9849 0.1718 -0.0224
vn 0.9848 0.1736 0.0001
vn 0.9660 0.2585 -0.0000
vn 0.9661 0.2572 -0.0220
vn 0.9397 0.3414 -0.0219
vn 0.9397 0.3420 -0.0000
vn 0.9397 0.3413 0.0220
vn 0.9661 0.2571 0.0222
vn 0.9849 0.1717 0.0227
vn 0.9961 0.0849 0.0237
vn 0.9997 -0.0029 0.0250
vn 0.9163 0.3998 -0.0220
vn 0.9165 0.4000 -0.0000
vn 0.9117 0.4103 -0.0226
vn 0.9121 0.4099 -0.0001
vn 0.9289 0.3704 -0.0001
vn 0.9282 0.3713 -0.0237
vn 0.9613 0.2743 -0.0249
vn 0.9619 0.2734 -0.0002
vn 0.9613 0.2743 0.0243
vn 0.9282 0.3713 0.0235
vn 0.9118 0.4101 0.0223
vn 0.9164 0.3997 0.0219
vn 0.9867 0.1607 -0.0251
vn 0.9871 0.1603 -0.0001
vn 0.9966 0.0783 -0.0238
vn 0.9969 0.0788 -0.0000
vn 0.9996 0.0286 0.0001
vn 0.9994 0.0271 -0.0216
vn 0.9996 0.0202 -0.0202
vn 0.9997 0.0230 -0.0000
vn 0.9996 0.0201 0.0202
vn 0.9994 0.0274 0.0220
vn 0.9966 0.0786 0.0237
vn 0.9867 0.1609 0.0246
vn 0.0050 0.9999 -0.0109
vn 0.0002 1.0000 -0.0000
vn 0.0031 1.0000 0.0003
vn 0.0011 1.0000 -0.0095
vn 0.0017 1.0000 0.0097
vn 0.0043 0.9999 0.0105
vn 0.0089 0.9999 0.0126
vn -0.0011 1.0000 0.0095
vn 0.2277 -0.9737 0.0001
vn 0.2271 -0.9720 -0.0597
vn 0.2977 -0.9529 -0.0579
vn 0.2984 -0.9544 0.0001
vn 0.3614 -0.9307 -0.0562
vn 0.3624 -0.9320 0.0001
vn 0.4278 -0.9039 0.0001
vn 0.4264 -0.9029 -0.0547
vn 0.4978 -0.8656 -0.0533
vn 0.4999 -0.8661 0.0002
vn 0.4979 -0.8656 0.0536
vn 0.4264 -0.9028 0.0550
vn 0.3614 -0.9307 0.0566
vn 0.2977 -0.9529 0.0583
vn 0.2272 -0.9720 0.0600
vn 0.5710 -0.8193 -0.0517
vn 0.5736 -0.8192 -0.0000
vn 0.6394 -0.7673 -0.0496
vn 0.6426 -0.7662 0.0003
vn 0.7065 -0.7078 -0.0000
vn 0.7031 -0.7095 -0.0468
vn 0.7622 -0.6458 -0.0437
vn 0.7659 -0.6430 0.0003
vn 0.7622 -0.6458 0.0443
vn 0.7031 -0.7095 0.0474
vn 0.6394 -0.7672 0.0500
vn 0.5711 -0.8193 0.0521
vn 0.8157 -0.5770 -0.0404
vn 0.8192 -0.5735 0.0003
vn 0.8629 -0.5041 -0.0373
vn 0.8657 -0.5005 -0.0000
vn 0.9059 -0.4235 -0.0000
vn 0.9036 -0.4271 -0.0344
vn 0.9377 -0.3460 -0.0318
vn 0.9396 -0.3422 0.0002
vn 0.9376 -0.3462 0.0324
vn 0.9034 -0.4273 0.0350
vn 0.8627 -0.5042 0.0380
vn 0.8156 -0.5771 0.0411
vn 0.9646 -0.2622 -0.0296
vn 0.9660 -0.2587 0.0002
vn 0.9838 -0.1770 -0.0277
vn 0.9848 -0.1738 0.0002
vn 0.9962 -0.0876 0.0002
vn 0.9955 -0.0906 -0.0260
vn 0.9955 -0.0907 0.0265
vn 0.9838 -0.1772 0.0282
vn 0.9645 -0.2624 0.0301
vn 0.0366 -0.0463 -0.9983
vn 0.1111 -0.0153 -0.9937
vn 0.1332 -0.0512 -0.9898
vn 0.0550 -0.0774 -0.9955
vn 0.1483 -0.0859 -0.9852
vn 0.0661 -0.1065 -0.9921
vn 0.0714 -0.1321 -0.9887
vn 0.1572 -0.1180 -0.9805
vn 0.1605 -0.1464 -0.9761
vn 0.0712 -0.1536 -0.9856
vn -0.0195 -0.1608 -0.9868
vn -0.0147 -0.1464 -0.9891
vn -0.0154 -0.1270 -0.9918
vn -0.0221 -0.1035 -0.9944
vn -0.0362 -0.0770 -0.9964
vn 0.1593 -0.1727 -0.9720
vn 0.0670 -0.1726 -0.9827
vn 0.1553 -0.1990 -0.9676
vn 0.0603 -0.1911 -0.9797
vn 0.0513 -0.2089 -0.9766
vn 0.1485 -0.2253 -0.9629
vn 0.1389 -0.2512 -0.9579
vn 0.0403 -0.2256 -0.9734
vn -0.0671 -0.1956 -0.9784
vn -0.0521 -0.1896 -0.9805
vn -0.0390 -0.1816 -0.9826
vn -0.0281 -0.1719 -0.9847
vn 0.1259 -0.2716 -0.9541
vn 0.0253 -0.2351 -0.9716
vn 0.1101 -0.2797 -0.9537
vn 0.0057 -0.2298 -0.9732
vn -0.0148 -0.2088 -0.9778
vn 0.0944 -0.2759 -0.9565
vn 0.0818 -0.2605 -0.9620
vn -0.0320 -0.1719 -0.9846
vn -0.1452 -0.0805 -0.9861
vn -0.1291 -0.1355 -0.9823
vn -0.1077 -0.1725 -0.9791
vn -0.0858 -0.1922 -0.9776
vn 0.0742 -0.2406 -0.9678
vn -0.0417 -0.1291 -0.9907
vn 0.0715 -0.2262 -0.9715
vn -0.0431 -0.0921 -0.9948
vn -0.0377 -0.0625 -0.9973
vn 0.0723 -0.2181 -0.9732
vn 0.0729 -0.2150 -0.9739
vn -0.0275 -0.0413 -0.9988
vn -0.1273 0.1354 -0.9826
vn -0.1440 0.0914 -0.9853
vn -0.1531 0.0394 -0.9874
vn -0.1538 -0.0187 -0.9879
vn 0.0721 -0.2153 -0.9739
vn -0.0160 -0.0287 -0.9995
vn 0.0688 -0.2189 -0.9733
vn -0.0061 -0.0268 -0.9996
vn -0.0007 -0.0315 -0.9995
vn 0.0614 -0.2263 -0.9721
vn 0.0465 -0.2378 -0.9702
vn -0.0029 -0.0422 -0.9991
vn -0.0597 0.2004 -0.9779
vn -0.0710 0.1964 -0.9780
vn -0.0876 0.1870 -0.9784
vn -0.1070 0.1677 -0.9800
vn 0.0258 -0.2500 -0.9679
vn -0.0098 -0.0495 -0.9987
vn 0.0054 -0.2461 -0.9692
vn -0.0128 -0.0502 -0.9987
vn 0.0015 -0.2427 -0.9701
vn -0.0001 -0.0215 -0.9998
vn 0.0001 0.2294 -0.9733
vn -0.0158 0.2380 -0.9711
vn -0.0385 0.2203 -0.9747
vn -0.0486 0.2068 -0.9772
vn -0.0029 -0.0423 0.9991
vn 0.0465 -0.2377 0.9702
vn 0.0614 -0.2263 0.9721
vn -0.0007 -0.0310 0.9995
vn 0.0688 -0.2190 0.9733
vn -0.0061 -0.0261 0.9996
vn -0.0158 -0.0292 0.9994
vn 0.0720 -0.2152 0.9739
vn 0.0728 -0.2149 0.9739
vn -0.0274 -0.0415 0.9988
vn -0.1273 0.1354 0.9826
vn -0.1070 0.1678 0.9800
vn -0.0875 0.1870 0.9784
vn -0.0712 0.1965 0.9779
vn -0.0598 0.2005 0.9779
vn 0.0725 -0.2185 0.9731
vn -0.0376 -0.0625 0.9973
vn 0.0719 -0.2262 0.9714
vn -0.0430 -0.0921 0.9948
vn -0.0415 -0.1292 0.9908
vn 0.0744 -0.2406 0.9678
vn 0.0818 -0.2604 0.9620
vn -0.0318 -0.1719 0.9846
vn -0.1458 -0.0805 0.9860
vn -0.1535 -0.0188 0.9880
vn -0.1531 0.0395 0.9874
vn -0.1441 0.0915 0.9853
vn 0.0944 -0.2758 0.9566
vn -0.0147 -0.2088 0.9779
vn 0.1105 -0.2796 0.9537
vn 0.0057 -0.2297 0.9732
vn 0.0252 -0.2351 0.9717
vn 0.1263 -0.2711 0.9542
vn 0.1390 -0.2507 0.9580
vn 0.0402 -0.2260 0.9733
vn -0.0675 -0.1953 0.9784
vn -0.0861 -0.1919 0.9776
vn -0.1077 -0.1723 0.9791
vn -0.1287 -0.1356 0.9824
vn 0.1486 -0.2248 0.9630
vn 0.0512 -0.2091 0.9766
vn 0.1553 -0.1987 0.9677
vn 0.0600 -0.1908 0.9798
vn 0.0670 -0.1729 0.9827
vn 0.1588 -0.1724 0.9721
vn 0.1602 -0.1462 0.9762
vn 0.0713 -0.1539 0.9855
vn -0.0194 -0.1607 0.9868
vn -0.0282 -0.1718 0.9847
vn -0.0393 -0.1814 0.9826
vn -0.0523 -0.1895 0.9805
vn 0.1565 -0.1179 0.9806
vn 0.0715 -0.1324 0.9886
vn 0.1478 -0.0860 0.9853
vn 0.0662 -0.1067 0.9921
vn 0.0549 -0.0776 0.9955
vn 0.1328 -0.0514 0.9898
vn 0.1109 -0.0153 0.9937
vn 0.0370 -0.0464 0.9982
vn -0.0359 -0.0770 0.9964
vn -0.0222 -0.1035 0.9944
vn -0.0155 -0.1269 0.9918
vn -0.0146 -0.1463 0.9891
vn 0.0890 0.0133 0.9959
vn 0.0174 -0.0207 0.9996
vn 0.0736 0.0279 0.9969
vn 0.0026 -0.0055 1.0000
vn 0.0663 0.0204 0.9976
vn 0.0018 -0.0033 1.0000
vn -0.0553 -0.0370 0.9978
vn -0.0617 -0.0421 0.9972
vn -0.0516 -0.0547 0.9972
vn 0.0765 0.0064 0.9970
vn 0.0157 -0.0109 0.9998
vn 0.0918 -0.0096 0.9957
vn 0.0332 -0.0208 0.9992
vn 0.0552 -0.0336 0.9979
vn 0.1127 -0.0267 0.9933
vn 0.1414 -0.0461 0.9889
vn 0.0839 -0.0508 0.9952
vn 0.0517 -0.0754 0.9958
vn 0.0202 -0.0606 0.9980
vn -0.0066 -0.0505 0.9987
vn -0.0309 -0.0434 0.9986
vn 0.5840 -0.2711 0.7651
vn 0.5739 -0.2213 0.7884
vn 0.5008 -0.1744 0.8478
vn 0.5124 -0.2277 0.8280
vn 0.4342 -0.1265 0.8919
vn 0.4497 -0.1851 0.8738
vn 0.3874 -0.1389 0.9114
vn 0.3670 -0.0748 0.9272
vn 0.2879 -0.0216 0.9574
vn 0.3099 -0.0901 0.9465
vn 0.3235 -0.1498 0.9343
vn 0.3989 -0.1917 0.8967
vn 0.4579 -0.2310 0.8584
vn 0.5184 -0.2679 0.8121
vn 0.5904 -0.3075 0.7463
vn 0.1933 0.0239 0.9809
vn 0.2118 -0.0464 0.9762
vn 0.0985 0.0538 0.9937
vn 0.1095 -0.0165 0.9938
vn 0.0306 -0.0021 0.9995
vn 0.0272 0.0674 0.9974
vn -0.0266 0.0668 0.9974
vn 0.0338 -0.0706 0.9969
vn 0.1171 -0.0844 0.9895
vn 0.2242 -0.1113 0.9682
vn 0.3098 -0.0902 -0.9465
vn 0.2880 -0.0216 -0.9574
vn 0.3672 -0.0747 -0.9271
vn 0.3878 -0.1392 -0.9112
vn 0.4341 -0.1264 -0.8920
vn 0.4499 -0.1853 -0.8736
vn 0.5124 -0.2278 -0.8280
vn 0.5009 -0.1744 -0.8478
vn 0.5738 -0.2213 -0.7885
vn 0.5834 -0.2710 -0.7657
vn 0.5904 -0.3076 -0.7462
vn 0.5184 -0.2680 -0.8121
vn 0.4580 -0.2310 -0.8584
vn 0.3989 -0.1918 -0.8967
vn 0.3236 -0.1498 -0.9343
vn 0.6354 -0.2666 -0.7247
vn 0.6450 -0.3148 -0.6963
vn 0.6717 -0.3065 -0.6745
vn 0.6813 -0.3541 -0.6407
vn 0.6981 -0.3862 -0.6029
vn 0.6900 -0.3391 -0.6395
vn 0.6902 -0.3587 -0.6285
vn 0.6960 -0.4039 -0.5936
vn 0.7018 -0.4405 -0.5599
vn 0.7071 -0.4221 -0.5673
vn 0.6912 -0.3891 -0.6090
vn 0.6543 -0.3495 -0.6707
vn 0.0646 0.0216 -0.9977
vn 0.0023 -0.0053 -1.0000
vn 0.0016 -0.0029 -1.0000
vn 0.0736 0.0282 -0.9969
vn 0.0174 -0.0203 -0.9996
vn 0.0887 0.0134 -0.9960
vn -0.0520 -0.0546 -0.9972
vn -0.0620 -0.0421 -0.9972
vn -0.0515 -0.0386 -0.9979
vn -0.9399 0.3412 -0.0089
vn -0.9407 0.3383 -0.0247
vn -0.9076 0.4189 -0.0268
vn -0.9065 0.4221 -0.0097
vn -0.8679 0.4960 -0.0291
vn -0.8665 0.4991 -0.0106
vn -0.9397 0.3419 -0.0001
vn -0.9062 0.4229 -0.0001
vn -0.8661 0.4999 -0.0001
vn -0.8198 0.5725 -0.0116
vn -0.8215 0.5694 -0.0316
vn -0.7683 0.6392 -0.0342
vn -0.7666 0.6420 -0.0127
vn -0.8194 0.5732 -0.0001
vn -0.7661 0.6427 -0.0001
vn -0.7666 0.6420 0.0124
vn -0.7683 0.6392 0.0340
vn -0.8214 0.5694 0.0314
vn -0.8198 0.5725 0.0114
vn -0.8678 0.4960 0.0289
vn -0.8664 0.4992 0.0104
vn -0.9065 0.4221 0.0095
vn -0.9076 0.4190 0.0266
vn -0.9407 0.3384 0.0245
vn -0.9399 0.3413 0.0087
vn -0.7090 0.7043 -0.0368
vn -0.7074 0.7067 -0.0138
vn -0.6447 0.7635 -0.0391
vn -0.6434 0.7654 -0.0138
vn -0.7068 0.7074 -0.0004
vn -0.6433 0.7656 0.0079
vn -0.5742 0.8186 -0.0144
vn -0.5753 0.8169 -0.0410
vn -0.5009 0.8644 -0.0424
vn -0.5003 0.8657 -0.0149
vn -0.5742 0.8187 0.0083
vn -0.5003 0.8658 0.0087
vn -0.5009 0.8645 0.0409
vn -0.5753 0.8170 0.0395
vn -0.6446 0.7636 0.0376
vn -0.7075 0.7066 0.0140
vn -0.7092 0.7041 0.0364
vn -0.4290 0.9023 -0.0435
vn -0.4287 0.9033 -0.0153
vn -0.3648 0.9300 -0.0445
vn -0.3648 0.9310 -0.0156
vn -0.4287 0.9034 0.0090
vn -0.3646 0.9311 0.0091
vn -0.3027 0.9529 -0.0170
vn -0.3028 0.9520 -0.0454
vn -0.2348 0.9709 -0.0463
vn -0.2348 0.9719 -0.0176
vn -0.3027 0.9531 -0.0007
vn -0.2348 0.9720 -0.0000
vn -0.2348 0.9719 0.0175
vn -0.2348 0.9710 0.0462
vn -0.3028 0.9520 0.0453
vn -0.3033 0.9527 0.0176
vn -0.3646 0.9302 0.0430
vn -0.4290 0.9023 0.0419
vn -0.1575 0.9864 -0.0470
vn -0.1575 0.9874 -0.0178
vn -0.0808 0.9956 -0.0477
vn -0.0806 0.9966 -0.0179
vn -0.1574 0.9875 -0.0000
vn -0.0806 0.9967 -0.0000
vn -0.0221 0.9996 -0.0180
vn -0.0222 0.9986 -0.0481
vn 0.0223 0.9986 -0.0482
vn 0.0221 0.9996 -0.0181
vn -0.0221 0.9998 -0.0000
vn 0.0221 0.9998 -0.0000
vn -0.0223 0.9986 0.0482
vn -0.0222 0.9996 0.0180
vn 0.0221 0.9996 0.0180
vn -0.0808 0.9956 0.0476
vn -0.0806 0.9966 0.0179
vn -0.1575 0.9874 0.0177
vn -0.1575 0.9864 0.0469
vn -0.2343 -0.9722 -0.0024
vn -0.2326 -0.9725 -0.0070
vn -0.2920 -0.9564 -0.0072
vn -0.2941 -0.9558 -0.0025
vn -0.3335 -0.9427 -0.0075
vn -0.3358 -0.9419 -0.0026
vn -0.2347 -0.9721 -0.0000
vn -0.2946 -0.9556 -0.0000
vn -0.3363 -0.9418 -0.0000
vn -0.3746 -0.9272 -0.0027
vn -0.3721 -0.9282 -0.0077
vn -0.4218 -0.9067 -0.0080
vn -0.4248 -0.9053 -0.0027
vn -0.3751 -0.9270 -0.0000
vn -0.4249 -0.9053 -0.0003
vn -0.4239 -0.9057 0.0031
vn -0.4218 -0.9067 0.0079
vn -0.3721 -0.9282 0.0077
vn -0.3746 -0.9272 0.0026
vn -0.3335 -0.9427 0.0074
vn -0.3358 -0.9419 0.0025
vn -0.2941 -0.9558 0.0024
vn -0.2921 -0.9564 0.0071
vn -0.2327 -0.9725 0.0069
vn -0.2343 -0.9722 0.0024
vn -0.4843 -0.8749 -0.0084
vn -0.4885 -0.8726 -0.0028
vn -0.5495 -0.8354 -0.0095
vn -0.5560 -0.8312 -0.0031
vn -0.4896 -0.8719 0.0018
vn -0.5555 -0.8315 0.0014
vn -0.6056 -0.7957 -0.0118
vn -0.6415 -0.7671 -0.0045
vn -0.6153 -0.7883 -0.0038
vn -0.6191 -0.7853 -0.0007
vn -0.6065 -0.7950 0.0113
vn -0.6153 -0.7883 0.0046
vn -0.6413 -0.7673 0.0044
vn -0.5497 -0.8353 0.0091
vn -0.4846 -0.8747 0.0081
vn -0.8070 -0.5905 -0.0058
vn -0.8069 -0.5904 -0.0166
vn -0.8459 -0.5331 -0.0165
vn -0.8459 -0.5333 -0.0058
vn -0.8783 -0.4778 -0.0163
vn -0.8784 -0.4779 -0.0057
vn -0.8070 -0.5906 -0.0000
vn -0.8459 -0.5333 -0.0000
vn -0.8784 -0.4779 -0.0000
vn -0.9091 -0.4165 -0.0057
vn -0.9089 -0.4166 -0.0162
vn -0.9393 -0.3426 -0.0162
vn -0.9396 -0.3422 -0.0057
vn -0.9092 -0.4164 -0.0000
vn -0.9397 -0.3420 -0.0000
vn -0.9396 -0.3421 0.0057
vn -0.9393 -0.3426 0.0161
vn -0.9090 -0.4166 0.0162
vn -0.9091 -0.4164 0.0057
vn -0.8783 -0.4778 0.0163
vn -0.8784 -0.4779 0.0057
vn -0.8459 -0.5333 0.0058
vn -0.8459 -0.5331 0.0165
vn -0.8069 -0.5904 0.0166
vn -0.8070 -0.5905 0.0058
vn -0.9656 -0.2597 -0.0164
vn -0.9659 -0.2588 -0.0058
vn -0.9844 -0.1754 -0.0169
vn -0.9847 -0.1741 -0.0060
vn -0.9660 -0.2585 -0.0000
vn -0.9848 -0.1737 -0.0000
vn -0.9961 -0.0880 -0.0063
vn -0.9958 -0.0897 -0.0177
vn -0.9998 -0.0025 -0.0187
vn -1.0000 -0.0006 -0.0066
vn -0.9962 -0.0876 -0.0000
vn -1.0000 -0.0001 -0.0001
vn -1.0000 -0.0006 0.0065
vn -0.9998 -0.0025 0.0186
vn -0.9958 -0.0896 0.0176
vn -0.9961 -0.0880 0.0062
vn -0.9844 -0.1753 0.0168
vn -0.9847 -0.1740 0.0059
vn -0.9659 -0.2587 0.0057
vn -0.9656 -0.2596 0.0163
vn -0.9962 0.0847 -0.0199
vn -0.9962 0.0869 -0.0071
vn -0.9851 0.1706 -0.0213
vn -0.9849 0.1730 -0.0076
vn -0.9962 0.0874 -0.0001
vn -0.9848 0.1736 -0.0001
vn -0.9662 0.2578 -0.0082
vn -0.9666 0.2551 -0.0229
vn -0.9660 0.2584 -0.0001
vn -0.9666 0.2552 0.0227
vn -0.9662 0.2578 0.0080
vn -0.9851 0.1706 0.0212
vn -0.9849 0.1730 0.0075
vn -0.9962 0.0869 0.0070
vn -0.9962 0.0848 0.0198
vn 0.0202 -0.9998 -0.0000
vn -0.0202 -0.9978 -0.0626
vn 0.0201 -0.9978 -0.0625
vn 0.0747 -0.9953 -0.0620
vn 0.0750 -0.9972 -0.0000
vn 0.1494 -0.9888 0.0001
vn 0.1490 -0.9870 -0.0611
vn 0.1491 -0.9869 0.0614
vn 0.0748 -0.9953 0.0622
vn 0.0202 -0.9978 0.0626
vn -0.0062 -0.0301 0.9995
vn 0.0013 -0.2517 0.9678
vn 0.0042 -0.2548 0.9670
vn -0.0135 -0.0420 0.9990
vn -0.0099 -0.0488 0.9988
vn 0.0255 -0.2496 0.9680
vn -0.0490 0.2065 0.9772
vn -0.0342 0.2164 0.9757
vn -0.0191 0.2385 0.9710
vn 0.0031 0.2349 0.9720
vn 0.0295 -0.0025 -0.9996
vn 0.0250 0.0676 -0.9974
vn 0.0984 0.0536 -0.9937
vn 0.1093 -0.0165 -0.9939
vn 0.2117 -0.0464 -0.9762
vn 0.1933 0.0239 -0.9809
vn 0.2245 -0.1113 -0.9681
vn 0.1175 -0.0838 -0.9895
vn 0.0322 -0.0716 -0.9969
vn -0.0326 -0.0718 -0.9969
vn -0.0220 -0.9998 -0.0023
vn -0.0219 -0.9997 -0.0067
vn -0.0798 -0.9968 -0.0067
vn -0.0803 -0.9968 -0.0023
vn -0.0220 -0.9998 -0.0000
vn 0.0220 -0.9998 -0.0000
vn -0.0804 -0.9968 -0.0000
vn -0.1570 -0.9876 -0.0023
vn -0.1559 -0.9877 -0.0068
vn -0.1573 -0.9876 -0.0000
vn -0.1559 -0.9877 0.0068
vn -0.1570 -0.9876 0.0023
vn -0.0798 -0.9968 0.0067
vn -0.0803 -0.9968 0.0023
vn -0.0220 -0.9998 0.0023
vn -0.0219 -0.9997 0.0066
vn 0.0219 -0.9997 0.0067
vn 0.0362 0.9993 -0.0000
vn 0.0513 0.9985 -0.0182
vn 0.0269 0.9995 -0.0159
vn 0.0147 0.9999 0.0001
vn 0.0129 0.9998 -0.0143
vn 0.0154 0.9998 0.0146
vn 0.0270 0.9995 0.0160
vn 0.0514 0.9985 0.0182
vn 0.6960 -0.4039 0.5937
vn 0.6903 -0.3585 0.6285
vn 0.6899 -0.3391 0.6395
vn 0.6982 -0.3860 0.6029
vn 0.6717 -0.3065 0.6744
vn 0.6809 -0.3542 0.6410
vn 0.6450 -0.3149 0.6963
vn 0.6354 -0.2666 0.7247
vn 0.6542 -0.3494 0.6707
vn 0.6912 -0.3891 0.6090
vn 0.7071 -0.4221 0.5672
vn 0.7018 -0.4406 0.5598
vn 0.0839 -0.0508 -0.9952
vn 0.1414 -0.0461 -0.9889
vn 0.1133 -0.0270 -0.9932
vn 0.0552 -0.0336 -0.9979
vn 0.0920 -0.0101 -0.9957
vn 0.0332 -0.0207 -0.9992
vn 0.0154 -0.0105 -0.9998
vn 0.0767 0.0058 -0.9970
vn -0.0302 -0.0429 -0.9986
vn -0.0063 -0.0503 -0.9987
vn 0.0204 -0.0605 -0.9980
vn 0.0516 -0.0752 -0.9958
vn -0.6372 -0.7706 -0.0134
vn -0.6617 -0.7496 -0.0160
vn -0.6624 -0.7491 -0.0056
vn -0.7080 -0.7060 -0.0165
vn -0.7083 -0.7059 -0.0058
vn -0.6626 -0.7490 -0.0000
vn -0.7084 -0.7058 -0.0000
vn -0.7597 -0.6503 -0.0058
vn -0.7595 -0.6503 -0.0166
vn -0.7597 -0.6503 -0.0000
vn -0.7595 -0.6503 0.0167
vn -0.7597 -0.6503 0.0059
vn -0.7080 -0.7060 0.0165
vn -0.7083 -0.7059 0.0058
vn -0.6624 -0.7492 0.0056
vn -0.6616 -0.7497 0.0161
vn -0.6369 -0.7708 0.0132
vn -0.9961 0.0849 -0.0238
vn -0.9997 -0.0029 -0.0251
vn -1.0000 -0.0002 0.0001
vn -0.9962 0.0874 0.0001
vn -0.9849 0.1717 -0.0228
vn -0.9848 0.1736 0.0001
vn -0.9997 -0.0030 0.0247
vn -0.9961 0.0851 0.0232
vn -0.9849 0.1718 0.0223
vn -0.9661 0.2572 0.0219
vn -0.9397 0.3414 0.0219
vn -0.9397 0.3420 -0.0000
vn -0.9660 0.2585 -0.0000
vn -0.9397 0.3413 -0.0220
vn -0.9661 0.2571 -0.0222
vn -0.9164 0.3997 -0.0219
vn -0.9165 0.4000 -0.0000
vn -0.9118 0.4101 -0.0222
vn -0.9121 0.4099 -0.0001
vn -0.9163 0.3998 0.0220
vn -0.9117 0.4103 0.0226
vn -0.9282 0.3713 0.0239
vn -0.9613 0.2743 0.0251
vn -0.9619 0.2734 -0.0002
vn -0.9289 0.3704 -0.0001
vn -0.9613 0.2743 -0.0241
vn -0.9283 0.3712 -0.0231
vn -0.9867 0.1609 -0.0244
vn -0.9871 0.1603 -0.0001
vn -0.9966 0.0786 -0.0237
vn -0.9969 0.0788 -0.0000
vn -0.9867 0.1607 0.0252
vn -0.9966 0.0784 0.0238
vn -0.9994 0.0271 0.0215
vn -0.9996 0.0202 0.0202
vn -0.9997 0.0232 0.0001
vn -0.9996 0.0286 0.0001
vn -0.9996 0.0201 -0.0202
vn -0.9994 0.0273 -0.0221
vn -0.0043 0.9999 -0.0105
vn -0.0088 0.9999 -0.0126
vn -0.0041 1.0000 -0.0003
vn -0.0001 1.0000 -0.0000
vn -0.0055 0.9999 0.0109
vn -0.0017 1.0000 -0.0097
vn -0.2977 -0.9529 -0.0584
vn -0.2272 -0.9720 -0.0601
vn -0.2277 -0.9737 0.0001
vn -0.2984 -0.9544 0.0001
vn -0.3614 -0.9307 -0.0567
vn -0.3624 -0.9320 0.0001
vn -0.2272 -0.9720 0.0596
vn -0.2977 -0.9529 0.0578
vn -0.3614 -0.9307 0.0561
vn -0.4264 -0.9029 0.0545
vn -0.4979 -0.8656 0.0531
vn -0.4999 -0.8661 0.0002
vn -0.4278 -0.9039 0.0001
vn -0.4979 -0.8656 -0.0538
vn -0.4264 -0.9029 -0.0551
vn -0.5710 -0.8193 -0.0523
vn -0.5737 -0.8191 0.0002
vn -0.6394 -0.7673 -0.0498
vn -0.6426 -0.7662 0.0003
vn -0.5710 -0.8193 0.0515
vn -0.6394 -0.7673 0.0493
vn -0.7032 -0.7095 0.0465
vn -0.7622 -0.6459 0.0438
vn -0.7656 -0.6433 -0.0000
vn -0.7067 -0.7075 0.0003
vn -0.7621 -0.6459 -0.0446
vn -0.7031 -0.7095 -0.0477
vn -0.8156 -0.5771 -0.0414
vn -0.8192 -0.5735 0.0003
vn -0.8627 -0.5043 -0.0383
vn -0.8659 -0.5002 0.0003
vn -0.8157 -0.5771 0.0406
vn -0.8629 -0.5040 0.0370
vn -0.9036 -0.4270 0.0341
vn -0.9376 -0.3463 0.0323
vn -0.9396 -0.3422 0.0002
vn -0.9060 -0.4234 0.0001
vn -0.9376 -0.3462 -0.0327
vn -0.9034 -0.4273 -0.0353
vn -0.9645 -0.2624 -0.0303
vn -0.9660 -0.2587 0.0002
vn -0.9838 -0.1772 -0.0283
vn -0.9848 -0.1738 0.0002
vn -0.9646 -0.2622 0.0294
vn -0.9838 -0.1770 0.0275
vn -0.9956 -0.0906 0.0258
vn -0.9962 -0.0876 0.0002
vn -0.9955 -0.0907 -0.0266
vn -0.1333 -0.0514 -0.9897
vn -0.1112 -0.0153 -0.9937
vn -0.0365 -0.0464 -0.9983
vn -0.0550 -0.0774 -0.9955
vn -0.1482 -0.0861 -0.9852
vn -0.0661 -0.1065 -0.9921
vn 0.0363 -0.0770 -0.9964
vn 0.0228 -0.1036 -0.9944
vn 0.0163 -0.1270 -0.9918
vn 0.0148 -0.1462 -0.9891
vn 0.0198 -0.1606 -0.9868
vn -0.0712 -0.1536 -0.9856
vn -0.0714 -0.1321 -0.9887
vn -0.1603 -0.1463 -0.9762
vn -0.1570 -0.1180 -0.9805
vn -0.1593 -0.1726 -0.9720
vn -0.0670 -0.1726 -0.9827
vn -0.1553 -0.1987 -0.9677
vn -0.0603 -0.1911 -0.9797
vn 0.0285 -0.1717 -0.9847
vn 0.0396 -0.1813 -0.9826
vn 0.0525 -0.1893 -0.9805
vn 0.0677 -0.1951 -0.9784
vn -0.0404 -0.2259 -0.9733
vn -0.0513 -0.2089 -0.9766
vn -0.1392 -0.2508 -0.9580
vn -0.1485 -0.2247 -0.9630
vn -0.1265 -0.2713 -0.9541
vn -0.0252 -0.2354 -0.9716
vn -0.1105 -0.2798 -0.9537
vn -0.0057 -0.2298 -0.9732
vn 0.0862 -0.1918 -0.9776
vn 0.1079 -0.1720 -0.9792
vn 0.1289 -0.1351 -0.9824
vn 0.1452 -0.0805 -0.9861
vn 0.0319 -0.1719 -0.9846
vn 0.0147 -0.2088 -0.9778
vn -0.0817 -0.2605 -0.9620
vn -0.0942 -0.2761 -0.9565
vn -0.0747 -0.2408 -0.9677
vn 0.0416 -0.1292 -0.9907
vn -0.0716 -0.2263 -0.9714
vn 0.0430 -0.0921 -0.9948
vn 0.1535 -0.0188 -0.9880
vn 0.1530 0.0393 -0.9874
vn 0.1440 0.0914 -0.9853
vn 0.1273 0.1355 -0.9826
vn 0.0275 -0.0414 -0.9988
vn 0.0376 -0.0626 -0.9973
vn -0.0730 -0.2152 -0.9738
vn -0.0724 -0.2183 -0.9732
vn -0.0721 -0.2153 -0.9739
vn 0.0160 -0.0287 -0.9995
vn -0.0688 -0.2190 -0.9733
vn 0.0061 -0.0265 -0.9996
vn 0.1073 0.1685 -0.9799
vn 0.0875 0.1867 -0.9785
vn 0.0712 0.1966 -0.9779
vn 0.0598 0.2007 -0.9778
vn 0.0029 -0.0422 -0.9991
vn 0.0007 -0.0315 -0.9995
vn -0.0465 -0.2378 -0.9702
vn -0.0614 -0.2265 -0.9721
vn -0.0255 -0.2495 -0.9680
vn 0.0099 -0.0493 -0.9987
vn -0.0053 -0.2469 -0.9690
vn 0.0133 -0.0472 -0.9988
vn 0.0487 0.2070 -0.9771
vn 0.0369 0.2191 -0.9750
vn 0.0160 0.2376 -0.9712
vn -0.0614 -0.2264 0.9721
vn -0.0465 -0.2377 0.9702
vn 0.0029 -0.0423 0.9991
vn 0.0007 -0.0310 0.9995
vn -0.0688 -0.2190 0.9733
vn 0.0061 -0.0261 0.9996
vn 0.0598 0.2006 0.9778
vn 0.0711 0.1965 0.9779
vn 0.0876 0.1874 0.9784
vn 0.1069 0.1676 0.9800
vn 0.1273 0.1354 0.9826
vn 0.0274 -0.0415 0.9988
vn 0.0158 -0.0292 0.9994
vn -0.0729 -0.2150 0.9739
vn -0.0721 -0.2153 0.9739
vn -0.0725 -0.2183 0.9732
vn 0.0376 -0.0625 0.9973
vn -0.0719 -0.2263 0.9714
vn 0.0429 -0.0922 0.9948
vn 0.1442 0.0916 0.9853
vn 0.1530 0.0393 0.9874
vn 0.1534 -0.0187 0.9880
vn 0.1452 -0.0807 0.9861
vn 0.0317 -0.1719 0.9846
vn 0.0415 -0.1292 0.9908
vn -0.0819 -0.2605 0.9620
vn -0.0745 -0.2407 0.9677
vn -0.0944 -0.2758 0.9566
vn 0.0147 -0.2088 0.9779
vn -0.1105 -0.2796 0.9537
vn -0.0057 -0.2297 0.9732
vn 0.1288 -0.1353 0.9824
vn 0.1077 -0.1723 0.9791
vn 0.0862 -0.1918 0.9776
vn 0.0675 -0.1953 0.9784
vn -0.0403 -0.2254 0.9734
vn -0.0249 -0.2353 0.9716
vn -0.1391 -0.2507 0.9580
vn -0.1265 -0.2712 0.9542
vn -0.1486 -0.2248 0.9630
vn -0.0512 -0.2091 0.9766
vn -0.1552 -0.1987 0.9677
vn -0.0602 -0.1913 0.9797
vn 0.0524 -0.1894 0.9805
vn 0.0393 -0.1815 0.9826
vn 0.0283 -0.1718 0.9847
vn 0.0196 -0.1606 0.9868
vn -0.0713 -0.1539 0.9855
vn -0.0670 -0.1729 0.9827
vn -0.1601 -0.1462 0.9762
vn -0.1591 -0.1724 0.9721
vn -0.1568 -0.1179 0.9806
vn -0.0712 -0.1321 0.9887
vn -0.1478 -0.0860 0.9853
vn -0.0659 -0.1065 0.9921
vn 0.0147 -0.1463 0.9891
vn 0.0154 -0.1269 0.9918
vn 0.0222 -0.1035 0.9944
vn 0.0362 -0.0770 0.9964
vn -0.0368 -0.0464 0.9982
vn -0.0552 -0.0777 0.9954
vn -0.1105 -0.0152 0.9938
vn -0.1325 -0.0514 0.9898
vn -0.0888 0.0135 0.9960
vn -0.0178 -0.0207 0.9996
vn -0.0735 0.0280 0.9969
vn -0.0026 -0.0055 1.0000
vn 0.0519 -0.0546 0.9972
vn 0.0612 -0.0420 0.9972
vn -0.0015 -0.0026 1.0000
vn 0.0517 -0.0388 0.9979
vn -0.0641 0.0212 0.9977
vn -0.0772 0.0062 0.9970
vn -0.0157 -0.0110 0.9998
vn -0.0921 -0.0097 0.9957
vn -0.0332 -0.0208 0.9992
vn 0.0306 -0.0433 0.9986
vn 0.0062 -0.0503 0.9987
vn -0.0204 -0.0605 0.9980
vn -0.0517 -0.0753 0.9958
vn -0.0838 -0.0507 0.9952
vn -0.0552 -0.0336 0.9979
vn -0.1418 -0.0461 0.9888
vn -0.1129 -0.0267 0.9932
vn -0.5008 -0.1744 0.8478
vn -0.5738 -0.2214 0.7885
vn -0.5840 -0.2711 0.7651
vn -0.5124 -0.2277 0.8280
vn -0.4342 -0.1265 0.8919
vn -0.4497 -0.1851 0.8738
vn -0.5904 -0.3075 0.7463
vn -0.5184 -0.2679 0.8121
vn -0.4580 -0.2310 0.8584
vn -0.3988 -0.1917 0.8967
vn -0.3235 -0.1498 0.9343
vn -0.3098 -0.0903 0.9465
vn -0.3874 -0.1389 0.9114
vn -0.2879 -0.0216 0.9574
vn -0.3672 -0.0747 0.9271
vn -0.1933 0.0238 0.9808
vn -0.2119 -0.0464 0.9762
vn -0.0984 0.0534 0.9937
vn -0.1096 -0.0165 0.9938
vn -0.2242 -0.1113 0.9682
vn -0.1171 -0.0843 0.9895
vn -0.0324 -0.0717 0.9969
vn -0.0302 -0.0028 0.9995
vn -0.3672 -0.0747 -0.9271
vn -0.2880 -0.0216 -0.9574
vn -0.3097 -0.0901 -0.9465
vn -0.3878 -0.1392 -0.9112
vn -0.4342 -0.1265 -0.8919
vn -0.4499 -0.1852 -0.8737
vn -0.3236 -0.1498 -0.9343
vn -0.3988 -0.1917 -0.8967
vn -0.4579 -0.2310 -0.8584
vn -0.5184 -0.2680 -0.8121
vn -0.5903 -0.3075 -0.7463
vn -0.5834 -0.2710 -0.7657
vn -0.5126 -0.2282 -0.8277
vn -0.5738 -0.2213 -0.7885
vn -0.5008 -0.1743 -0.8478
vn -0.6354 -0.2666 -0.7247
vn -0.6450 -0.3148 -0.6963
vn -0.6717 -0.3065 -0.6745
vn -0.6811 -0.3541 -0.6408
vn -0.6542 -0.3494 -0.6707
vn -0.6911 -0.3890 -0.6091
vn -0.7071 -0.4221 -0.5673
vn -0.7018 -0.4405 -0.5599
vn -0.6961 -0.4040 -0.5935
vn -0.6980 -0.3865 -0.6029
vn -0.6903 -0.3585 -0.6285
vn -0.6899 -0.3391 -0.6395
vn -0.0016 -0.0028 -1.0000
vn -0.0023 -0.0054 -1.0000
vn -0.0661 0.0222 -0.9976
vn -0.0735 0.0280 -0.9969
vn 0.0551 -0.0369 -0.9978
vn 0.0618 -0.0419 -0.9972
vn 0.0518 -0.0547 -0.9972
vn -0.0174 -0.0203 -0.9996
vn -0.0886 0.0133 -0.9960
vn 0.9076 0.4191 -0.0263
vn 0.9407 0.3384 -0.0243
vn 0.9399 0.3412 -0.0089
vn 0.9065 0.4221 -0.0097
vn 0.9397 0.3419 -0.0001
vn 0.9062 0.4228 -0.0001
vn 0.8678 0.4961 -0.0286
vn 0.8665 0.4991 -0.0106
vn 0.8661 0.4999 -0.0001
vn 0.9065 0.4221 0.0095
vn 0.9399 0.3413 0.0087
vn 0.9407 0.3382 0.0249
vn 0.9076 0.4189 0.0271
vn 0.8664 0.4992 0.0104
vn 0.8679 0.4959 0.0294
vn 0.8214 0.5694 0.0315
vn 0.7683 0.6392 0.0345
vn 0.7666 0.6420 0.0124
vn 0.8198 0.5725 0.0114
vn 0.7661 0.6427 -0.0001
vn 0.8194 0.5732 -0.0001
vn 0.8198 0.5725 -0.0116
vn 0.7666 0.6420 -0.0127
vn 0.7682 0.6393 -0.0340
vn 0.8214 0.5695 -0.0311
vn 0.7090 0.7043 -0.0363
vn 0.7074 0.7067 -0.0138
vn 0.7068 0.7074 -0.0004
vn 0.6447 0.7635 -0.0387
vn 0.6434 0.7654 -0.0138
vn 0.6433 0.7656 0.0079
vn 0.7075 0.7066 0.0140
vn 0.7092 0.7040 0.0369
vn 0.6446 0.7636 0.0381
vn 0.5753 0.8170 0.0399
vn 0.5009 0.8645 0.0412
vn 0.5003 0.8658 0.0087
vn 0.5742 0.8187 0.0083
vn 0.5742 0.8186 -0.0144
vn 0.5003 0.8657 -0.0149
vn 0.5010 0.8644 -0.0422
vn 0.5753 0.8169 -0.0407
vn 0.4290 0.9023 -0.0432
vn 0.4287 0.9033 -0.0153
vn 0.4287 0.9034 0.0090
vn 0.3648 0.9300 -0.0442
vn 0.3648 0.9310 -0.0156
vn 0.3646 0.9311 0.0091
vn 0.4290 0.9023 0.0422
vn 0.3646 0.9302 0.0433
vn 0.3028 0.9520 0.0455
vn 0.2348 0.9709 0.0464
vn 0.2348 0.9719 0.0175
vn 0.3033 0.9527 0.0176
vn 0.2348 0.9720 -0.0000
vn 0.3027 0.9531 -0.0007
vn 0.3027 0.9529 -0.0170
vn 0.2348 0.9719 -0.0176
vn 0.2348 0.9710 -0.0461
vn 0.3028 0.9520 -0.0452
vn 0.1575 0.9864 -0.0468
vn 0.1574 0.9874 -0.0178
vn 0.1574 0.9875 -0.0000
vn 0.0808 0.9956 -0.0475
vn 0.0806 0.9966 -0.0179
vn 0.0806 0.9967 -0.0000
vn 0.1575 0.9874 0.0177
vn 0.1575 0.9864 0.0471
vn 0.0806 0.9966 0.0179
vn 0.0808 0.9956 0.0478
vn 0.0222 0.9986 0.0481
vn 0.2921 -0.9564 -0.0071
vn 0.2327 -0.9725 -0.0069
vn 0.2343 -0.9722 -0.0024
vn 0.2941 -0.9558 -0.0025
vn 0.2347 -0.9721 -0.0000
vn 0.2946 -0.9556 -0.0000
vn 0.3336 -0.9427 -0.0074
vn 0.3358 -0.9419 -0.0026
vn 0.3363 -0.9418 -0.0000
vn 0.2941 -0.9558 0.0024
vn 0.2343 -0.9722 0.0024
vn 0.2326 -0.9725 0.0071
vn 0.2920 -0.9564 0.0073
vn 0.3358 -0.9419 0.0025
vn 0.3335 -0.9427 0.0076
vn 0.3721 -0.9282 0.0078
vn 0.4218 -0.9067 0.0079
vn 0.4239 -0.9057 0.0031
vn 0.3746 -0.9272 0.0026
vn 0.4249 -0.9053 -0.0003
vn 0.3751 -0.9270 -0.0000
vn 0.3746 -0.9272 -0.0027
vn 0.4248 -0.9053 -0.0027
vn 0.4218 -0.9067 -0.0080
vn 0.3721 -0.9282 -0.0077
vn 0.4844 -0.8748 -0.0083
vn 0.4885 -0.8726 -0.0028
vn 0.4896 -0.8719 0.0018
vn 0.5497 -0.8353 -0.0092
vn 0.5561 -0.8311 -0.0031
vn 0.5554 -0.8316 0.0014
vn 0.4844 -0.8748 0.0082
vn 0.5497 -0.8353 0.0094
vn 0.6053 -0.7959 0.0120
vn 0.6152 -0.7884 0.0048
vn 0.6191 -0.7854 -0.0007
vn 0.6149 -0.7886 -0.0043
vn 0.6059 -0.7954 -0.0113
vn 0.8459 -0.5331 -0.0165
vn 0.8069 -0.5904 -0.0166
vn 0.8070 -0.5905 -0.0058
vn 0.8459 -0.5333 -0.0058
vn 0.8070 -0.5906 -0.0000
vn 0.8459 -0.5333 -0.0000
vn 0.8783 -0.4778 -0.0163
vn 0.8784 -0.4779 -0.0057
vn 0.8784 -0.4779 -0.0000
vn 0.8459 -0.5333 0.0058
vn 0.8070 -0.5905 0.0058
vn 0.8069 -0.5904 0.0166
vn 0.8459 -0.5331 0.0164
vn 0.8784 -0.4779 0.0057
vn 0.8783 -0.4778 0.0163
vn 0.9089 -0.4166 0.0162
vn 0.9393 -0.3426 0.0162
vn 0.9396 -0.3421 0.0057
vn 0.9091 -0.4164 0.0057
vn 0.9397 -0.3420 -0.0000
vn 0.9092 -0.4164 -0.0000
vn 0.9091 -0.4165 -0.0057
vn 0.9396 -0.3422 -0.0057
vn 0.9393 -0.3426 -0.0161
vn 0.9090 -0.4166 -0.0161
vn 0.9656 -0.2596 -0.0162
vn 0.9659 -0.2588 -0.0058
vn 0.9660 -0.2585 -0.0000
vn 0.9844 -0.1753 -0.0167
vn 0.9847 -0.1741 -0.0060
vn 0.9848 -0.1737 -0.0000
vn 0.9659 -0.2587 0.0057
vn 0.9656 -0.2597 0.0165
vn 0.9847 -0.1740 0.0059
vn 0.9844 -0.1754 0.0170
vn 0.9958 -0.0896 0.0174
vn 0.9998 -0.0025 0.0189
vn 1.0000 -0.0006 0.0065
vn 0.9961 -0.0880 0.0062
vn 1.0000 -0.0001 -0.0001
vn 0.9962 -0.0876 -0.0000
vn 0.9961 -0.0880 -0.0063
vn 1.0000 -0.0006 -0.0066
vn 0.9998 -0.0024 -0.0184
vn 0.9958 -0.0896 -0.0174
vn 0.9962 0.0848 -0.0196
vn 0.9962 0.0869 -0.0071
vn 0.9962 0.0874 -0.0001
vn 0.9851 0.1706 -0.0213
vn 0.9849 0.1730 -0.0076
vn 0.9848 0.1736 -0.0001
vn 0.9962 0.0869 0.0070
vn 0.9962 0.0847 0.0201
vn 0.9849 0.1730 0.0075
vn 0.9851 0.1705 0.0215
vn 0.9667 0.2550 0.0231
vn 0.9662 0.2578 0.0080
vn 0.9660 0.2584 -0.0001
vn 0.9662 0.2578 -0.0082
vn 0.9666 0.2552 -0.0225
vn -0.0202 -0.9998 -0.0000
vn -0.0746 -0.9953 -0.0619
vn -0.0750 -0.9972 -0.0000
vn -0.0201 -0.9978 0.0625
vn -0.0747 -0.9953 0.0620
vn -0.1490 -0.9870 0.0610
vn -0.1494 -0.9888 -0.0000
vn -0.1491 -0.9869 -0.0614
vn 0.0131 -0.0564 0.9983
vn -0.0063 -0.2420 0.9703
vn 0.0144 0.2391 0.9709
vn 0.0349 0.2154 0.9759
vn 0.0490 0.2065 0.9772
vn 0.0108 -0.0503 0.9987
vn -0.0253 -0.2496 0.9680
vn -0.0268 0.0668 -0.9974
vn -0.0299 -0.0028 -0.9995
vn -0.0985 0.0536 -0.9937
vn -0.1093 -0.0165 -0.9939
vn -0.1172 -0.0844 -0.9895
vn -0.2243 -0.1114 -0.9681
vn -0.2116 -0.0463 -0.9763
vn -0.1933 0.0238 -0.9808
vn 0.0219 -0.9997 -0.0066
vn 0.0220 -0.9998 -0.0023
vn 0.0798 -0.9968 -0.0067
vn 0.0803 -0.9968 -0.0023
vn 0.0804 -0.9968 -0.0000
vn 0.0220 -0.9998 0.0023
vn 0.0803 -0.9968 0.0023
vn 0.0798 -0.9968 0.0067
vn 0.1559 -0.9877 0.0069
vn 0.1570 -0.9876 0.0023
vn 0.1573 -0.9876 -0.0000
vn 0.1570 -0.9876 -0.0023
vn 0.1559 -0.9877 -0.0068
vn -0.0272 0.9995 -0.0159
vn -0.0513 0.9985 -0.0182
vn -0.0361 0.9993 -0.0000
vn -0.0146 0.9999 0.0001
vn -0.0155 0.9998 -0.0144
vn -0.0513 0.9985 0.0182
vn -0.0268 0.9995 0.0158
vn -0.0127 0.9998 0.0143
vn -0.6899 -0.3391 0.6395
vn -0.6903 -0.3585 0.6285
vn -0.6959 -0.4039 0.5938
vn -0.6981 -0.3861 0.6031
vn -0.6717 -0.3065 0.6745
vn -0.6809 -0.3542 0.6410
vn -0.7018 -0.4405 0.5599
vn -0.7071 -0.4221 0.5673
vn -0.6912 -0.3890 0.6091
vn -0.6543 -0.3494 0.6707
vn -0.6450 -0.3149 0.6963
vn -0.6354 -0.2666 0.7247
vn -0.1127 -0.0267 -0.9933
vn -0.1413 -0.0461 -0.9889
vn -0.0838 -0.0506 -0.9952
vn -0.0553 -0.0337 -0.9979
vn -0.0918 -0.0096 -0.9957
vn -0.0333 -0.0208 -0.9992
vn -0.0516 -0.0754 -0.9958
vn -0.0203 -0.0606 -0.9980
vn 0.0064 -0.0505 -0.9987
vn 0.0308 -0.0433 -0.9986
vn -0.0156 -0.0106 -0.9998
vn -0.0765 0.0064 -0.9970
vn 0.6617 -0.7496 -0.0160
vn 0.6371 -0.7707 -0.0131
vn 0.6417 -0.7669 -0.0048
vn 0.6624 -0.7491 -0.0057
vn 0.6626 -0.7490 -0.0000
vn 0.7080 -0.7060 -0.0165
vn 0.7083 -0.7059 -0.0058
vn 0.7084 -0.7058 -0.0000
vn 0.6624 -0.7491 0.0056
vn 0.6415 -0.7671 0.0045
vn 0.6371 -0.7707 0.0135
vn 0.6616 -0.7497 0.0161
vn 0.7083 -0.7059 0.0058
vn 0.7080 -0.7060 0.0165
vn 0.7595 -0.6503 0.0166
vn 0.7597 -0.6503 0.0059
vn 0.7597 -0.6503 -0.0000
vn 0.7597 -0.6503 -0.0058
vn 0.7595 -0.6503 -0.0167
vn 0.9981 0.0578 -0.0195
vn 0.9941 0.0088 -0.1085
vn 0.9937 0.0425 -0.1042
vn 0.9872 0.1584 -0.0199
vn 0.9877 0.1187 -0.1022
vn 0.9419 0.0462 -0.3327
vn 0.9316 0.0037 -0.3634
vn 0.7796 -0.0350 -0.6254
vn 0.8234 -0.0267 -0.5668
vn 0.8424 0.0082 -0.5388
vn 0.8402 0.0830 -0.5358
vn 0.8858 0.3113 -0.3441
vn 0.9303 0.1571 -0.3314
vn 0.8432 0.5241 -0.1194
vn 0.9454 0.3070 -0.1097
vn 0.7669 0.6412 -0.0250
vn 0.9189 0.3939 -0.0226
vn 0.9940 0.0092 0.1093
vn 0.9981 0.0578 0.0195
vn 0.9937 0.0422 0.1042
vn 0.9872 0.1584 0.0199
vn 0.9877 0.1187 0.1022
vn 0.9454 0.3070 0.1096
vn 0.9189 0.3939 0.0226
vn 0.7669 0.6412 0.0250
vn 0.8432 0.5241 0.1194
vn 0.8858 0.3113 0.3441
vn 0.8402 0.0830 0.5359
vn 0.8424 0.0082 0.5388
vn 0.9303 0.1571 0.3314
vn 0.8231 -0.0263 0.5673
vn 0.9419 0.0462 0.3326
vn 0.9256 0.0109 0.3783
vn 0.7809 -0.0351 0.6236
vn 0.1878 -0.0748 0.9793
vn 0.3068 -0.0449 0.9507
vn 0.3552 -0.0709 0.9321
vn 0.2698 -0.1238 0.9549
vn 0.4358 -0.1132 0.8929
vn 0.6082 -0.0616 0.7914
vn 0.5517 -0.0403 0.8331
vn 0.6667 -0.0780 0.7412
vn 0.7520 -0.0730 0.6551
vn 0.7247 -0.0908 0.6831
vn 0.6003 -0.1994 0.7745
vn 0.5320 -0.1643 0.8306
vn 0.4862 -0.2536 0.8362
vn 0.3841 -0.1920 0.9031
vn 0.6763 -0.3632 -0.6409
vn 0.7140 -0.2117 -0.6673
vn 0.6948 -0.2248 -0.6831
vn 0.6474 -0.3496 -0.6772
vn 0.7334 0.1056 -0.6715
vn 0.7263 0.1530 -0.6701
vn 0.6299 0.5303 -0.5674
vn 0.6715 0.4622 -0.5792
vn 0.7467 0.0554 -0.6629
vn 0.7313 0.3594 -0.5797
vn 0.8023 0.2205 -0.5547
vn 0.7520 -0.0730 -0.6551
vn 0.7613 -0.0089 -0.6484
vn 0.6007 -0.1991 -0.7743
vn 0.6581 -0.2144 -0.7217
vn 0.4862 -0.2536 -0.8363
vn 0.5792 -0.3078 -0.7548
vn 0.1409 0.9850 -0.0996
vn 0.1080 0.9939 -0.0208
vn 0.2119 0.9708 -0.1124
vn 0.2465 0.9689 -0.0234
vn 0.3654 0.9226 -0.1239
vn 0.6288 0.7680 -0.1216
vn 0.5217 0.8528 -0.0243
vn 0.7583 0.5448 -0.3579
vn 0.5870 0.7157 -0.3784
vn 0.4700 0.8024 -0.3677
vn 0.4016 0.8478 -0.3465
vn 0.1079 0.9939 0.0208
vn 0.1409 0.9850 0.0996
vn 0.2118 0.9708 0.1124
vn 0.2465 0.9688 0.0234
vn 0.3654 0.9226 0.1238
vn 0.4700 0.8024 0.3677
vn 0.4016 0.8477 0.3465
vn 0.6299 0.5303 0.5674
vn 0.6715 0.4622 0.5792
vn 0.5870 0.7157 0.3785
vn 0.7313 0.3594 0.5797
vn 0.8023 0.2205 0.5547
vn 0.7583 0.5449 0.3579
vn 0.6288 0.7680 0.1216
vn 0.5217 0.8528 0.0243
vn 0.7140 -0.2118 0.6674
vn 0.6763 -0.3631 0.6409
vn 0.6950 -0.2242 0.6832
vn 0.6472 -0.3497 0.6774
vn 0.6581 -0.2144 0.7217
vn 0.5792 -0.3078 0.7548
vn 0.7613 -0.0089 0.6483
vn 0.7467 0.0554 0.6629
vn 0.7334 0.1056 0.6715
vn 0.7264 0.1529 0.6701
vn 0.3070 -0.0454 -0.9506
vn 0.1874 -0.0746 -0.9794
vn 0.3551 -0.0709 -0.9321
vn 0.2698 -0.1238 -0.9549
vn 0.4351 -0.1129 -0.8933
vn 0.5320 -0.1642 -0.8307
vn 0.3840 -0.1919 -0.9032
vn 0.7244 -0.0908 -0.6833
vn 0.6668 -0.0779 -0.7412
vn 0.5502 -0.0394 -0.8341
vn 0.6082 -0.0593 -0.7915
vn -0.9981 0.0580 0.0195
vn -0.9940 0.0089 0.1086
vn -0.9937 0.0425 0.1042
vn -0.9872 0.1585 0.0199
vn -0.9877 0.1187 0.1022
vn -0.9419 0.0462 0.3327
vn -0.9316 0.0037 0.3634
vn -0.7795 -0.0350 0.6254
vn -0.8234 -0.0267 0.5668
vn -0.8424 0.0082 0.5388
vn -0.8402 0.0830 0.5359
vn -0.8858 0.3113 0.3441
vn -0.9303 0.1571 0.3314
vn -0.8432 0.5241 0.1194
vn -0.9454 0.3070 0.1096
vn -0.7669 0.6412 0.0250
vn -0.9189 0.3939 0.0226
vn -0.9939 0.0092 -0.1095
vn -0.9981 0.0579 -0.0195
vn -0.9937 0.0422 -0.1042
vn -0.9872 0.1584 -0.0199
vn -0.9877 0.1187 -0.1022
vn -0.9454 0.3070 -0.1096
vn -0.9189 0.3939 -0.0226
vn -0.7669 0.6412 -0.0250
vn -0.8432 0.5241 -0.1194
vn -0.8858 0.3113 -0.3441
vn -0.8402 0.0830 -0.5359
vn -0.8424 0.0082 -0.5387
vn -0.9303 0.1571 -0.3315
vn -0.8231 -0.0263 -0.5674
vn -0.9419 0.0462 -0.3326
vn -0.9256 0.0109 -0.3783
vn -0.7809 -0.0351 -0.6237
vn -0.3069 -0.0451 0.9507
vn -0.1877 -0.0747 0.9794
vn -0.3551 -0.0709 0.9321
vn -0.2697 -0.1237 0.9550
vn -0.4358 -0.1132 0.8929
vn -0.5320 -0.1642 0.8307
vn -0.3839 -0.1918 0.9032
vn -0.4862 -0.2536 0.8362
vn -0.6007 -0.1991 0.7743
vn -0.7520 -0.0730 0.6551
vn -0.7242 -0.0909 0.6836
vn -0.6668 -0.0779 0.7412
vn -0.5501 -0.0394 0.8342
vn -0.6082 -0.0593 0.7915
vn -0.7140 -0.2117 -0.6674
vn -0.6763 -0.3632 -0.6409
vn -0.6950 -0.2242 -0.6831
vn -0.6472 -0.3497 -0.6774
vn -0.6582 -0.2144 -0.7217
vn -0.5792 -0.3078 -0.7548
vn -0.4861 -0.2536 -0.8363
vn -0.6007 -0.1991 -0.7743
vn -0.7520 -0.0729 -0.6551
vn -0.8023 0.2205 -0.5547
vn -0.7613 -0.0089 -0.6484
vn -0.7313 0.3594 -0.5797
vn -0.7467 0.0553 -0.6629
vn -0.7334 0.1056 -0.6715
vn -0.6715 0.4622 -0.5792
vn -0.6299 0.5304 -0.5674
vn -0.7263 0.1529 -0.6701
vn -0.1078 0.9940 -0.0208
vn -0.1409 0.9850 -0.0996
vn -0.2118 0.9708 -0.1124
vn -0.2466 0.9688 -0.0234
vn -0.3654 0.9226 -0.1239
vn -0.4700 0.8024 -0.3677
vn -0.4016 0.8477 -0.3465
vn -0.5870 0.7155 -0.3786
vn -0.7583 0.5448 -0.3579
vn -0.6289 0.7679 -0.1216
vn -0.5217 0.8528 -0.0243
vn -0.1409 0.9850 0.0996
vn -0.1079 0.9939 0.0208
vn -0.2119 0.9708 0.1125
vn -0.2465 0.9689 0.0234
vn -0.3654 0.9226 0.1238
vn -0.6289 0.7679 0.1216
vn -0.5217 0.8528 0.0243
vn -0.8023 0.2205 0.5547
vn -0.7583 0.5449 0.3579
vn -0.7313 0.3593 0.5797
vn -0.5870 0.7157 0.3785
vn -0.4701 0.8024 0.3677
vn -0.6715 0.4621 0.5792
vn -0.6299 0.5304 0.5674
vn -0.4015 0.8478 0.3464
vn -0.6762 -0.3631 0.6410
vn -0.7140 -0.2117 0.6673
vn -0.6948 -0.2248 0.6832
vn -0.6474 -0.3496 0.6772
vn -0.7334 0.1056 0.6715
vn -0.7263 0.1530 0.6702
vn -0.7467 0.0554 0.6629
vn -0.7613 -0.0089 0.6484
vn -0.6582 -0.2144 0.7217
vn -0.5793 -0.3078 0.7548
vn -0.1878 -0.0748 -0.9793
vn -0.3067 -0.0448 -0.9507
vn -0.3553 -0.0709 -0.9321
vn -0.2696 -0.1237 -0.9550
vn -0.4354 -0.1130 -0.8931
vn -0.6081 -0.0616 -0.7914
vn -0.5516 -0.0403 -0.8331
vn -0.6668 -0.0780 -0.7412
vn -0.7247 -0.0908 -0.6831
vn -0.5320 -0.1643 -0.8307
vn -0.3839 -0.1918 -0.9032
vn 0.9349 0.3347 -0.1178
vn 0.9616 0.2479 -0.1176
vn 0.9799 0.1600 -0.1191
vn 0.9899 0.0711 -0.1223
vn 0.9917 -0.0183 -0.1270
vn 0.9125 -0.0586 -0.4048
vn 0.7337 -0.0981 -0.6724
vn 0.7390 -0.0232 -0.6733
vn 0.9155 0.0283 -0.4012
vn 0.7339 0.0545 -0.6770
vn 0.9090 0.1166 -0.4002
vn 0.8916 0.2051 -0.4036
vn 0.7170 0.1338 -0.6842
vn 0.6885 0.2136 -0.6931
vn 0.8643 0.2935 -0.4085
vn 0.9918 -0.0183 0.1268
vn 0.9900 0.0710 0.1222
vn 0.9800 0.1598 0.1190
vn 0.9617 0.2478 0.1176
vn 0.9350 0.3346 0.1178
vn 0.8644 0.2934 0.4084
vn 0.6881 0.2133 0.6936
vn 0.7170 0.1338 0.6841
vn 0.8918 0.2051 0.4034
vn 0.7340 0.0546 0.6769
vn 0.9088 0.1165 0.4006
vn 0.9156 0.0283 0.4010
vn 0.7389 -0.0232 0.6734
vn 0.7337 -0.0980 0.6724
vn 0.9126 -0.0585 0.4046
vn 0.9525 0.2741 -0.1330
vn 0.9200 0.3707 -0.1270
vn 0.9049 0.4079 -0.1215
vn 0.9108 0.3956 -0.1185
vn 0.6585 0.2709 -0.7021
vn 0.8374 0.3561 -0.4147
vn 0.6301 0.2636 -0.7304
vn 0.8259 0.3716 -0.4241
vn 0.8313 0.3370 -0.4420
vn 0.6365 0.1876 -0.7481
vn 0.8544 0.2467 -0.4574
vn 0.9109 0.3954 0.1185
vn 0.9049 0.4078 0.1216
vn 0.9201 0.3705 0.1272
vn 0.9525 0.2740 0.1329
vn 0.8544 0.2466 0.4574
vn 0.6365 0.1875 0.7481
vn 0.6294 0.2568 0.7335
vn 0.8316 0.3381 0.4406
vn 0.8277 0.3727 0.4196
vn 0.8373 0.3561 0.4148
vn 0.6583 0.2711 0.7022
vn 0.9929 0.0216 -0.1173
vn 0.9890 0.0745 -0.1278
vn 0.9782 0.1590 -0.1340
vn 0.6542 0.1040 -0.7491
vn 0.8781 0.1393 -0.4578
vn 0.6816 0.0407 -0.7306
vn 0.8966 0.0599 -0.4388
vn 0.9144 0.0075 -0.4047
vn 0.7208 -0.0053 -0.6932
vn 0.9980 0.0638 -0.0000
vn 0.9850 0.1725 -0.0000
vn 0.7331 0.6802 -0.0000
vn 0.9056 0.4242 -0.0000
vn 0.9781 0.1592 0.1341
vn 0.9890 0.0747 0.1276
vn 0.9929 0.0212 0.1167
vn 0.7218 -0.0056 0.6921
vn 0.9142 0.0074 0.4052
vn 0.6816 0.0407 0.7306
vn 0.8966 0.0599 0.4387
vn 0.8781 0.1394 0.4578
vn 0.6542 0.1040 0.7491
vn 0.0129 0.9980 -0.0614
vn 0.0253 0.9976 -0.0645
vn 0.0481 0.9965 -0.0686
vn 0.0366 0.9972 -0.0656
vn 0.2458 0.9049 -0.3476
vn 0.4448 0.6355 -0.6311
vn 0.3766 0.6462 -0.6638
vn 0.2047 0.9099 -0.3609
vn 0.3150 0.6579 -0.6841
vn 0.1701 0.9143 -0.3677
vn 0.1352 0.9184 -0.3717
vn 0.2554 0.6725 -0.6946
vn 0.1922 0.6872 -0.7006
vn 0.1031 0.9222 -0.3726
vn 0.0485 0.9964 0.0692
vn 0.0371 0.9971 0.0660
vn 0.0283 0.9976 0.0631
vn 0.0138 0.9980 0.0615
vn 0.0218 0.9979 0.0613
vn 0.1035 0.9218 0.3737
vn 0.1922 0.6873 0.7005
vn 0.2552 0.6722 0.6950
vn 0.1361 0.9180 0.3725
vn 0.3150 0.6578 0.6841
vn 0.1694 0.9140 0.3687
vn 0.2047 0.9098 0.3610
vn 0.3766 0.6463 0.6637
vn 0.4448 0.6354 0.6312
vn 0.2459 0.9047 0.3478
vn 0.0034 0.9982 -0.0599
vn -0.0035 0.9982 -0.0603
vn 0.1250 0.6990 -0.7041
vn 0.0653 0.9247 -0.3751
vn 0.0621 0.7060 -0.7054
vn 0.0334 0.9263 -0.3752
vn 0.0168 0.7082 -0.7058
vn -0.0081 0.9275 -0.3737
vn 0.0079 0.9275 -0.3736
vn 0.0035 0.9982 0.0603
vn 0.0080 0.9274 0.3740
vn 0.0168 0.7081 0.7059
vn 0.0622 0.7060 0.7055
vn 0.0335 0.9261 0.3757
vn 0.0655 0.9249 0.3745
vn 0.1250 0.6989 0.7042
vn 0.4845 -0.8540 -0.1897
vn 0.4160 -0.8885 -0.1938
vn 0.3531 -0.9138 -0.2005
vn 0.2909 -0.9336 -0.2093
vn 0.2216 -0.9503 -0.2186
vn 0.1990 -0.8580 -0.4735
vn 0.1591 -0.6971 -0.6991
vn 0.2162 -0.7062 -0.6742
vn 0.2642 -0.8522 -0.4517
vn 0.2676 -0.7110 -0.6503
vn 0.3225 -0.8427 -0.4311
vn 0.3801 -0.8256 -0.4171
vn 0.3172 -0.7070 -0.6320
vn 0.3674 -0.6907 -0.6229
vn 0.4411 -0.7984 -0.4100
vn 0.2215 -0.9502 0.2191
vn 0.2909 -0.9335 0.2095
vn 0.3531 -0.9138 0.2006
vn 0.4159 -0.8885 0.1938
vn 0.4845 -0.8540 0.1895
vn 0.4410 -0.7983 0.4100
vn 0.3674 -0.6907 0.6228
vn 0.3172 -0.7071 0.6319
vn 0.3800 -0.8257 0.4168
vn 0.2676 -0.7111 0.6502
vn 0.3223 -0.8427 0.4313
vn 0.2641 -0.8521 0.4519
vn 0.2161 -0.7062 0.6742
vn 0.1592 -0.6972 0.6990
vn 0.1990 -0.8581 0.4734
vn 0.7378 -0.6513 -0.1773
vn 0.6806 -0.7097 -0.1820
vn 0.6195 -0.7628 -0.1852
vn 0.5541 -0.8110 -0.1877
vn 0.4142 -0.6635 -0.6230
vn 0.5014 -0.7622 -0.4095
vn 0.4543 -0.6313 -0.6286
vn 0.5561 -0.7210 -0.4134
vn 0.6066 -0.6765 -0.4175
vn 0.4888 -0.5966 -0.6365
vn 0.5195 -0.5609 -0.6445
vn 0.6537 -0.6289 -0.4210
vn 0.5542 -0.8110 0.1874
vn 0.6194 -0.7629 0.1851
vn 0.6806 -0.7098 0.1818
vn 0.7379 -0.6513 0.1770
vn 0.6538 -0.6288 0.4209
vn 0.5198 -0.5610 0.6442
vn 0.4888 -0.5966 0.6366
vn 0.6066 -0.6765 0.4176
vn 0.4542 -0.6312 0.6287
vn 0.5561 -0.7211 0.4131
vn 0.5013 -0.7621 0.4099
vn 0.4142 -0.6635 0.6231
vn 0.9193 -0.3637 -0.1507
vn 0.8821 -0.4438 -0.1577
vn 0.8391 -0.5184 -0.1649
vn 0.7909 -0.5874 -0.1715
vn 0.5503 -0.5228 -0.6511
vn 0.6991 -0.5770 -0.4223
vn 0.5820 -0.4793 -0.6569
vn 0.7430 -0.5194 -0.4221
vn 0.7846 -0.4551 -0.4210
vn 0.6155 -0.4290 -0.6611
vn 0.6491 -0.3702 -0.6645
vn 0.8236 -0.3830 -0.4183
vn 0.7910 -0.5874 0.1712
vn 0.8392 -0.5183 0.1644
vn 0.8822 -0.4438 0.1573
vn 0.9193 -0.3637 0.1503
vn 0.8238 -0.3830 0.4180
vn 0.6491 -0.3702 0.6645
vn 0.6155 -0.4289 0.6612
vn 0.7849 -0.4550 0.4206
vn 0.5820 -0.4792 0.6570
vn 0.7429 -0.5194 0.4224
vn 0.6992 -0.5770 0.4221
vn 0.5499 -0.5227 0.6515
vn 0.9854 -0.1070 -0.1322
vn 0.9712 -0.1942 -0.1378
vn 0.9492 -0.2798 -0.1439
vn 0.6791 -0.3057 -0.6674
vn 0.8569 -0.3056 -0.4152
vn 0.7033 -0.2387 -0.6697
vn 0.8829 -0.2256 -0.4119
vn 0.9014 -0.1433 -0.4085
vn 0.7215 -0.1695 -0.6713
vn 0.9493 -0.2798 0.1437
vn 0.9713 -0.1942 0.1376
vn 0.9855 -0.1070 0.1320
vn 0.7217 -0.1694 0.6712
vn 0.9016 -0.1432 0.4082
vn 0.7032 -0.2387 0.6697
vn 0.8830 -0.2255 0.4116
vn 0.8571 -0.3055 0.4149
vn 0.6790 -0.3057 0.6674
vn 0.3357 -0.1362 -0.9321
vn 0.3333 -0.0936 -0.9382
vn 0.3233 -0.0475 -0.9451
vn 0.3046 0.0006 -0.9525
vn 0.2777 0.0497 -0.9594
vn 0.5013 0.1377 -0.8543
vn 0.5299 0.0709 -0.8451
vn 0.5484 0.0051 -0.8362
vn 0.5556 -0.0589 -0.8293
vn 0.5523 -0.1194 -0.8251
vn 0.3005 -0.2940 -0.9073
vn 0.3156 -0.2554 -0.9139
vn 0.3264 -0.2161 -0.9202
vn 0.3331 -0.1763 -0.9263
vn 0.5433 -0.1767 -0.8207
vn 0.5292 -0.2325 -0.8161
vn 0.5098 -0.2866 -0.8112
vn 0.4853 -0.3389 -0.8060
vn 0.2328 -0.3716 -0.8987
vn 0.2460 -0.3652 -0.8979
vn 0.2637 -0.3508 -0.8986
vn 0.2825 -0.3273 -0.9017
vn 0.4580 -0.3853 -0.8011
vn 0.4305 -0.4229 -0.7974
vn 0.4061 -0.4528 -0.7938
vn 0.3850 -0.4765 -0.7904
vn 0.1828 -0.3977 -0.8991
vn 0.1997 -0.3904 -0.8987
vn 0.2121 -0.3821 -0.8995
vn 0.2224 -0.3753 -0.8998
vn 0.3653 -0.4981 -0.7864
vn 0.3431 -0.5206 -0.7818
vn 0.3158 -0.5414 -0.7792
vn 0.2822 -0.5579 -0.7804
vn 0.0815 -0.3839 -0.9198
vn 0.1134 -0.3905 -0.9136
vn 0.1395 -0.3975 -0.9069
vn 0.1623 -0.4002 -0.9020
vn 0.2444 -0.5647 -0.7883
vn 0.2055 -0.5605 -0.8022
vn 0.1644 -0.5482 -0.8200
vn 0.1187 -0.5344 -0.8369
vn 0.0003 -0.3539 -0.9353
vn 0.0161 -0.3702 -0.9288
vn 0.0464 -0.3777 -0.9247
vn 0.0982 -0.6865 -0.7204
vn 0.0703 -0.5207 -0.8508
vn 0.0447 -0.6749 -0.7366
vn 0.0290 -0.5075 -0.8612
vn 0.0082 -0.6562 -0.7546
vn 0.0014 -0.4821 -0.8761
vn 0.1828 -0.3978 0.8991
vn 0.1622 -0.4001 0.9020
vn 0.1395 -0.3970 0.9072
vn 0.1134 -0.3907 0.9135
vn 0.0813 -0.3836 0.9199
vn 0.1187 -0.5344 0.8368
vn 0.1644 -0.5484 0.8199
vn 0.2056 -0.5602 0.8024
vn 0.2444 -0.5646 0.7883
vn 0.2822 -0.5580 0.7804
vn 0.2330 -0.3717 0.8987
vn 0.2224 -0.3752 0.8999
vn 0.2121 -0.3820 0.8995
vn 0.1996 -0.3903 0.8988
vn 0.3158 -0.5414 0.7792
vn 0.3430 -0.5206 0.7818
vn 0.3653 -0.4981 0.7864
vn 0.3853 -0.4766 0.7902
vn 0.3005 -0.2936 0.9075
vn 0.2827 -0.3273 0.9017
vn 0.2636 -0.3507 0.8986
vn 0.2464 -0.3651 0.8978
vn 0.4066 -0.4528 0.7935
vn 0.4305 -0.4228 0.7975
vn 0.4579 -0.3854 0.8011
vn 0.4852 -0.3388 0.8061
vn 0.3354 -0.1360 0.9322
vn 0.3331 -0.1761 0.9263
vn 0.3261 -0.2158 0.9204
vn 0.3154 -0.2550 0.9141
vn 0.5097 -0.2865 0.8112
vn 0.5291 -0.2324 0.8161
vn 0.5433 -0.1767 0.8207
vn 0.5522 -0.1194 0.8251
vn 0.2774 0.0496 0.9595
vn 0.3042 0.0005 0.9526
vn 0.3228 -0.0476 0.9453
vn 0.3327 -0.0936 0.9384
vn 0.5556 -0.0589 0.8293
vn 0.5488 0.0051 0.8360
vn 0.5301 0.0710 0.8450
vn 0.5013 0.1376 0.8543
vn 0.2184 0.0958 0.9712
vn 0.2178 0.0673 0.9737
vn 0.2309 0.1008 0.9677
vn 0.2508 0.0865 0.9642
vn 0.4711 0.1861 0.8622
vn 0.4556 0.2025 0.8668
vn 0.4326 0.1806 0.8833
vn 0.4357 0.1299 0.8906
vn 0.2715 -0.0223 0.9622
vn 0.2445 0.0044 0.9696
vn 0.2279 0.0337 0.9731
vn 0.4487 0.0699 0.8909
vn 0.4729 0.0226 0.8808
vn 0.5119 -0.0149 0.8589
vn 0.1001 -0.1019 0.9897
vn 0.1304 -0.0790 0.9883
vn 0.1829 -0.1508 0.9715
vn 0.2125 -0.1289 0.9686
vn 0.4417 -0.2688 0.8559
vn 0.3295 -0.2002 0.9227
vn 0.4162 -0.2913 0.8614
vn 0.3009 -0.2217 0.9275
vn 0.2696 0.1571 0.9501
vn 0.3513 0.1037 0.9305
vn 0.4242 0.0484 0.9043
vn 0.4977 -0.0038 0.8674
vn 0.5772 -0.0544 0.8148
vn 0.5494 0.2984 0.7805
vn 0.4661 0.3318 0.8201
vn 0.3905 0.3670 0.8443
vn 0.3172 0.4051 0.8575
vn 0.2397 0.4402 0.8653
vn -0.0234 0.2390 0.9707
vn 0.0242 0.2372 0.9712
vn 0.0895 0.2263 0.9699
vn 0.1779 0.1996 0.9636
vn 0.1562 0.4677 0.8700
vn 0.0779 0.4840 0.8716
vn -0.0210 0.4911 0.8709
vn 0.0209 0.4913 0.8707
vn 0.5771 -0.0541 -0.8149
vn 0.4975 -0.0036 -0.8674
vn 0.4242 0.0486 -0.9043
vn 0.3513 0.1037 -0.9305
vn 0.2696 0.1569 -0.9501
vn 0.2397 0.4401 -0.8653
vn 0.3174 0.4047 -0.8576
vn 0.3904 0.3672 -0.8443
vn 0.4661 0.3316 -0.8202
vn 0.5492 0.2988 -0.7804
vn 0.7097 -0.1844 -0.6799
vn 0.6866 -0.1457 -0.7123
vn 0.6447 -0.1022 -0.7575
vn 0.5055 0.6243 -0.5956
vn 0.6226 0.2664 -0.7358
vn 0.5524 0.6063 -0.5721
vn 0.6733 0.2328 -0.7018
vn 0.7083 0.1938 -0.6788
vn 0.5941 0.5752 -0.5624
vn 0.6792 -0.4410 -0.5867
vn 0.6783 -0.4056 -0.6127
vn 0.6339 -0.4202 -0.6493
vn 0.6402 -0.3880 -0.6630
vn 0.4416 -0.2688 -0.8560
vn 0.5530 -0.3362 -0.7624
vn 0.4162 -0.2912 -0.8614
vn 0.5360 -0.3625 -0.7624
vn 0.2501 0.0863 -0.9644
vn 0.2312 0.1007 -0.9677
vn 0.2170 0.0673 -0.9739
vn 0.2184 0.0960 -0.9711
vn 0.4357 0.1300 -0.8907
vn 0.4353 0.1816 -0.8818
vn 0.4567 0.2030 -0.8661
vn 0.4711 0.1859 -0.8623
vn 0.1445 -0.9631 -0.2272
vn 0.0720 -0.9698 -0.2331
vn 0.0187 -0.9711 -0.2380
vn 0.0145 -0.8532 -0.5214
vn 0.0617 -0.8590 -0.5083
vn 0.1274 -0.8605 -0.4933
vn 0.0193 -0.9714 0.2367
vn -0.0183 -0.9712 0.2377
vn 0.0721 -0.9698 0.2332
vn 0.1447 -0.9631 0.2271
vn 0.0983 -0.6866 0.7204
vn 0.1275 -0.8607 0.4929
vn 0.0450 -0.6749 0.7365
vn 0.0618 -0.8591 0.5081
vn 0.0158 -0.8554 0.5177
vn 0.0104 -0.6652 0.7466
vn -0.0107 -0.6575 0.7534
vn -0.0158 -0.8533 0.5212
vn 0.0463 -0.3777 0.9248
vn 0.0183 -0.3699 0.9289
vn -0.0009 -0.3597 0.9331
vn 0.0001 -0.3541 0.9352
vn -0.0046 -0.4843 0.8749
vn 0.0055 -0.4976 0.8674
vn 0.0296 -0.5076 0.8611
vn 0.0703 -0.5207 0.8508
vn 0.1779 0.1995 -0.9636
vn 0.0894 0.2260 -0.9700
vn 0.0231 0.2383 -0.9709
vn 0.0208 0.4913 -0.8707
vn 0.0779 0.4839 -0.8716
vn 0.1562 0.4677 -0.8700
vn 0.0632 0.9953 -0.0740
vn 0.0807 0.9935 -0.0800
vn 0.1051 0.9905 -0.0889
vn 0.3580 0.8729 -0.3314
vn 0.3188 0.8900 -0.3261
vn 0.2838 0.8995 -0.3322
vn 0.1051 0.9905 0.0888
vn 0.0806 0.9935 0.0799
vn 0.0638 0.9952 0.0741
vn 0.5055 0.6243 0.5955
vn 0.2836 0.8996 0.3320
vn 0.5524 0.6063 0.5721
vn 0.3192 0.8897 0.3265
vn 0.3580 0.8730 0.3313
vn 0.5941 0.5752 0.5624
vn 0.0879 0.9961 -0.0000
vn 0.2168 0.9762 -0.0000
vn 0.4835 0.8754 -0.0000
vn 0.6448 -0.1023 0.7575
vn 0.6866 -0.1458 0.7123
vn 0.7098 -0.1844 0.6798
vn 0.7083 0.1938 0.6788
vn 0.6733 0.2328 0.7018
vn 0.6225 0.2666 0.7358
vn 0.6783 -0.4056 0.6127
vn 0.6404 -0.3882 0.6627
vn 0.6792 -0.4410 0.5867
vn 0.6339 -0.4202 0.6493
vn 0.5359 -0.3630 0.7623
vn 0.5536 -0.3365 0.7618
vn 0.2279 0.0338 -0.9731
vn 0.2445 0.0045 -0.9696
vn 0.2714 -0.0217 -0.9622
vn 0.5118 -0.0149 -0.8590
vn 0.4729 0.0226 -0.8808
vn 0.4488 0.0700 -0.8909
vn 0.1305 -0.0790 -0.9883
vn 0.2125 -0.1290 -0.9686
vn 0.1001 -0.1019 -0.9898
vn 0.1830 -0.1508 -0.9715
vn 0.3010 -0.2218 -0.9275
vn 0.3293 -0.2002 -0.9228
vn -0.9349 0.3347 0.1178
vn -0.9616 0.2479 0.1176
vn -0.9799 0.1600 0.1191
vn -0.9899 0.0713 0.1228
vn -0.9917 -0.0183 0.1270
vn -0.9125 -0.0586 0.4048
vn -0.7340 -0.0979 0.6720
vn -0.7390 -0.0232 0.6733
vn -0.9155 0.0283 0.4012
vn -0.7341 0.0546 0.6768
vn -0.9088 0.1165 0.4007
vn -0.8919 0.2053 0.4029
vn -0.7170 0.1339 0.6841
vn -0.6882 0.2134 0.6934
vn -0.8643 0.2935 0.4085
vn -0.9918 -0.0183 -0.1268
vn -0.9899 0.0713 -0.1227
vn -0.9800 0.1598 -0.1190
vn -0.9617 0.2478 -0.1176
vn -0.9350 0.3346 -0.1178
vn -0.8644 0.2934 -0.4083
vn -0.6885 0.2135 -0.6931
vn -0.7170 0.1338 -0.6841
vn -0.8917 0.2051 -0.4035
vn -0.7341 0.0546 -0.6769
vn -0.9088 0.1165 -0.4006
vn -0.9154 0.0283 -0.4015
vn -0.7392 -0.0232 -0.6730
vn -0.7337 -0.0980 -0.6724
vn -0.9126 -0.0585 -0.4046
vn -0.9525 0.2741 0.1330
vn -0.9201 0.3705 0.1274
vn -0.9049 0.4082 0.1210
vn -0.9108 0.3956 0.1185
vn -0.6585 0.2709 0.7021
vn -0.8374 0.3561 0.4147
vn -0.6301 0.2636 0.7304
vn -0.8259 0.3715 0.4242
vn -0.8313 0.3370 0.4420
vn -0.6365 0.1876 0.7481
vn -0.8543 0.2467 0.4574
vn -0.9109 0.3954 -0.1185
vn -0.9050 0.4078 -0.1213
vn -0.9201 0.3705 -0.1272
vn -0.9525 0.2740 -0.1329
vn -0.8544 0.2466 -0.4574
vn -0.6364 0.1876 -0.7482
vn -0.6293 0.2568 -0.7335
vn -0.8315 0.3381 -0.4407
vn -0.8276 0.3727 -0.4196
vn -0.8374 0.3561 -0.4147
vn -0.6583 0.2711 -0.7023
vn -0.9929 0.0216 0.1173
vn -0.9890 0.0745 0.1279
vn -0.9782 0.1590 0.1339
vn -0.6542 0.1040 0.7491
vn -0.8780 0.1393 0.4579
vn -0.6816 0.0407 0.7306
vn -0.8966 0.0599 0.4387
vn -0.9144 0.0075 0.4047
vn -0.7208 -0.0052 0.6931
vn -0.9980 0.0638 -0.0000
vn -0.9850 0.1725 -0.0000
vn -0.7331 0.6802 -0.0000
vn -0.9056 0.4242 -0.0000
vn -0.9782 0.1590 -0.1337
vn -0.9890 0.0746 -0.1274
vn -0.9929 0.0212 -0.1167
vn -0.7218 -0.0056 -0.6921
vn -0.9142 0.0074 -0.4053
vn -0.6816 0.0407 -0.7306
vn -0.8966 0.0599 -0.4387
vn -0.8781 0.1394 -0.4577
vn -0.6542 0.1040 -0.7491
vn -0.0129 0.9980 0.0614
vn -0.0253 0.9976 0.0645
vn -0.0481 0.9965 0.0686
vn -0.0367 0.9971 0.0662
vn -0.2459 0.9048 0.3477
vn -0.4447 0.6356 0.6311
vn -0.3766 0.6462 0.6638
vn -0.2047 0.9098 0.3609
vn -0.3149 0.6580 0.6840
vn -0.1701 0.9143 0.3676
vn -0.1352 0.9184 0.3717
vn -0.2552 0.6723 0.6949
vn -0.1922 0.6872 0.7006
vn -0.1031 0.9222 0.3726
vn -0.0486 0.9964 -0.0689
vn -0.0370 0.9971 -0.0661
vn -0.0283 0.9976 -0.0631
vn -0.0138 0.9980 -0.0615
vn -0.0218 0.9979 -0.0613
vn -0.1037 0.9216 -0.3741
vn -0.1922 0.6873 -0.7005
vn -0.2552 0.6722 -0.6950
vn -0.1360 0.9180 -0.3725
vn -0.3150 0.6580 -0.6840
vn -0.1695 0.9137 -0.3693
vn -0.2047 0.9098 -0.3610
vn -0.3766 0.6462 -0.6638
vn -0.4446 0.6357 -0.6310
vn -0.2461 0.9046 -0.3481
vn -0.0034 0.9982 0.0599
vn -0.1250 0.6988 0.7043
vn -0.0653 0.9247 0.3751
vn -0.0622 0.7056 0.7059
vn -0.0336 0.9262 0.3756
vn -0.0081 0.9276 0.3734
vn -0.0165 0.7081 0.7059
vn -0.0166 0.7084 -0.7057
vn -0.0622 0.7057 -0.7057
vn -0.0335 0.9261 -0.3757
vn -0.0655 0.9249 -0.3745
vn -0.1250 0.6989 -0.7043
vn -0.4845 -0.8540 0.1897
vn -0.4160 -0.8885 0.1938
vn -0.3531 -0.9138 0.2005
vn -0.2909 -0.9336 0.2093
vn -0.2215 -0.9503 0.2189
vn -0.1989 -0.8580 0.4736
vn -0.1592 -0.6972 0.6990
vn -0.2162 -0.7062 0.6742
vn -0.2642 -0.8522 0.4517
vn -0.2676 -0.7111 0.6502
vn -0.3225 -0.8425 0.4316
vn -0.3801 -0.8256 0.4170
vn -0.3172 -0.7071 0.6320
vn -0.3674 -0.6907 0.6228
vn -0.4410 -0.7983 0.4101
vn -0.2215 -0.9502 -0.2191
vn -0.2909 -0.9335 -0.2095
vn -0.3531 -0.9138 -0.2006
vn -0.4160 -0.8885 -0.1937
vn -0.4845 -0.8540 -0.1895
vn -0.4410 -0.7983 -0.4101
vn -0.3674 -0.6907 -0.6228
vn -0.3172 -0.7072 -0.6318
vn -0.3800 -0.8257 -0.4168
vn -0.2676 -0.7109 -0.6503
vn -0.3225 -0.8424 -0.4317
vn -0.2645 -0.8521 -0.4516
vn -0.2164 -0.7061 -0.6742
vn -0.1592 -0.6971 -0.6990
vn -0.1990 -0.8580 -0.4736
vn -0.7380 -0.6512 0.1771
vn -0.6803 -0.7099 0.1824
vn -0.6192 -0.7630 0.1856
vn -0.5541 -0.8110 0.1877
vn -0.4142 -0.6635 0.6230
vn -0.5012 -0.7620 0.4101
vn -0.4544 -0.6314 0.6284
vn -0.5561 -0.7210 0.4134
vn -0.6066 -0.6765 0.4176
vn -0.4888 -0.5966 0.6365
vn -0.5199 -0.5610 0.6442
vn -0.6539 -0.6289 0.4205
vn -0.5542 -0.8110 -0.1874
vn -0.6194 -0.7629 -0.1851
vn -0.6806 -0.7098 -0.1818
vn -0.7379 -0.6513 -0.1770
vn -0.6538 -0.6288 -0.4209
vn -0.5198 -0.5610 -0.6443
vn -0.4888 -0.5965 -0.6366
vn -0.6066 -0.6765 -0.4176
vn -0.4541 -0.6311 -0.6288
vn -0.5561 -0.7211 -0.4131
vn -0.5013 -0.7621 -0.4098
vn -0.4142 -0.6635 -0.6231
vn -0.9193 -0.3637 0.1507
vn -0.8821 -0.4439 0.1577
vn -0.8391 -0.5184 0.1649
vn -0.7908 -0.5876 0.1717
vn -0.5502 -0.5228 0.6511
vn -0.6989 -0.5770 0.4225
vn -0.5820 -0.4793 0.6569
vn -0.7429 -0.5194 0.4222
vn -0.7846 -0.4551 0.4210
vn -0.6155 -0.4290 0.6612
vn -0.6491 -0.3702 0.6645
vn -0.8236 -0.3830 0.4183
vn -0.7910 -0.5874 -0.1712
vn -0.8392 -0.5183 -0.1644
vn -0.8822 -0.4438 -0.1573
vn -0.9193 -0.3637 -0.1503
vn -0.8238 -0.3830 -0.4180
vn -0.6491 -0.3702 -0.6645
vn -0.6155 -0.4289 -0.6612
vn -0.7849 -0.4550 -0.4206
vn -0.5820 -0.4792 -0.6570
vn -0.7429 -0.5194 -0.4224
vn -0.6989 -0.5770 -0.4226
vn -0.5503 -0.5228 -0.6510
vn -0.9854 -0.1070 0.1322
vn -0.9712 -0.1942 0.1378
vn -0.9492 -0.2798 0.1440
vn -0.6791 -0.3057 0.6674
vn -0.8569 -0.3056 0.4152
vn -0.7032 -0.2387 0.6697
vn -0.8828 -0.2256 0.4119
vn -0.9014 -0.1433 0.4085
vn -0.7215 -0.1695 0.6713
vn -0.9493 -0.2798 -0.1437
vn -0.9713 -0.1940 -0.1379
vn -0.9855 -0.1070 -0.1320
vn -0.7215 -0.1695 -0.6714
vn -0.9016 -0.1432 -0.4082
vn -0.7032 -0.2387 -0.6697
vn -0.8830 -0.2255 -0.4116
vn -0.8571 -0.3055 -0.4149
vn -0.6791 -0.3057 -0.6674
vn -0.2774 0.0496 -0.9595
vn -0.3042 0.0005 -0.9526
vn -0.3228 -0.0476 -0.9453
vn -0.3327 -0.0936 -0.9384
vn -0.3349 -0.1360 -0.9324
vn -0.5522 -0.1194 -0.8251
vn -0.5556 -0.0589 -0.8293
vn -0.5483 0.0051 -0.8362
vn -0.5299 0.0709 -0.8451
vn -0.5013 0.1376 -0.8543
vn -0.3332 -0.1761 -0.9263
vn -0.3265 -0.2159 -0.9202
vn -0.3157 -0.2551 -0.9139
vn -0.3008 -0.2937 -0.9073
vn -0.4852 -0.3388 -0.8061
vn -0.5097 -0.2865 -0.8112
vn -0.5291 -0.2324 -0.8161
vn -0.5433 -0.1767 -0.8207
vn -0.2825 -0.3272 -0.9017
vn -0.2638 -0.3508 -0.8985
vn -0.2465 -0.3652 -0.8977
vn -0.2330 -0.3716 -0.8987
vn -0.3853 -0.4766 -0.7902
vn -0.4060 -0.4526 -0.7939
vn -0.4308 -0.4228 -0.7973
vn -0.4575 -0.3854 -0.8014
vn -0.2225 -0.3753 -0.8998
vn -0.2121 -0.3820 -0.8995
vn -0.1996 -0.3903 -0.8988
vn -0.1828 -0.3978 -0.8991
vn -0.2822 -0.5580 -0.7804
vn -0.3157 -0.5413 -0.7793
vn -0.3430 -0.5206 -0.7818
vn -0.3653 -0.4981 -0.7864
vn -0.1622 -0.4001 -0.9020
vn -0.1395 -0.3971 -0.9071
vn -0.1134 -0.3907 -0.9135
vn -0.0817 -0.3841 -0.9197
vn -0.1187 -0.5345 -0.8368
vn -0.1644 -0.5484 -0.8199
vn -0.2056 -0.5601 -0.8025
vn -0.2444 -0.5646 -0.7883
vn -0.0463 -0.3777 -0.9248
vn -0.0183 -0.3698 -0.9289
vn 0.0009 -0.3596 -0.9331
vn -0.0106 -0.6652 -0.7466
vn -0.0055 -0.4976 -0.8674
vn -0.0450 -0.6749 -0.7365
vn -0.0296 -0.5075 -0.8611
vn -0.0703 -0.5206 -0.8509
vn -0.0983 -0.6866 -0.7204
vn -0.0815 -0.3839 0.9198
vn -0.1134 -0.3905 0.9136
vn -0.1395 -0.3969 0.9072
vn -0.1623 -0.4003 0.9019
vn -0.1828 -0.3977 0.8991
vn -0.2822 -0.5579 0.7805
vn -0.2445 -0.5647 0.7883
vn -0.2055 -0.5605 0.8022
vn -0.1644 -0.5482 0.8200
vn -0.1187 -0.5344 0.8369
vn -0.1996 -0.3904 0.8988
vn -0.2121 -0.3821 0.8995
vn -0.2223 -0.3752 0.8999
vn -0.2330 -0.3717 0.8987
vn -0.3853 -0.4766 0.7902
vn -0.3653 -0.4981 0.7864
vn -0.3431 -0.5206 0.7818
vn -0.3157 -0.5412 0.7794
vn -0.2464 -0.3652 0.8977
vn -0.2634 -0.3508 0.8986
vn -0.2821 -0.3275 0.9018
vn -0.3005 -0.2940 0.9073
vn -0.4853 -0.3389 0.8060
vn -0.4575 -0.3854 0.8013
vn -0.4305 -0.4229 0.7974
vn -0.4063 -0.4528 0.7936
vn -0.3156 -0.2554 0.9139
vn -0.3264 -0.2161 0.9202
vn -0.3331 -0.1763 0.9263
vn -0.3357 -0.1362 0.9321
vn -0.5523 -0.1194 0.8251
vn -0.5433 -0.1767 0.8207
vn -0.5292 -0.2325 0.8160
vn -0.5098 -0.2866 0.8112
vn -0.3333 -0.0936 0.9382
vn -0.3233 -0.0475 0.9451
vn -0.3047 0.0006 0.9525
vn -0.2777 0.0497 0.9594
vn -0.5009 0.1375 0.8545
vn -0.5299 0.0709 0.8451
vn -0.5487 0.0052 0.8360
vn -0.5556 -0.0589 0.8293
vn -0.2505 0.0866 0.9642
vn -0.2312 0.1008 0.9677
vn -0.2169 0.0673 0.9739
vn -0.2183 0.0963 0.9711
vn -0.4357 0.1300 0.8907
vn -0.4353 0.1815 0.8818
vn -0.4568 0.2030 0.8661
vn -0.4710 0.1858 0.8623
vn -0.1306 -0.0791 0.9883
vn -0.2125 -0.1290 0.9686
vn -0.1001 -0.1019 0.9898
vn -0.1830 -0.1508 0.9715
vn -0.3010 -0.2218 0.9275
vn -0.4162 -0.2913 0.8613
vn -0.4416 -0.2688 0.8560
vn -0.3294 -0.2002 0.9227
vn -0.2279 0.0339 0.9731
vn -0.2445 0.0045 0.9696
vn -0.2714 -0.0217 0.9622
vn -0.5117 -0.0149 0.8590
vn -0.4728 0.0226 0.8809
vn -0.4487 0.0699 0.8909
vn -0.5772 -0.0542 0.8148
vn -0.4976 -0.0037 0.8674
vn -0.4241 0.0487 0.9043
vn -0.3512 0.1038 0.9305
vn -0.2696 0.1570 0.9501
vn -0.2397 0.4403 0.8653
vn -0.3174 0.4048 0.8576
vn -0.3904 0.3671 0.8443
vn -0.4661 0.3316 0.8202
vn -0.5492 0.2989 0.7804
vn -0.1779 0.1995 0.9636
vn -0.0894 0.2259 0.9700
vn -0.0779 0.4840 0.8716
vn -0.1562 0.4677 0.8700
vn -0.2695 0.1572 -0.9501
vn -0.3512 0.1034 -0.9306
vn -0.4243 0.0485 -0.9042
vn -0.4977 -0.0038 -0.8674
vn -0.5772 -0.0544 -0.8148
vn -0.5494 0.2983 -0.7805
vn -0.4661 0.3321 -0.8200
vn -0.3905 0.3671 -0.8442
vn -0.3172 0.4050 -0.8575
vn -0.2397 0.4402 -0.8653
vn -0.6783 -0.4056 -0.6126
vn -0.6404 -0.3882 -0.6627
vn -0.6792 -0.4410 -0.5867
vn -0.6339 -0.4202 -0.6493
vn -0.5355 -0.3632 -0.7624
vn -0.4163 -0.2913 -0.8613
vn -0.4417 -0.2687 -0.8560
vn -0.5533 -0.3363 -0.7621
vn -0.6447 -0.1024 -0.7575
vn -0.6866 -0.1457 -0.7123
vn -0.7097 -0.1846 -0.6799
vn -0.5941 0.5752 -0.5624
vn -0.7084 0.1940 -0.6787
vn -0.5524 0.6063 -0.5721
vn -0.6733 0.2328 -0.7018
vn -0.6226 0.2664 -0.7358
vn -0.5055 0.6243 -0.5956
vn -0.2183 0.0958 -0.9712
vn -0.2181 0.0672 -0.9736
vn -0.2310 0.1008 -0.9677
vn -0.2502 0.0864 -0.9643
vn -0.4712 0.1862 -0.8621
vn -0.4557 0.2025 -0.8668
vn -0.4326 0.1806 -0.8833
vn -0.4357 0.1300 -0.8907
vn -0.1445 -0.9631 0.2272
vn -0.0719 -0.9697 0.2334
vn -0.0448 -0.6749 0.7366
vn -0.0617 -0.8590 0.5082
vn -0.1275 -0.8607 0.4930
vn -0.0983 -0.6865 0.7204
vn -0.0193 -0.9713 -0.2370
vn -0.0721 -0.9698 -0.2328
vn -0.1447 -0.9631 -0.2268
vn -0.1275 -0.8606 -0.4930
vn -0.0618 -0.8591 -0.5081
vn -0.0159 -0.8553 -0.5179
vn -0.0161 -0.3703 0.9288
vn -0.0463 -0.3777 0.9248
vn -0.0703 -0.5206 0.8509
vn -0.0290 -0.5075 0.8611
vn -0.0244 0.2380 -0.9710
vn -0.0895 0.2259 -0.9700
vn -0.1778 0.1997 -0.9636
vn -0.1562 0.4678 -0.8699
vn -0.0779 0.4841 -0.8715
vn -0.0210 0.4912 -0.8708
vn -0.0879 0.9961 -0.0000
vn -0.2168 0.9762 -0.0000
vn -0.4835 0.8754 -0.0000
vn -0.0633 0.9952 0.0741
vn -0.0806 0.9936 0.0798
vn -0.1051 0.9905 0.0889
vn -0.5941 0.5751 0.5624
vn -0.3580 0.8729 0.3314
vn -0.5524 0.6062 0.5721
vn -0.3190 0.8898 0.3263
vn -0.2843 0.8992 0.3326
vn -0.5055 0.6243 0.5956
vn -0.1051 0.9905 -0.0888
vn -0.0806 0.9935 -0.0799
vn -0.0638 0.9952 -0.0740
vn -0.2835 0.8997 -0.3320
vn -0.3192 0.8897 -0.3265
vn -0.3580 0.8729 -0.3314
vn -0.6793 -0.4410 0.5866
vn -0.6781 -0.4056 0.6130
vn -0.6339 -0.4202 0.6493
vn -0.6405 -0.3882 0.6626
vn -0.5530 -0.3362 0.7624
vn -0.5360 -0.3625 0.7624
vn -0.7098 -0.1844 0.6799
vn -0.6866 -0.1458 0.7123
vn -0.6447 -0.1022 0.7576
vn -0.6226 0.2665 0.7358
vn -0.6733 0.2328 0.7018
vn -0.7083 0.1937 0.6788
vn -0.1001 -0.1019 -0.9897
vn -0.1305 -0.0790 -0.9883
vn -0.1829 -0.1508 -0.9715
vn -0.2126 -0.1291 -0.9686
vn -0.3294 -0.2002 -0.9227
vn -0.3009 -0.2218 -0.9275
vn -0.2715 -0.0223 -0.9622
vn -0.2445 0.0045 -0.9696
vn -0.2279 0.0337 -0.9731
vn -0.4488 0.0700 -0.8909
vn -0.4728 0.0226 -0.8809
vn -0.5121 -0.0150 -0.8588
vn -0.2043 -0.1387 -0.9690
vn -0.1987 -0.1513 -0.9683
vn -0.1981 -0.1598 -0.9671
vn -0.2018 -0.1634 -0.9657
vn -0.2092 -0.1611 -0.9645
vn -0.4620 -0.1472 -0.8746
vn -0.6832 -0.1223 -0.7199
vn -0.6795 -0.1691 -0.7139
vn -0.4571 -0.1728 -0.8725
vn -0.6732 -0.2114 -0.7086
vn -0.4526 -0.1930 -0.8706
vn -0.4482 -0.2084 -0.8693
vn -0.6632 -0.2494 -0.7057
vn -0.6500 -0.2830 -0.7053
vn -0.4440 -0.2191 -0.8688
vn -0.2196 -0.1552 -0.9632
vn -0.2300 -0.1480 -0.9619
vn -0.2428 -0.1383 -0.9602
vn -0.2562 -0.1263 -0.9583
vn -0.4791 -0.0277 -0.8773
vn -0.6757 0.0756 -0.7333
vn -0.6802 0.0247 -0.7326
vn -0.4749 -0.0599 -0.8780
vn -0.6832 -0.0246 -0.7298
vn -0.4705 -0.0900 -0.8778
vn -0.4664 -0.1188 -0.8765
vn -0.6846 -0.0732 -0.7252
vn -0.2714 -0.1046 -0.9568
vn -0.2854 -0.0683 -0.9560
vn -0.2973 -0.0153 -0.9547
vn -0.3030 0.0544 -0.9514
vn -0.4695 0.2102 -0.8575
vn -0.6123 0.3604 -0.7038
vn -0.6392 0.2749 -0.7182
vn -0.4806 0.1308 -0.8671
vn -0.6570 0.1984 -0.7273
vn -0.4839 0.0646 -0.8727
vn -0.4827 0.0121 -0.8757
vn -0.6686 0.1322 -0.7318
vn -0.3004 0.1310 -0.9448
vn -0.2882 0.2040 -0.9356
vn -0.2668 0.2705 -0.9250
vn -0.2355 0.3266 -0.9154
vn -0.3331 0.5034 -0.7973
vn -0.4120 0.6539 -0.6346
vn -0.4756 0.5966 -0.6465
vn -0.3821 0.4453 -0.8097
vn -0.5303 0.5270 -0.6641
vn -0.4212 0.3747 -0.8260
vn -0.4500 0.2950 -0.8429
vn -0.5758 0.4473 -0.6844
vn -0.1997 0.3659 -0.9090
vn -0.1650 0.3862 -0.9075
vn -0.1327 0.3919 -0.9104
vn -0.1041 0.3885 -0.9155
vn -0.1414 0.5500 -0.8231
vn -0.1775 0.7098 -0.6817
vn -0.2322 0.7145 -0.6600
vn -0.1849 0.5587 -0.8085
vn -0.2878 0.7102 -0.6424
vn -0.2310 0.5578 -0.7972
vn -0.2805 0.5416 -0.7924
vn -0.3472 0.6922 -0.6327
vn -0.0762 0.3831 -0.9205
vn -0.0468 0.3778 -0.9247
vn -0.0198 0.3736 -0.9274
vn -0.0000 0.3722 -0.9281
vn -0.0039 0.5017 -0.8650
vn 0.0149 0.6818 -0.7314
vn -0.0217 0.6808 -0.7322
vn -0.0214 0.5158 -0.8564
vn -0.0661 0.6906 -0.7202
vn -0.0565 0.5258 -0.8488
vn -0.0987 0.5381 -0.8371
vn -0.1211 0.7012 -0.7027
vn -0.1043 0.3887 0.9155
vn -0.1325 0.3918 0.9105
vn -0.1648 0.3859 0.9077
vn -0.1996 0.3659 0.9090
vn -0.2356 0.3267 0.9153
vn -0.3331 0.5034 0.7972
vn -0.4120 0.6538 0.6346
vn -0.3472 0.6922 0.6328
vn -0.2805 0.5416 0.7925
vn -0.2878 0.7103 0.6424
vn -0.2309 0.5578 0.7972
vn -0.1846 0.5593 0.8082
vn -0.2322 0.7144 0.6601
vn -0.1769 0.7097 0.6819
vn -0.1411 0.5499 0.8232
vn -0.2668 0.2705 0.9250
vn -0.2884 0.2040 0.9355
vn -0.2999 0.1307 0.9450
vn -0.3028 0.0544 0.9515
vn -0.4695 0.2101 0.8576
vn -0.6124 0.3608 0.7034
vn -0.5758 0.4472 0.6845
vn -0.4500 0.2949 0.8429
vn -0.5301 0.5268 0.6645
vn -0.4212 0.3748 0.8259
vn -0.3821 0.4453 0.8097
vn -0.4756 0.5966 0.6464
vn -0.2976 -0.0148 0.9546
vn -0.2859 -0.0678 0.9558
vn -0.2714 -0.1046 0.9568
vn -0.2565 -0.1261 0.9583
vn -0.4789 -0.0279 0.8774
vn -0.6757 0.0756 0.7333
vn -0.6685 0.1322 0.7318
vn -0.4827 0.0120 0.8757
vn -0.6570 0.1984 0.7273
vn -0.4839 0.0646 0.8727
vn -0.4806 0.1308 0.8671
vn -0.6392 0.2747 0.7183
vn -0.2429 -0.1383 0.9601
vn -0.2306 -0.1478 0.9618
vn -0.2196 -0.1552 0.9632
vn -0.2097 -0.1611 0.9644
vn -0.4617 -0.1473 0.8747
vn -0.6833 -0.1223 0.7198
vn -0.6845 -0.0733 0.7253
vn -0.4661 -0.1190 0.8767
vn -0.6836 -0.0244 0.7294
vn -0.4706 -0.0900 0.8778
vn -0.4749 -0.0599 0.8780
vn -0.6802 0.0246 0.7326
vn -0.2022 -0.1634 0.9656
vn -0.1984 -0.1599 0.9670
vn -0.1988 -0.1514 0.9683
vn -0.2045 -0.1388 0.9690
vn -0.4440 -0.2190 0.8688
vn -0.6502 -0.2830 0.7051
vn -0.6634 -0.2494 0.7055
vn -0.4481 -0.2084 0.8694
vn -0.6728 -0.2116 0.7089
vn -0.4525 -0.1931 0.8706
vn -0.4572 -0.1728 0.8724
vn -0.6795 -0.1691 0.7139
vn -0.2116 -0.1282 0.9689
vn -0.2131 -0.1244 0.9691
vn -0.1821 -0.1342 0.9741
vn -0.2045 -0.1257 0.9708
vn -0.3873 -0.2852 0.8767
vn -0.5665 -0.4168 0.7109
vn -0.5973 -0.3745 0.7093
vn -0.4152 -0.2589 0.8721
vn -0.6185 -0.3422 0.7074
vn -0.4308 -0.2415 0.8696
vn -0.4396 -0.2287 0.8686
vn -0.6354 -0.3130 0.7059
vn -0.1476 -0.1449 0.9784
vn -0.1100 -0.1551 0.9818
vn -0.0717 -0.1658 0.9835
vn -0.0340 -0.1789 0.9833
vn -0.2202 -0.3962 0.8914
vn -0.3956 -0.5796 0.7125
vn -0.4322 -0.5580 0.7084
vn -0.2581 -0.3750 0.8904
vn -0.4789 -0.5156 0.7105
vn -0.3036 -0.3478 0.8871
vn -0.3476 -0.3171 0.8824
vn -0.5256 -0.4669 0.7111
vn 0.5511 -0.4057 0.7291
vn 0.4787 -0.3757 0.7935
vn 0.4208 -0.3493 0.8372
vn 0.3658 -0.3222 0.8731
vn 0.2975 -0.2931 0.9086
vn 0.2167 -0.5204 0.8260
vn 0.1105 -0.7239 0.6810
vn 0.1354 -0.7358 0.6635
vn 0.2669 -0.5389 0.7990
vn 0.1590 -0.7493 0.6429
vn 0.3093 -0.5577 0.7703
vn 0.3570 -0.5773 0.7343
vn 0.1872 -0.7657 0.6153
vn 0.2246 -0.7884 0.5727
vn 0.4182 -0.6018 0.6804
vn 0.2071 -0.2667 0.9413
vn 0.1084 -0.2481 0.9626
vn 0.0307 -0.2384 0.9707
vn 0.0218 -0.4903 0.8713
vn 0.0110 -0.7070 0.7071
vn 0.0405 -0.7092 0.7038
vn 0.0786 -0.4948 0.8654
vn 0.1506 -0.5053 0.8497
vn 0.0776 -0.7149 0.6949
vn 0.2975 -0.2932 -0.9086
vn 0.3658 -0.3223 -0.8731
vn 0.4206 -0.3494 -0.8373
vn 0.4788 -0.3758 -0.7934
vn 0.5512 -0.4059 -0.7290
vn 0.4185 -0.6016 -0.6804
vn 0.2247 -0.7884 -0.5727
vn 0.1872 -0.7657 -0.6153
vn 0.3569 -0.5773 -0.7344
vn 0.1590 -0.7493 -0.6429
vn 0.3092 -0.5578 -0.7702
vn 0.2669 -0.5390 -0.7989
vn 0.1354 -0.7359 -0.6635
vn 0.1105 -0.7240 -0.6809
vn 0.2166 -0.5205 -0.8260
vn 0.6162 -0.4417 -0.6521
vn 0.6511 -0.4805 -0.5875
vn 0.6615 -0.5161 -0.5441
vn 0.6488 -0.5378 -0.5383
vn 0.4345 -0.7470 -0.5031
vn 0.1277 -0.9025 -0.4113
vn 0.1807 -0.8875 -0.4238
vn 0.4696 -0.7201 -0.5108
vn 0.2248 -0.8573 -0.4631
vn 0.4836 -0.6788 -0.5526
vn 0.4692 -0.6367 -0.6120
vn 0.2442 -0.8205 -0.5168
vn -0.2056 -0.1257 -0.9705
vn -0.1812 -0.1343 -0.9742
vn -0.2130 -0.1243 -0.9691
vn -0.2118 -0.1282 -0.9689
vn -0.6357 -0.3131 -0.7056
vn -0.4396 -0.2288 -0.8686
vn -0.6185 -0.3421 -0.7074
vn -0.4308 -0.2416 -0.8695
vn -0.4153 -0.2591 -0.8720
vn -0.5973 -0.3744 -0.7093
vn -0.5665 -0.4168 -0.7109
vn -0.3874 -0.2852 -0.8767
vn -0.7713 0.6309 -0.0836
vn -0.8246 0.5603 -0.0787
vn -0.8706 0.4865 -0.0736
vn -0.7708 0.6036 -0.2038
vn -0.8240 0.5306 -0.1986
vn -0.8692 0.4558 -0.1917
vn -0.9097 0.4097 -0.0687
vn -0.9419 0.3296 -0.0640
vn -0.9068 0.3796 -0.1836
vn -0.9372 0.3016 -0.1752
vn -0.8635 0.2072 -0.4599
vn -0.8414 0.2789 -0.4628
vn -0.8125 0.3542 -0.4629
vn -0.7756 0.4328 -0.4594
vn -0.7292 0.5137 -0.4521
vn -0.9419 0.3297 0.0639
vn -0.9096 0.4097 0.0685
vn -0.8706 0.4865 0.0735
vn -0.9372 0.3015 0.1752
vn -0.9068 0.3795 0.1838
vn -0.8692 0.4557 0.1919
vn -0.8246 0.5603 0.0786
vn -0.7714 0.6309 0.0835
vn -0.8241 0.5304 0.1988
vn -0.7709 0.6034 0.2040
vn -0.7294 0.5139 0.4516
vn -0.7756 0.4327 0.4595
vn -0.8126 0.3542 0.4629
vn -0.8415 0.2790 0.4626
vn -0.8636 0.2072 0.4597
vn -0.5014 0.8598 -0.0967
vn -0.5766 0.8115 -0.0947
vn -0.6467 0.7572 -0.0918
vn -0.4973 0.8417 -0.2104
vn -0.5735 0.7919 -0.2098
vn -0.6446 0.7353 -0.2091
vn -0.7117 0.6969 -0.0881
vn -0.7105 0.6725 -0.2073
vn -0.6745 0.5917 -0.4416
vn -0.6134 0.6627 -0.4296
vn -0.5457 0.7253 -0.4197
vn -0.4717 0.7786 -0.4138
vn -0.7118 0.6969 0.0880
vn -0.6468 0.7571 0.0918
vn -0.7105 0.6724 0.2075
vn -0.6447 0.7352 0.2093
vn -0.5767 0.8115 0.0946
vn -0.5014 0.8598 0.0966
vn -0.5735 0.7918 0.2099
vn -0.4972 0.8417 0.2104
vn -0.4717 0.7786 0.4138
vn -0.5457 0.7254 0.4197
vn -0.6133 0.6625 0.4300
vn -0.6745 0.5918 0.4413
vn -0.2339 0.9664 -0.1070
vn -0.3018 0.9477 -0.1040
vn -0.3640 0.9259 -0.1012
vn -0.2292 0.9444 -0.2359
vn -0.2960 0.9279 -0.2268
vn -0.3583 0.9076 -0.2189
vn -0.4287 0.8981 -0.0987
vn -0.4236 0.8804 -0.2132
vn -0.3996 0.8174 -0.4150
vn -0.3351 0.8411 -0.4246
vn -0.2742 0.8550 -0.4403
vn -0.2111 0.8627 -0.4596
vn -0.4287 0.8981 0.0986
vn -0.3640 0.9259 0.1010
vn -0.4235 0.8805 0.2131
vn -0.3582 0.9077 0.2187
vn -0.3017 0.9477 0.1038
vn -0.2339 0.9664 0.1067
vn -0.2959 0.9280 0.2265
vn -0.2291 0.9445 0.2355
vn -0.2109 0.8629 0.4593
vn -0.2741 0.8550 0.4402
vn -0.3350 0.8410 0.4247
vn -0.3995 0.8174 0.4151
vn 0.0227 0.9932 -0.1140
vn -0.0223 0.9933 -0.1135
vn -0.0809 0.9904 -0.1119
vn 0.0233 0.9660 -0.2573
vn -0.0226 0.9664 -0.2562
vn -0.0801 0.9645 -0.2518
vn -0.1572 0.9815 -0.1097
vn -0.1544 0.9573 -0.2445
vn -0.1427 0.8663 -0.4787
vn -0.0757 0.8663 -0.4937
vn -0.0223 0.8632 -0.5043
vn 0.0233 0.8622 -0.5061
vn -0.1572 0.9815 0.1094
vn -0.0810 0.9904 0.1117
vn -0.1544 0.9574 0.2441
vn -0.0803 0.9645 0.2515
vn -0.0227 0.9932 0.1140
vn -0.0242 0.9657 0.2586
vn -0.0242 0.8622 0.5060
vn -0.0187 0.6798 0.7331
vn -0.0658 0.6907 0.7201
vn -0.0755 0.8663 0.4938
vn -0.1427 0.8665 0.4783
vn -0.1210 0.7011 0.7027
vn -0.4102 -0.9117 -0.0227
vn -0.3629 -0.9316 -0.0220
vn -0.3257 -0.9452 -0.0212
vn -0.3609 -0.9294 -0.0767
vn -0.3246 -0.9429 -0.0744
vn -0.2942 -0.9530 -0.0721
vn -0.2854 -0.9582 -0.0204
vn -0.2273 -0.9736 -0.0198
vn -0.2593 -0.9633 -0.0697
vn -0.2069 -0.9760 -0.0680
vn -0.0618 -0.9254 -0.3740
vn -0.0811 -0.9268 -0.3668
vn -0.0890 -0.9289 -0.3594
vn -0.0907 -0.9329 -0.3486
vn -0.0886 -0.9397 -0.3302
vn -0.2275 -0.9736 0.0197
vn -0.2856 -0.9581 0.0203
vn -0.3258 -0.9452 0.0211
vn -0.2072 -0.9760 0.0678
vn -0.2595 -0.9632 0.0696
vn -0.2942 -0.9530 0.0720
vn -0.3630 -0.9315 0.0219
vn -0.4102 -0.9117 0.0227
vn -0.3245 -0.9430 0.0744
vn -0.3610 -0.9294 0.0764
vn -0.0887 -0.9397 0.3302
vn -0.0907 -0.9329 0.3486
vn -0.0891 -0.9290 0.3593
vn -0.0811 -0.9268 0.3667
vn -0.0616 -0.9253 0.3743
vn -0.5792 -0.8147 -0.0296
vn -0.6155 -0.7873 -0.0357
vn -0.5285 -0.8485 -0.0259
vn -0.5224 -0.8473 -0.0957
vn -0.4939 -0.8652 -0.0861
vn -0.4540 -0.8874 -0.0807
vn -0.4689 -0.8829 -0.0236
vn -0.4071 -0.9101 -0.0778
vn -0.1093 -0.9472 -0.3015
vn -0.1488 -0.9498 -0.2750
vn -0.1930 -0.9466 -0.2582
vn -0.2318 -0.9388 -0.2547
vn -0.4694 -0.8827 0.0235
vn -0.5291 -0.8481 0.0259
vn -0.4070 -0.9101 0.0779
vn -0.4540 -0.8873 0.0810
vn -0.5786 -0.8150 0.0304
vn -0.5215 -0.8479 0.0956
vn -0.4940 -0.8651 0.0866
vn -0.2284 -0.9395 0.2552
vn 0.1277 -0.9025 0.4113
vn 0.1807 -0.8875 0.4239
vn -0.1937 -0.9465 0.2581
vn 0.2248 -0.8573 0.4631
vn -0.1488 -0.9498 0.2751
vn -0.1093 -0.9472 0.3014
vn 0.2441 -0.8206 0.5168
vn -0.9380 -0.3439 -0.0436
vn -0.9079 -0.4169 -0.0436
vn -0.8775 -0.4775 -0.0439
vn -0.9291 -0.3463 -0.1299
vn -0.9001 -0.4158 -0.1301
vn -0.8706 -0.4742 -0.1310
vn -0.8453 -0.5325 -0.0443
vn -0.8063 -0.5898 -0.0447
vn -0.8389 -0.5280 -0.1320
vn -0.7999 -0.5852 -0.1327
vn -0.7317 -0.5362 -0.4208
vn -0.7687 -0.4828 -0.4196
vn -0.7969 -0.4363 -0.4178
vn -0.8219 -0.3889 -0.4162
vn -0.8454 -0.3348 -0.4161
vn -0.8063 -0.5898 0.0447
vn -0.8453 -0.5325 0.0443
vn -0.8776 -0.4775 0.0439
vn -0.7999 -0.5853 0.1326
vn -0.8389 -0.5280 0.1320
vn -0.8706 -0.4742 0.1310
vn -0.9079 -0.4168 0.0436
vn -0.9380 -0.3438 0.0435
vn -0.9001 -0.4158 0.1301
vn -0.9291 -0.3462 0.1302
vn -0.8456 -0.3348 0.4157
vn -0.8219 -0.3889 0.4162
vn -0.7969 -0.4363 0.4178
vn -0.7687 -0.4828 0.4196
vn -0.7317 -0.5362 0.4207
vn -0.9987 -0.0079 -0.0499
vn -0.9944 -0.0943 -0.0473
vn -0.9828 -0.1790 -0.0453
vn -0.9892 -0.0245 -0.1448
vn -0.9845 -0.1078 -0.1386
vn -0.9728 -0.1890 -0.1338
vn -0.9640 -0.2621 -0.0440
vn -0.9543 -0.2685 -0.1309
vn -0.8669 -0.2745 -0.4160
vn -0.8827 -0.2110 -0.4199
vn -0.8933 -0.1443 -0.4256
vn -0.8983 -0.0743 -0.4331
vn -0.9641 -0.2620 0.0439
vn -0.9828 -0.1788 0.0452
vn -0.9544 -0.2683 0.1308
vn -0.9728 -0.1889 0.1337
vn -0.9944 -0.0942 0.0471
vn -0.9987 -0.0079 0.0497
vn -0.9845 -0.1077 0.1386
vn -0.9892 -0.0245 0.1448
vn -0.8980 -0.0744 0.4338
vn -0.8932 -0.1443 0.4259
vn -0.8828 -0.2109 0.4197
vn -0.8669 -0.2744 0.4162
vn -0.9671 0.2473 -0.0598
vn -0.9849 0.1636 -0.0561
vn -0.9607 0.2221 -0.1668
vn -0.9771 0.1413 -0.1589
vn -0.9955 0.0785 -0.0528
vn -0.9866 0.0591 -0.1521
vn -0.8975 -0.0028 -0.4410
vn -0.8915 0.0677 -0.4480
vn -0.8801 0.1375 -0.4544
vn -0.9955 0.0786 0.0527
vn -0.9849 0.1637 0.0559
vn -0.9867 0.0592 0.1516
vn -0.9771 0.1413 0.1589
vn -0.9671 0.2474 0.0597
vn -0.9607 0.2221 0.1668
vn -0.8801 0.1374 0.4544
vn -0.8913 0.0674 0.4485
vn -0.8975 -0.0029 0.4411
vn -0.0000 0.3723 0.9281
vn -0.0199 0.3735 0.9274
vn -0.0469 0.3781 0.9246
vn -0.0763 0.3833 0.9205
vn -0.0989 0.5382 0.8370
vn -0.0564 0.5258 0.8487
vn 0.0010 0.5045 0.8634
vn -0.0263 0.5146 0.8570
vn -0.0300 -0.2388 -0.9706
vn 0.0298 -0.2393 -0.9705
vn 0.1087 -0.2475 -0.9628
vn 0.2071 -0.2668 -0.9413
vn 0.0776 -0.7149 -0.6949
vn 0.1506 -0.5052 -0.8497
vn 0.0405 -0.7092 -0.7039
vn 0.0786 -0.4946 -0.8656
vn 0.0215 -0.4911 -0.8708
vn 0.0109 -0.7077 -0.7064
vn -0.0113 -0.7070 -0.7071
vn -0.0214 -0.4906 -0.8711
vn -0.1524 -0.9881 -0.0194
vn -0.0780 -0.9968 -0.0191
vn -0.1386 -0.9881 -0.0669
vn -0.0710 -0.9953 -0.0661
vn -0.0214 -0.9996 -0.0189
vn -0.0195 -0.9977 -0.0653
vn -0.0060 -0.9261 -0.3773
vn -0.0200 -0.9245 -0.3806
vn -0.0389 -0.9245 -0.3792
vn 0.0214 -0.9996 0.0189
vn -0.0214 -0.9996 0.0189
vn -0.0781 -0.9968 0.0191
vn 0.0195 -0.9977 0.0653
vn -0.0196 -0.9977 0.0653
vn -0.0712 -0.9953 0.0661
vn -0.1525 -0.9881 0.0193
vn -0.1388 -0.9881 0.0668
vn -0.0390 -0.9245 0.3791
vn -0.0199 -0.9244 0.3809
vn 0.0060 -0.9261 0.3773
vn -0.0060 -0.9259 0.3778
vn 0.6488 -0.5378 0.5383
vn 0.6615 -0.5161 0.5441
vn 0.6512 -0.4805 0.5875
vn 0.6163 -0.4416 0.6521
vn 0.4691 -0.6362 0.6126
vn 0.4836 -0.6788 0.5525
vn 0.4697 -0.7201 0.5108
vn 0.4346 -0.7470 0.5031
vn -0.0338 -0.1789 -0.9833
vn -0.0717 -0.1658 -0.9835
vn -0.1102 -0.1550 -0.9818
vn -0.1479 -0.1449 -0.9783
vn -0.5255 -0.4670 -0.7112
vn -0.3481 -0.3174 -0.8821
vn -0.4789 -0.5158 -0.7103
vn -0.3037 -0.3479 -0.8870
vn -0.2583 -0.3758 -0.8900
vn -0.4310 -0.5584 -0.7088
vn -0.3967 -0.5773 -0.7137
vn -0.2204 -0.3964 -0.8913
vn -0.7587 -0.6500 -0.0447
vn -0.7068 -0.7060 -0.0444
vn -0.7517 -0.6460 -0.1328
vn -0.6988 -0.7030 -0.1319
vn -0.6595 -0.7504 -0.0435
vn -0.6328 -0.7733 -0.0391
vn -0.6498 -0.7490 -0.1299
vn -0.6201 -0.7747 -0.1234
vn -0.5461 -0.7327 -0.4060
vn -0.5800 -0.7003 -0.4162
vn -0.6314 -0.6521 -0.4197
vn -0.6841 -0.5953 -0.4215
vn -0.6338 -0.7725 0.0399
vn -0.6597 -0.7503 0.0436
vn -0.7067 -0.7061 0.0444
vn -0.6234 -0.7716 0.1266
vn -0.6501 -0.7487 0.1299
vn -0.6988 -0.7030 0.1319
vn -0.7586 -0.6500 0.0447
vn -0.7517 -0.6460 0.1327
vn -0.6842 -0.5954 0.4210
vn -0.6314 -0.6520 0.4197
vn -0.5805 -0.6994 0.4169
vn -0.5419 -0.7356 0.4066
vn 0.2097 -0.1611 -0.9644
vn 0.2021 -0.1634 -0.9656
vn 0.1985 -0.1599 -0.9670
vn 0.1988 -0.1514 -0.9683
vn 0.2043 -0.1388 -0.9690
vn 0.4440 -0.2190 -0.8688
vn 0.6505 -0.2830 -0.7048
vn 0.6631 -0.2494 -0.7058
vn 0.4481 -0.2084 -0.8694
vn 0.6732 -0.2114 -0.7086
vn 0.4525 -0.1931 -0.8706
vn 0.4569 -0.1729 -0.8726
vn 0.6795 -0.1691 -0.7139
vn 0.6833 -0.1223 -0.7198
vn 0.4617 -0.1473 -0.8747
vn 0.2565 -0.1262 -0.9583
vn 0.2430 -0.1383 -0.9601
vn 0.2306 -0.1478 -0.9618
vn 0.2196 -0.1552 -0.9632
vn 0.6847 -0.0732 -0.7252
vn 0.4662 -0.1189 -0.8766
vn 0.6835 -0.0245 -0.7295
vn 0.4709 -0.0899 -0.8776
vn 0.4749 -0.0599 -0.8780
vn 0.6802 0.0246 -0.7326
vn 0.6757 0.0756 -0.7333
vn 0.4789 -0.0279 -0.8774
vn 0.3028 0.0545 -0.9515
vn 0.2976 -0.0149 -0.9546
vn 0.2859 -0.0679 -0.9559
vn 0.2714 -0.1046 -0.9568
vn 0.6685 0.1321 -0.7319
vn 0.4825 0.0119 -0.8758
vn 0.6570 0.1984 -0.7274
vn 0.4838 0.0645 -0.8728
vn 0.4806 0.1309 -0.8671
vn 0.6392 0.2748 -0.7183
vn 0.6122 0.3602 -0.7039
vn 0.4695 0.2100 -0.8576
vn 0.2355 0.3266 -0.9153
vn 0.2669 0.2707 -0.9249
vn 0.2881 0.2039 -0.9356
vn 0.3000 0.1302 -0.9450
vn 0.5757 0.4472 -0.6845
vn 0.4499 0.2949 -0.8429
vn 0.5302 0.5268 -0.6644
vn 0.4210 0.3746 -0.8261
vn 0.3821 0.4453 -0.8098
vn 0.4756 0.5966 -0.6464
vn 0.4121 0.6539 -0.6345
vn 0.3331 0.5035 -0.7972
vn 0.1039 0.3884 -0.9156
vn 0.1328 0.3916 -0.9105
vn 0.1648 0.3860 -0.9077
vn 0.1996 0.3659 -0.9090
vn 0.3472 0.6921 -0.6328
vn 0.2804 0.5415 -0.7925
vn 0.2878 0.7103 -0.6423
vn 0.2309 0.5580 -0.7971
vn 0.1848 0.5588 -0.8085
vn 0.2321 0.7146 -0.6599
vn 0.1769 0.7097 -0.6819
vn 0.1417 0.5501 -0.8230
vn 0.0199 0.3735 -0.9274
vn 0.0469 0.3777 -0.9247
vn 0.0762 0.3830 -0.9206
vn 0.1212 0.7013 -0.7025
vn 0.0986 0.5379 -0.8372
vn 0.0658 0.6908 -0.7201
vn 0.0564 0.5258 -0.8488
vn 0.0263 0.5146 -0.8570
vn 0.2355 0.3265 0.9154
vn 0.1997 0.3660 0.9090
vn 0.1649 0.3857 0.9078
vn 0.1327 0.3918 0.9104
vn 0.1041 0.3885 0.9155
vn 0.1414 0.5501 0.8231
vn 0.1777 0.7099 0.6815
vn 0.2322 0.7146 0.6599
vn 0.1849 0.5590 0.8083
vn 0.2878 0.7103 0.6424
vn 0.2310 0.5579 0.7971
vn 0.2804 0.5415 0.7925
vn 0.3472 0.6922 0.6328
vn 0.4121 0.6539 0.6345
vn 0.3331 0.5034 0.7973
vn 0.3030 0.0544 0.9514
vn 0.3001 0.1309 0.9449
vn 0.2885 0.2042 0.9354
vn 0.2668 0.2705 0.9250
vn 0.4756 0.5967 0.6464
vn 0.3821 0.4453 0.8098
vn 0.5300 0.5267 0.6646
vn 0.4212 0.3747 0.8259
vn 0.4500 0.2950 0.8429
vn 0.5758 0.4473 0.6844
vn 0.6124 0.3608 0.7034
vn 0.4697 0.2107 0.8573
vn 0.2566 -0.1261 0.9583
vn 0.2712 -0.1047 0.9568
vn 0.2854 -0.0683 0.9560
vn 0.2973 -0.0153 0.9547
vn 0.6393 0.2749 0.7181
vn 0.4806 0.1309 0.8671
vn 0.6568 0.1983 0.7275
vn 0.4837 0.0644 0.8729
vn 0.4826 0.0120 0.8758
vn 0.6684 0.1320 0.7320
vn 0.6756 0.0756 0.7333
vn 0.4789 -0.0279 0.8774
vn 0.2096 -0.1611 0.9644
vn 0.2195 -0.1552 0.9632
vn 0.2300 -0.1480 0.9619
vn 0.2423 -0.1386 0.9603
vn 0.6802 0.0247 0.7326
vn 0.4749 -0.0599 0.8780
vn 0.6835 -0.0245 0.7295
vn 0.4706 -0.0900 0.8778
vn 0.4660 -0.1189 0.8768
vn 0.6841 -0.0733 0.7257
vn 0.6834 -0.1223 0.7197
vn 0.4621 -0.1472 0.8745
vn 0.2043 -0.1387 0.9690
vn 0.1987 -0.1513 0.9683
vn 0.1981 -0.1598 0.9671
vn 0.2018 -0.1634 0.9657
vn 0.6795 -0.1691 0.7139
vn 0.4571 -0.1728 0.8725
vn 0.6732 -0.2114 0.7086
vn 0.4526 -0.1930 0.8706
vn 0.4482 -0.2084 0.8693
vn 0.6634 -0.2495 0.7055
vn 0.6502 -0.2831 0.7050
vn 0.4438 -0.2190 0.8690
vn 0.2057 -0.1258 0.9705
vn 0.1812 -0.1344 0.9742
vn 0.2132 -0.1246 0.9690
vn 0.2118 -0.1282 0.9689
vn 0.6357 -0.3131 0.7056
vn 0.4396 -0.2288 0.8686
vn 0.6185 -0.3421 0.7074
vn 0.4308 -0.2416 0.8695
vn 0.4151 -0.2589 0.8722
vn 0.5973 -0.3744 0.7093
vn 0.5665 -0.4168 0.7109
vn 0.3874 -0.2852 0.8767
vn 0.0340 -0.1789 0.9833
vn 0.0717 -0.1659 0.9835
vn 0.1101 -0.1551 0.9817
vn 0.1480 -0.1449 0.9783
vn 0.5255 -0.4670 0.7112
vn 0.3481 -0.3174 0.8821
vn 0.4789 -0.5158 0.7103
vn 0.3038 -0.3486 0.8867
vn 0.2583 -0.3755 0.8901
vn 0.4310 -0.5584 0.7088
vn 0.3967 -0.5773 0.7137
vn 0.2203 -0.3965 0.8912
vn -0.2976 -0.2932 0.9086
vn -0.3658 -0.3222 0.8731
vn -0.4206 -0.3495 0.8372
vn -0.4788 -0.3758 0.7935
vn -0.5512 -0.4061 0.7288
vn -0.4183 -0.6017 0.6804
vn -0.2247 -0.7883 0.5728
vn -0.1872 -0.7657 0.6153
vn -0.3569 -0.5773 0.7344
vn -0.1590 -0.7493 0.6429
vn -0.3090 -0.5574 0.7706
vn -0.2669 -0.5390 0.7989
vn -0.1354 -0.7358 0.6635
vn -0.1105 -0.7240 0.6809
vn -0.2167 -0.5204 0.8260
vn -0.0298 -0.2393 0.9705
vn -0.1087 -0.2475 0.9628
vn -0.2072 -0.2667 0.9412
vn -0.0776 -0.7149 0.6949
vn -0.1506 -0.5052 0.8497
vn -0.0405 -0.7092 0.7038
vn -0.0786 -0.4948 0.8654
vn -0.0215 -0.4909 0.8710
vn -0.0109 -0.7079 0.7063
vn -0.5511 -0.4057 -0.7291
vn -0.4789 -0.3756 -0.7935
vn -0.4206 -0.3494 -0.8373
vn -0.3658 -0.3222 -0.8731
vn -0.2975 -0.2932 -0.9086
vn -0.2165 -0.5205 -0.8259
vn -0.1105 -0.7240 -0.6809
vn -0.1354 -0.7359 -0.6635
vn -0.2669 -0.5389 -0.7990
vn -0.1591 -0.7492 -0.6429
vn -0.3092 -0.5578 -0.7702
vn -0.3570 -0.5774 -0.7343
vn -0.1872 -0.7657 -0.6153
vn -0.2246 -0.7884 -0.5727
vn -0.4183 -0.6017 -0.6804
vn -0.6488 -0.5378 -0.5383
vn -0.6615 -0.5161 -0.5441
vn -0.6511 -0.4805 -0.5876
vn -0.6163 -0.4416 -0.6521
vn -0.2442 -0.8206 -0.5168
vn -0.4691 -0.6362 -0.6125
vn -0.2248 -0.8574 -0.4630
vn -0.4836 -0.6789 -0.5525
vn -0.4697 -0.7201 -0.5108
vn -0.1807 -0.8875 -0.4239
vn -0.1277 -0.9025 -0.4113
vn -0.4345 -0.7470 -0.5031
vn 0.2115 -0.1282 -0.9689
vn 0.2131 -0.1244 -0.9691
vn 0.1820 -0.1341 -0.9741
vn 0.2046 -0.1257 -0.9708
vn 0.3873 -0.2852 -0.8767
vn 0.5665 -0.4169 -0.7109
vn 0.5973 -0.3745 -0.7093
vn 0.4151 -0.2589 -0.8721
vn 0.6185 -0.3422 -0.7074
vn 0.4307 -0.2415 -0.8696
vn 0.4396 -0.2287 -0.8686
vn 0.6357 -0.3131 -0.7056
vn 0.7713 0.6309 0.0836
vn 0.8246 0.5603 0.0787
vn 0.8706 0.4865 0.0736
vn 0.7708 0.6036 0.2038
vn 0.8240 0.5306 0.1986
vn 0.8692 0.4558 0.1917
vn 0.9097 0.4097 0.0687
vn 0.9419 0.3296 0.0640
vn 0.9068 0.3796 0.1837
vn 0.9372 0.3016 0.1752
vn 0.8637 0.2073 0.4594
vn 0.8415 0.2790 0.4627
vn 0.8126 0.3542 0.4629
vn 0.7756 0.4328 0.4595
vn 0.7293 0.5139 0.4517
vn 0.9419 0.3297 -0.0639
vn 0.9096 0.4097 -0.0685
vn 0.8706 0.4865 -0.0735
vn 0.9372 0.3015 -0.1752
vn 0.9068 0.3795 -0.1837
vn 0.8692 0.4557 -0.1919
vn 0.8246 0.5603 -0.0786
vn 0.7714 0.6309 -0.0835
vn 0.8241 0.5304 -0.1988
vn 0.7709 0.6034 -0.2040
vn 0.7294 0.5139 -0.4517
vn 0.7757 0.4329 -0.4592
vn 0.8126 0.3542 -0.4629
vn 0.8415 0.2790 -0.4626
vn 0.8636 0.2072 -0.4596
vn 0.5014 0.8598 0.0967
vn 0.5766 0.8115 0.0947
vn 0.6467 0.7572 0.0918
vn 0.4973 0.8417 0.2104
vn 0.5735 0.7919 0.2098
vn 0.6446 0.7353 0.2091
vn 0.7117 0.6969 0.0881
vn 0.7105 0.6725 0.2073
vn 0.6745 0.5917 0.4416
vn 0.6134 0.6627 0.4296
vn 0.5458 0.7255 0.4193
vn 0.4718 0.7787 0.4137
vn 0.7118 0.6969 -0.0880
vn 0.6468 0.7571 -0.0918
vn 0.7105 0.6724 -0.2075
vn 0.6447 0.7352 -0.2093
vn 0.5767 0.8115 -0.0946
vn 0.5014 0.8598 -0.0966
vn 0.5735 0.7918 -0.2099
vn 0.4972 0.8417 -0.2104
vn 0.4717 0.7786 -0.4138
vn 0.5457 0.7253 -0.4197
vn 0.6133 0.6625 -0.4300
vn 0.6745 0.5917 -0.4415
vn 0.2339 0.9664 0.1070
vn 0.3018 0.9477 0.1040
vn 0.3640 0.9259 0.1011
vn 0.2292 0.9444 0.2359
vn 0.2960 0.9279 0.2268
vn 0.3583 0.9076 0.2189
vn 0.4287 0.8981 0.0987
vn 0.4236 0.8804 0.2132
vn 0.3995 0.8174 0.4151
vn 0.3351 0.8412 0.4244
vn 0.2742 0.8552 0.4399
vn 0.2111 0.8627 0.4596
vn 0.4287 0.8981 -0.0986
vn 0.3640 0.9259 -0.1010
vn 0.4236 0.8803 -0.2136
vn 0.3582 0.9077 -0.2187
vn 0.3017 0.9477 -0.1038
vn 0.2339 0.9664 -0.1067
vn 0.2959 0.9280 -0.2265
vn 0.2291 0.9445 -0.2355
vn 0.2109 0.8629 -0.4593
vn 0.2741 0.8551 -0.4400
vn 0.3350 0.8411 -0.4246
vn 0.3995 0.8174 -0.4151
vn 0.0223 0.9933 0.1135
vn 0.0809 0.9904 0.1119
vn 0.0226 0.9664 0.2561
vn 0.0802 0.9645 0.2515
vn 0.1572 0.9815 0.1097
vn 0.1544 0.9573 0.2445
vn 0.1211 0.7012 0.7026
vn 0.1429 0.8665 0.4783
vn 0.0661 0.6906 0.7202
vn 0.0756 0.8663 0.4938
vn 0.0223 0.8633 0.5042
vn 0.0217 0.6808 0.7322
vn 0.1572 0.9815 -0.1094
vn 0.0809 0.9904 -0.1117
vn 0.1544 0.9574 -0.2441
vn 0.0803 0.9645 -0.2515
vn 0.0755 0.8664 -0.4936
vn 0.1427 0.8665 -0.4783
vn 0.4102 -0.9117 0.0227
vn 0.3629 -0.9316 0.0220
vn 0.3257 -0.9452 0.0212
vn 0.3609 -0.9294 0.0767
vn 0.3246 -0.9429 0.0744
vn 0.2942 -0.9530 0.0721
vn 0.2854 -0.9582 0.0204
vn 0.2273 -0.9736 0.0198
vn 0.2593 -0.9633 0.0697
vn 0.2069 -0.9760 0.0680
vn 0.0613 -0.9251 0.3746
vn 0.0811 -0.9268 0.3667
vn 0.0891 -0.9289 0.3593
vn 0.0907 -0.9329 0.3486
vn 0.0887 -0.9397 0.3302
vn 0.2275 -0.9736 -0.0197
vn 0.2856 -0.9581 -0.0203
vn 0.3258 -0.9452 -0.0211
vn 0.2072 -0.9760 -0.0678
vn 0.2595 -0.9632 -0.0696
vn 0.2942 -0.9530 -0.0720
vn 0.3630 -0.9315 -0.0219
vn 0.4102 -0.9117 -0.0227
vn 0.3245 -0.9430 -0.0744
vn 0.3607 -0.9295 -0.0767
vn 0.0886 -0.9397 -0.3302
vn 0.0907 -0.9329 -0.3486
vn 0.0891 -0.9290 -0.3593
vn 0.0811 -0.9268 -0.3667
vn 0.0618 -0.9254 -0.3740
vn 0.5792 -0.8147 0.0296
vn 0.6155 -0.7873 0.0357
vn 0.5285 -0.8485 0.0259
vn 0.5224 -0.8473 0.0957
vn 0.4937 -0.8653 0.0864
vn 0.4540 -0.8874 0.0807
vn 0.4689 -0.8829 0.0236
vn 0.4071 -0.9101 0.0778
vn -0.2442 -0.8206 0.5168
vn 0.1093 -0.9472 0.3014
vn -0.2248 -0.8573 0.4631
vn 0.1488 -0.9498 0.2751
vn 0.1934 -0.9466 0.2581
vn -0.1807 -0.8875 0.4238
vn -0.1277 -0.9025 0.4113
vn 0.2318 -0.9388 0.2547
vn 0.4694 -0.8827 -0.0235
vn 0.5291 -0.8481 -0.0259
vn 0.4070 -0.9101 -0.0779
vn 0.4540 -0.8873 -0.0810
vn 0.5791 -0.8147 -0.0304
vn 0.5211 -0.8481 -0.0957
vn 0.4940 -0.8651 -0.0866
vn 0.2282 -0.9396 -0.2552
vn 0.1937 -0.9465 -0.2581
vn 0.1488 -0.9498 -0.2751
vn 0.1093 -0.9472 -0.3014
vn 0.9380 -0.3439 0.0436
vn 0.9079 -0.4169 0.0436
vn 0.8775 -0.4775 0.0439
vn 0.9291 -0.3463 0.1299
vn 0.9001 -0.4158 0.1301
vn 0.8706 -0.4742 0.1310
vn 0.8453 -0.5325 0.0443
vn 0.8063 -0.5898 0.0447
vn 0.8389 -0.5280 0.1320
vn 0.7999 -0.5852 0.1327
vn 0.7317 -0.5362 0.4208
vn 0.7687 -0.4828 0.4196
vn 0.7969 -0.4363 0.4179
vn 0.8219 -0.3889 0.4162
vn 0.8456 -0.3349 0.4157
vn 0.8063 -0.5898 -0.0447
vn 0.8453 -0.5325 -0.0443
vn 0.8776 -0.4775 -0.0439
vn 0.7999 -0.5853 -0.1326
vn 0.8389 -0.5280 -0.1320
vn 0.8706 -0.4742 -0.1310
vn 0.9079 -0.4168 -0.0436
vn 0.9380 -0.3438 -0.0435
vn 0.9001 -0.4158 -0.1301
vn 0.9291 -0.3462 -0.1302
vn 0.8456 -0.3348 -0.4158
vn 0.8219 -0.3889 -0.4162
vn 0.7969 -0.4363 -0.4178
vn 0.7687 -0.4828 -0.4196
vn 0.7317 -0.5362 -0.4207
vn 0.9987 -0.0079 0.0499
vn 0.9944 -0.0943 0.0473
vn 0.9828 -0.1790 0.0453
vn 0.9892 -0.0245 0.1448
vn 0.9845 -0.1078 0.1386
vn 0.9728 -0.1890 0.1338
vn 0.9640 -0.2621 0.0440
vn 0.9543 -0.2685 0.1309
vn 0.8668 -0.2745 0.4163
vn 0.8829 -0.2110 0.4194
vn 0.8933 -0.1443 0.4256
vn 0.8981 -0.0742 0.4334
vn 0.9641 -0.2620 -0.0439
vn 0.9828 -0.1788 -0.0452
vn 0.9544 -0.2683 -0.1308
vn 0.9728 -0.1890 -0.1342
vn 0.9944 -0.0942 -0.0471
vn 0.9987 -0.0079 -0.0497
vn 0.9845 -0.1077 -0.1386
vn 0.9892 -0.0245 -0.1448
vn 0.8981 -0.0743 -0.4334
vn 0.8932 -0.1443 -0.4259
vn 0.8828 -0.2109 -0.4197
vn 0.8669 -0.2744 -0.4162
vn 0.9671 0.2473 0.0598
vn 0.9849 0.1636 0.0561
vn 0.9607 0.2221 0.1668
vn 0.9771 0.1413 0.1589
vn 0.9955 0.0785 0.0528
vn 0.9867 0.0592 0.1516
vn 0.8975 -0.0028 0.4410
vn 0.8915 0.0677 0.4480
vn 0.8801 0.1375 0.4544
vn 0.9955 0.0786 -0.0527
vn 0.9849 0.1637 -0.0559
vn 0.9867 0.0592 -0.1516
vn 0.9771 0.1413 -0.1589
vn 0.9671 0.2474 -0.0597
vn 0.9606 0.2221 -0.1668
vn 0.8802 0.1375 -0.4542
vn 0.8915 0.0676 -0.4479
vn 0.8976 -0.0029 -0.4409
vn 0.0760 0.3829 0.9207
vn 0.0467 0.3776 0.9248
vn 0.0198 0.3736 0.9274
vn 0.0214 0.5159 0.8564
vn 0.0566 0.5259 0.8486
vn 0.0986 0.5380 0.8372
vn -0.2070 -0.2668 -0.9413
vn -0.1085 -0.2480 -0.9627
vn -0.0404 -0.7093 -0.7037
vn -0.0785 -0.4950 -0.8654
vn -0.1506 -0.5052 -0.8498
vn -0.0776 -0.7149 -0.6949
vn 0.1524 -0.9881 0.0194
vn 0.0780 -0.9968 0.0191
vn 0.1386 -0.9881 0.0669
vn 0.0710 -0.9953 0.0661
vn 0.0200 -0.9245 0.3806
vn 0.0389 -0.9245 0.3792
vn 0.0214 -0.9996 -0.0189
vn 0.0781 -0.9968 -0.0191
vn 0.0196 -0.9977 -0.0653
vn 0.0712 -0.9953 -0.0661
vn 0.1525 -0.9881 -0.0193
vn 0.1388 -0.9881 -0.0668
vn 0.0392 -0.9246 -0.3789
vn 0.0199 -0.9244 -0.3808
vn 0.0060 -0.9259 -0.3777
vn -0.6162 -0.4417 0.6521
vn -0.6511 -0.4805 0.5875
vn -0.6615 -0.5161 0.5441
vn -0.6488 -0.5378 0.5383
vn -0.4345 -0.7471 0.5031
vn -0.4696 -0.7201 0.5108
vn -0.4836 -0.6788 0.5526
vn -0.4691 -0.6364 0.6124
vn 0.1476 -0.1450 -0.9784
vn 0.1101 -0.1550 -0.9818
vn 0.0716 -0.1659 -0.9835
vn 0.0338 -0.1790 -0.9833
vn 0.2203 -0.3962 -0.8914
vn 0.3956 -0.5796 -0.7125
vn 0.4322 -0.5580 -0.7084
vn 0.2582 -0.3750 -0.8903
vn 0.4788 -0.5156 -0.7105
vn 0.3036 -0.3478 -0.8871
vn 0.3481 -0.3173 -0.8821
vn 0.5256 -0.4669 -0.7112
vn 0.7587 -0.6500 0.0447
vn 0.7068 -0.7060 0.0444
vn 0.7517 -0.6460 0.1328
vn 0.6988 -0.7030 0.1319
vn 0.6595 -0.7504 0.0435
vn 0.6328 -0.7733 0.0391
vn 0.6498 -0.7490 0.1299
vn 0.6201 -0.7747 0.1234
vn 0.5461 -0.7327 0.4061
vn 0.5800 -0.7003 0.4162
vn 0.6314 -0.6521 0.4197
vn 0.6842 -0.5955 0.4210
vn 0.6338 -0.7725 -0.0399
vn 0.6597 -0.7503 -0.0436
vn 0.7067 -0.7061 -0.0444
vn 0.6234 -0.7716 -0.1266
vn 0.6501 -0.7487 -0.1299
vn 0.6988 -0.7030 -0.1319
vn 0.7586 -0.6500 -0.0447
vn 0.7517 -0.6460 -0.1327
vn 0.6842 -0.5954 -0.4211
vn 0.6314 -0.6520 -0.4197
vn 0.5805 -0.6994 -0.4169
vn 0.5419 -0.7356 -0.4066
vn 0.0175 -0.2017 0.9793
vn 0.1019 -0.2484 0.9633
vn 0.2202 -0.3181 0.9221
vn 0.3369 -0.3867 0.8585
vn 0.1094 -0.6022 0.7908
vn -0.1537 -0.7658 0.6245
vn -0.2333 -0.7088 0.6657
vn 0.0028 -0.5357 0.8444
vn -0.3108 -0.6494 0.6940
vn -0.1013 -0.4671 0.8784
vn -0.1754 -0.4203 0.8903
vn -0.3619 -0.6112 0.7039
vn 0.6192 -0.5396 -0.5704
vn 0.5665 -0.5180 -0.6409
vn 0.4604 -0.4595 -0.7595
vn 0.3369 -0.3867 -0.8585
vn 0.1094 -0.6023 -0.7907
vn -0.1537 -0.7659 -0.6243
vn -0.0666 -0.8273 -0.5578
vn 0.2232 -0.6748 -0.7035
vn 0.0220 -0.8780 -0.4781
vn 0.3304 -0.7310 -0.5970
vn 0.3914 -0.7511 -0.5316
vn 0.0794 -0.8999 -0.4289
vn -0.5939 -0.7958 -0.1185
vn -0.5605 -0.8213 -0.1065
vn -0.2639 -0.9281 -0.2626
vn -0.2984 -0.9093 -0.2901
vn -0.3642 -0.8721 -0.3267
vn -0.4115 -0.8353 -0.3646
vn -0.6157 -0.7872 0.0369
vn -0.5423 -0.8339 0.1027
vn -0.5746 -0.8108 0.1115
vn -0.4156 -0.8333 0.3647
vn -0.0667 -0.8275 0.5574
vn -0.3601 -0.8738 0.3269
vn 0.0221 -0.8780 0.4782
vn -0.3014 -0.9086 0.2891
vn -0.2648 -0.9277 0.2631
vn 0.0794 -0.8999 0.4289
vn 0.4604 -0.4595 0.7596
vn 0.5665 -0.5180 0.6410
vn 0.6193 -0.5395 0.5705
vn 0.3915 -0.7511 0.5316
vn 0.3303 -0.7310 0.5972
vn 0.2232 -0.6747 0.7035
vn 0.2203 -0.3181 -0.9221
vn 0.1020 -0.2484 -0.9633
vn 0.0175 -0.2017 -0.9793
vn -0.3611 -0.6105 -0.7049
vn -0.1751 -0.4208 -0.8901
vn -0.3108 -0.6502 -0.6933
vn -0.1011 -0.4675 -0.8782
vn 0.0031 -0.5360 -0.8442
vn -0.2339 -0.7090 -0.6652
vn -0.6033 -0.7883 0.1210
vn -0.5057 -0.7637 0.4012
vn -0.4593 -0.8009 0.3843
vn -0.4619 -0.7995 -0.3839
vn -0.5028 -0.7654 -0.4018
vn -0.3369 -0.3867 0.8585
vn -0.2201 -0.3180 0.9222
vn -0.1020 -0.2484 0.9633
vn -0.0176 -0.2017 0.9793
vn 0.3611 -0.6105 0.7049
vn 0.1751 -0.4208 0.8901
vn 0.3108 -0.6502 0.6933
vn 0.1014 -0.4672 0.8783
vn -0.0031 -0.5360 0.8442
vn 0.2338 -0.7086 0.6657
vn 0.1538 -0.7659 0.6243
vn -0.1094 -0.6023 0.7907
vn -0.3370 -0.3868 -0.8584
vn -0.4605 -0.4595 -0.7594
vn -0.5665 -0.5180 -0.6410
vn -0.6193 -0.5396 -0.5704
vn -0.0793 -0.8999 -0.4289
vn -0.3915 -0.7511 -0.5316
vn -0.0218 -0.8780 -0.4781
vn -0.3304 -0.7309 -0.5972
vn -0.2236 -0.6747 -0.7034
vn 0.0665 -0.8275 -0.5575
vn 0.1537 -0.7658 -0.6245
vn -0.1093 -0.6022 -0.7908
vn 0.5939 -0.7958 0.1185
vn 0.5605 -0.8213 0.1065
vn -0.0794 -0.8999 0.4289
vn 0.2640 -0.9281 0.2625
vn -0.0220 -0.8780 0.4781
vn 0.2983 -0.9092 0.2904
vn 0.3642 -0.8721 0.3267
vn 0.0666 -0.8273 0.5578
vn 0.4115 -0.8353 0.3646
vn 0.6157 -0.7871 -0.0369
vn 0.5423 -0.8339 -0.1027
vn 0.5747 -0.8108 -0.1111
vn 0.4154 -0.8333 -0.3647
vn 0.3600 -0.8738 -0.3269
vn 0.3015 -0.9086 -0.2890
vn 0.2648 -0.9277 -0.2631
vn -0.6192 -0.5395 0.5705
vn -0.5665 -0.5180 0.6409
vn -0.4606 -0.4595 0.7594
vn -0.2232 -0.6748 0.7035
vn -0.3305 -0.7309 0.5971
vn -0.3914 -0.7511 0.5316
vn -0.0176 -0.2017 -0.9793
vn -0.1020 -0.2484 -0.9633
vn -0.2203 -0.3181 -0.9221
vn 0.2338 -0.7089 -0.6654
vn -0.0029 -0.5357 -0.8444
vn 0.3108 -0.6494 -0.6940
vn 0.1015 -0.4671 -0.8783
vn 0.1753 -0.4203 -0.8903
vn 0.3619 -0.6112 -0.7039
vn 0.6033 -0.7883 -0.1210
vn 0.5053 -0.7638 -0.4015
vn 0.4594 -0.8008 -0.3842
vn 0.4619 -0.7995 0.3839
vn 0.5028 -0.7654 0.4018
vt 0.113881 0.233246
vt 0.138763 0.233616
vt 0.139785 0.246559
vt 0.113675 0.246186
vt 0.140654 0.259501
vt 0.113474 0.259132
vt 0.113278 0.272085
vt 0.141324 0.272446
vt 0.141755 0.285400
vt 0.113090 0.285049
vt 0.084425 0.284575
vt 0.085233 0.271624
vt 0.086294 0.258689
vt 0.087565 0.245766
vt 0.088998 0.232849
vt 0.141907 0.298374
vt 0.112908 0.298025
vt 0.141869 0.311258
vt 0.112735 0.310907
vt 0.112571 0.323511
vt 0.141733 0.323868
vt 0.141584 0.336043
vt 0.112416 0.335682
vt 0.083249 0.335254
vt 0.083409 0.323071
vt 0.083601 0.310449
vt 0.083910 0.297555
vt 0.141497 0.347767
vt 0.112267 0.347419
vt 0.141463 0.358641
vt 0.112130 0.358315
vt 0.112008 0.367834
vt 0.141469 0.368133
vt 0.141505 0.375631
vt 0.111912 0.375361
vt 0.082324 0.374888
vt 0.082553 0.367366
vt 0.082800 0.357864
vt 0.083041 0.346984
vt 0.172848 0.439416
vt 0.110813 0.456744
vt 0.111384 0.411276
vt 0.183377 0.482403
vt 0.038907 0.473890
vt 0.047488 0.442462
vt 0.058209 0.420066
vt 0.036961 0.517618
vt 0.117073 0.030118
vt 0.125918 0.030176
vt 0.125656 0.040743
vt 0.116894 0.040640
vt 0.125433 0.052515
vt 0.116715 0.052411
vt 0.116536 0.064980
vt 0.125311 0.065077
vt 0.125352 0.078021
vt 0.116349 0.077927
vt 0.107341 0.077797
vt 0.107757 0.064872
vt 0.107991 0.052328
vt 0.108099 0.040588
vt 0.108220 0.030075
vt 0.125629 0.090974
vt 0.116158 0.090875
vt 0.126144 0.103937
vt 0.115962 0.103824
vt 0.115765 0.116776
vt 0.126903 0.116907
vt 0.127908 0.129880
vt 0.115555 0.129724
vt 0.103200 0.129502
vt 0.104623 0.116580
vt 0.105776 0.103653
vt 0.106681 0.090724
vt 0.129169 0.142856
vt 0.115347 0.142667
vt 0.130603 0.155834
vt 0.115140 0.155611
vt 0.114932 0.168553
vt 0.132120 0.168812
vt 0.133635 0.181785
vt 0.114722 0.181493
vt 0.095810 0.181187
vt 0.097744 0.168270
vt 0.099677 0.155349
vt 0.101524 0.142426
vt 0.135063 0.194751
vt 0.114511 0.194431
vt 0.136397 0.207713
vt 0.114300 0.207370
vt 0.114090 0.220308
vt 0.137632 0.220668
vt 0.090547 0.219934
vt 0.092203 0.207019
vt 0.093960 0.194103
vt 0.357601 0.193296
vt 0.352387 0.197608
vt 0.349706 0.185394
vt 0.354840 0.181422
vt 0.346907 0.173235
vt 0.352152 0.169538
vt 0.351381 0.157386
vt 0.346113 0.160770
vt 0.346439 0.148283
vt 0.351662 0.145196
vt 0.356865 0.142058
vt 0.356638 0.153964
vt 0.357396 0.165802
vt 0.359932 0.177399
vt 0.362752 0.188914
vt 0.347842 0.135826
vt 0.352998 0.133051
vt 0.350073 0.123430
vt 0.355080 0.120979
vt 0.358153 0.109085
vt 0.353282 0.111180
vt 0.357504 0.099175
vt 0.362227 0.097475
vt 0.366929 0.095693
vt 0.363005 0.106921
vt 0.360066 0.118461
vt 0.358159 0.130218
vt 0.363039 0.087662
vt 0.367477 0.086305
vt 0.368880 0.076267
vt 0.373065 0.075291
vt 0.379626 0.064865
vt 0.375701 0.065409
vt 0.383451 0.055240
vt 0.387068 0.055103
vt 0.390703 0.054943
vt 0.383601 0.064328
vt 0.377279 0.074305
vt 0.371843 0.084860
vt 0.392058 0.045869
vt 0.395321 0.046088
vt 0.401404 0.037338
vt 0.404292 0.037849
vt 0.413902 0.030423
vt 0.411388 0.029695
vt 0.421942 0.023020
vt 0.424077 0.023845
vt 0.426274 0.024700
vt 0.416445 0.031133
vt 0.407211 0.038341
vt 0.398622 0.046293
vt 0.432873 0.017211
vt 0.434744 0.018166
vt 0.443833 0.012452
vt 0.445451 0.013431
vt 0.455746 0.009688
vt 0.454374 0.008736
vt 0.464041 0.006058
vt 0.465165 0.006966
vt 0.466339 0.007821
vt 0.457164 0.010585
vt 0.447106 0.014359
vt 0.436651 0.019087
vt 0.472379 0.004417
vt 0.473238 0.005290
vt 0.479722 0.003568
vt 0.482864 0.004282
vt 0.492792 0.003253
vt 0.492753 0.004062
vt 0.492753 0.004838
vt 0.487009 0.004868
vt 0.480920 0.005211
vt 0.474144 0.006115
vt 0.825701 0.007047
vt 0.826827 0.006136
vt 0.836605 0.008861
vt 0.835229 0.009815
vt 0.847254 0.012632
vt 0.845632 0.013614
vt 0.856442 0.018413
vt 0.858318 0.017456
vt 0.869348 0.023335
vt 0.867204 0.024167
vt 0.865002 0.025023
vt 0.854530 0.019336
vt 0.843973 0.014543
vt 0.833809 0.010713
vt 0.824525 0.007903
vt 0.879987 0.030102
vt 0.877468 0.030826
vt 0.890055 0.037835
vt 0.887160 0.038341
vt 0.896207 0.046670
vt 0.899478 0.046460
vt 0.908154 0.055928
vt 0.904529 0.055779
vt 0.900886 0.055607
vt 0.892898 0.046869
vt 0.884235 0.038829
vt 0.874920 0.031536
vt 0.915965 0.066200
vt 0.912031 0.065638
vt 0.922834 0.077169
vt 0.918643 0.076163
vt 0.924287 0.087279
vt 0.928682 0.088703
vt 0.933840 0.100518
vt 0.929156 0.098748
vt 0.924498 0.096821
vt 0.919908 0.085763
vt 0.914421 0.075146
vt 0.908047 0.065083
vt 0.937861 0.112693
vt 0.932966 0.110544
vt 0.941085 0.125036
vt 0.936095 0.122511
vt 0.938075 0.134704
vt 0.943160 0.137569
vt 0.944235 0.150160
vt 0.939041 0.146984
vt 0.933835 0.143754
vt 0.933012 0.131778
vt 0.931132 0.119917
vt 0.928203 0.108248
vt 0.944465 0.162740
vt 0.939229 0.159264
vt 0.943661 0.175305
vt 0.938421 0.171496
vt 0.935760 0.183452
vt 0.940866 0.187587
vt 0.937093 0.199598
vt 0.932084 0.195158
vt 0.927135 0.190660
vt 0.930676 0.179278
vt 0.933186 0.167651
vt 0.933999 0.155745
vt 0.933264 0.211713
vt 0.928262 0.206839
vt 0.928954 0.223522
vt 0.923703 0.218911
vt 0.921285 0.245329
vt 0.916029 0.237913
vt 0.911022 0.230122
vt 0.919199 0.212467
vt 0.923297 0.201863
vt 0.918988 0.255013
vt 0.913130 0.245999
vt 0.917524 0.263683
vt 0.911032 0.252815
vt 0.909528 0.258464
vt 0.916971 0.271191
vt 0.917098 0.277253
vt 0.908569 0.262995
vt 0.900231 0.249337
vt 0.902013 0.246309
vt 0.904357 0.242314
vt 0.907335 0.237094
vt 0.865964 0.293947
vt 0.870958 0.306546
vt 0.858807 0.309136
vt 0.854903 0.297727
vt 0.846812 0.311302
vt 0.843739 0.301083
vt 0.833054 0.303764
vt 0.835505 0.312986
vt 0.825372 0.313876
vt 0.823461 0.305617
vt 0.821592 0.297293
vt 0.830671 0.294568
vt 0.840761 0.290851
vt 0.851085 0.286244
vt 0.861080 0.281281
vt 0.817022 0.314572
vt 0.815619 0.306701
vt 0.809919 0.314740
vt 0.809017 0.307162
vt 0.803176 0.307231
vt 0.803607 0.314756
vt 0.791785 0.314756
vt 0.802757 0.299692
vt 0.808115 0.299524
vt 0.814233 0.298874
vt 0.466382 0.305821
vt 0.464346 0.314119
vt 0.454073 0.312789
vt 0.456671 0.303704
vt 0.442608 0.310892
vt 0.445864 0.300776
vt 0.434621 0.297140
vt 0.430505 0.308443
vt 0.418265 0.305551
vt 0.423501 0.293083
vt 0.428644 0.280539
vt 0.438662 0.285762
vt 0.449016 0.290655
vt 0.459190 0.294587
vt 0.468364 0.297500
vt 0.406330 0.302286
vt 0.413011 0.288776
vt 0.395241 0.298866
vt 0.403491 0.284466
vt 0.395365 0.280456
vt 0.385612 0.295560
vt 0.378086 0.292669
vt 0.389092 0.277094
vt 0.399551 0.261203
vt 0.404790 0.265179
vt 0.411545 0.269960
vt 0.419564 0.275184
vt 0.367663 0.242815
vt 0.365803 0.217003
vt 0.373246 0.236038
vt 0.360405 0.221464
vt 0.361383 0.204907
vt 0.356317 0.209644
vt 0.366431 0.200065
vt 0.370419 0.210662
vt 0.378555 0.228731
vt 0.294520 0.155166
vt 0.285859 0.155195
vt 0.287556 0.143998
vt 0.295435 0.143968
vt 0.289255 0.132801
vt 0.296351 0.132768
vt 0.304727 0.155140
vt 0.304701 0.143944
vt 0.304678 0.132746
vt 0.297223 0.121569
vt 0.290869 0.121605
vt 0.292315 0.110410
vt 0.298005 0.110371
vt 0.304657 0.121549
vt 0.304639 0.110353
vt 0.311273 0.110355
vt 0.316963 0.110380
vt 0.318444 0.121563
vt 0.312091 0.121547
vt 0.320101 0.132745
vt 0.313005 0.132738
vt 0.313968 0.143930
vt 0.321846 0.143928
vt 0.323596 0.155111
vt 0.314934 0.155121
vt 0.293506 0.099214
vt 0.298652 0.099173
vt 0.294450 0.088016
vt 0.299166 0.087975
vt 0.304626 0.099156
vt 0.307676 0.087965
vt 0.299549 0.076776
vt 0.295152 0.076816
vt 0.295618 0.065615
vt 0.299805 0.065578
vt 0.307458 0.076770
vt 0.307332 0.065575
vt 0.313613 0.065622
vt 0.314074 0.076816
vt 0.314783 0.088007
vt 0.310600 0.099163
vt 0.315744 0.099195
vt 0.295856 0.054411
vt 0.299938 0.054380
vt 0.295927 0.043560
vt 0.299981 0.043538
vt 0.307278 0.054382
vt 0.307287 0.043544
vt 0.299969 0.033441
vt 0.295895 0.033453
vt 0.295827 0.024496
vt 0.299937 0.024496
vt 0.304655 0.033443
vt 0.304676 0.024503
vt 0.309415 0.024516
vt 0.313525 0.024533
vt 0.313414 0.033483
vt 0.309342 0.033457
vt 0.313347 0.043583
vt 0.313391 0.054426
vt 0.295794 0.017108
vt 0.299926 0.017120
vt 0.295798 0.010858
vt 0.299933 0.010884
vt 0.304697 0.017133
vt 0.304717 0.010903
vt 0.299960 0.005379
vt 0.295836 0.005340
vt 0.295906 0.000177
vt 0.300001 0.000228
vt 0.304735 0.005403
vt 0.304750 0.000256
vt 0.313637 0.005380
vt 0.309511 0.005404
vt 0.309500 0.000253
vt 0.313637 0.010903
vt 0.309501 0.010908
vt 0.309469 0.017143
vt 0.313600 0.017150
vt 0.266972 0.376039
vt 0.234733 0.376208
vt 0.237604 0.367266
vt 0.268517 0.367101
vt 0.241385 0.357606
vt 0.270557 0.357453
vt 0.305463 0.375862
vt 0.305417 0.366930
vt 0.305368 0.357292
vt 0.272959 0.347967
vt 0.245828 0.348097
vt 0.250685 0.339610
vt 0.275588 0.339519
vt 0.305322 0.347821
vt 0.305283 0.339395
vt 0.334977 0.339259
vt 0.359876 0.339122
vt 0.364813 0.347557
vt 0.337685 0.347680
vt 0.369349 0.357017
vt 0.340178 0.357143
vt 0.342316 0.366771
vt 0.373228 0.366633
vt 0.376193 0.375541
vt 0.343955 0.375693
vt 0.255711 0.333011
vt 0.278310 0.332979
vt 0.260582 0.327969
vt 0.280951 0.328002
vt 0.321065 0.332801
vt 0.319146 0.327855
vt 0.264803 0.324307
vt 0.287580 0.316794
vt 0.283334 0.324263
vt 0.305218 0.324207
vt 0.345649 0.323968
vt 0.327102 0.324077
vt 0.323487 0.317880
vt 0.349880 0.327578
vt 0.354792 0.332573
vt 0.289341 0.285623
vt 0.276047 0.285687
vt 0.276002 0.276859
vt 0.289303 0.276793
vt 0.275972 0.266826
vt 0.289273 0.266759
vt 0.305101 0.285560
vt 0.305073 0.276731
vt 0.305042 0.266698
vt 0.289301 0.255945
vt 0.276051 0.256012
vt 0.276333 0.244822
vt 0.289439 0.244756
vt 0.305009 0.255885
vt 0.304975 0.244699
vt 0.320511 0.244661
vt 0.333617 0.244646
vt 0.333968 0.255831
vt 0.320717 0.255846
vt 0.334113 0.266640
vt 0.320812 0.266658
vt 0.320844 0.276689
vt 0.334146 0.276670
vt 0.334156 0.285493
vt 0.320862 0.285517
vt 0.276916 0.233624
vt 0.289742 0.233563
vt 0.277753 0.222420
vt 0.290183 0.222366
vt 0.304941 0.233509
vt 0.304908 0.222316
vt 0.290736 0.211167
vt 0.278795 0.211214
vt 0.279996 0.200008
vt 0.291377 0.199967
vt 0.304876 0.211122
vt 0.304844 0.199927
vt 0.318312 0.199894
vt 0.329692 0.199872
vt 0.330957 0.211066
vt 0.319016 0.211087
vt 0.332064 0.222262
vt 0.319634 0.222280
vt 0.320141 0.233472
vt 0.332967 0.233456
vt 0.281310 0.188803
vt 0.292079 0.188768
vt 0.282729 0.177598
vt 0.292839 0.177567
vt 0.304813 0.188732
vt 0.304783 0.177535
vt 0.293654 0.166366
vt 0.284248 0.166395
vt 0.304754 0.166337
vt 0.325261 0.166298
vt 0.315855 0.166313
vt 0.326837 0.177487
vt 0.316727 0.177507
vt 0.317548 0.188701
vt 0.328316 0.188679
vt 0.117289 0.006627
vt 0.126268 0.000099
vt 0.126256 0.006663
vt 0.126162 0.013581
vt 0.117237 0.013563
vt 0.117160 0.021256
vt 0.126046 0.021271
vt 0.108289 0.021206
vt 0.108330 0.013523
vt 0.108358 0.006591
vt 0.799643 0.004075
vt 0.797582 0.003256
vt 0.810351 0.003562
vt 0.810338 0.004435
vt 0.817516 0.005336
vt 0.818377 0.004460
vt 0.816609 0.006161
vt 0.809721 0.005233
vt 0.803519 0.004876
vt 0.797661 0.004843
vt 0.487108 0.307750
vt 0.486670 0.315250
vt 0.480162 0.315229
vt 0.481098 0.307616
vt 0.474361 0.307043
vt 0.472869 0.314908
vt 0.475832 0.299202
vt 0.482096 0.299996
vt 0.487603 0.300219
vt 0.497972 0.300219
vt 0.265490 0.395168
vt 0.231929 0.395339
vt 0.232186 0.389824
vt 0.265616 0.389652
vt 0.305570 0.394988
vt 0.305631 0.405324
vt 0.305538 0.389471
vt 0.266057 0.383412
vt 0.233024 0.383584
vt 0.305503 0.383232
vt 0.377983 0.382895
vt 0.344949 0.383058
vt 0.378892 0.389125
vt 0.345461 0.389294
vt 0.345651 0.394811
vt 0.379212 0.394636
vt 0.379273 0.404963
vt 0.111618 0.394536
vt 0.147580 0.394491
vt 0.152031 0.400795
vt 0.111525 0.400856
vt 0.158917 0.411216
vt 0.065359 0.408705
vt 0.071034 0.400685
vt 0.075679 0.394439
vt 0.900153 0.278692
vt 0.910679 0.294672
vt 0.903326 0.297352
vt 0.893932 0.281947
vt 0.893813 0.300416
vt 0.885861 0.285791
vt 0.876399 0.289889
vt 0.882812 0.303570
vt 0.870130 0.276137
vt 0.878114 0.271085
vt 0.884828 0.266433
vt 0.890013 0.262544
vt 0.380505 0.261676
vt 0.369896 0.274483
vt 0.370258 0.268625
vt 0.379507 0.257065
vt 0.370269 0.261381
vt 0.378017 0.251247
vt 0.375979 0.244250
vt 0.369546 0.252883
vt 0.381949 0.235490
vt 0.384793 0.240822
vt 0.387062 0.244901
vt 0.388829 0.247978
vt 0.273548 0.315270
vt 0.275775 0.303286
vt 0.289217 0.303239
vt 0.275923 0.298672
vt 0.289293 0.298615
vt 0.305158 0.303185
vt 0.305143 0.298553
vt 0.289335 0.292816
vt 0.276017 0.292878
vt 0.305124 0.292753
vt 0.334231 0.292679
vt 0.320913 0.292707
vt 0.334362 0.298467
vt 0.320993 0.298504
vt 0.321097 0.303123
vt 0.334540 0.303076
vt 0.337001 0.315342
vt 0.133097 0.754144
vt 0.131726 0.767057
vt 0.106841 0.766775
vt 0.106986 0.753834
vt 0.134313 0.741226
vt 0.107133 0.740888
vt 0.081957 0.766521
vt 0.080874 0.753572
vt 0.079951 0.740623
vt 0.079234 0.727669
vt 0.078763 0.714706
vt 0.107429 0.714970
vt 0.107281 0.727934
vt 0.136096 0.715356
vt 0.135327 0.728299
vt 0.136577 0.702386
vt 0.107578 0.701994
vt 0.136860 0.689499
vt 0.107725 0.689112
vt 0.078578 0.701723
vt 0.078590 0.688830
vt 0.078705 0.676212
vt 0.078836 0.664032
vt 0.108005 0.664338
vt 0.107867 0.676508
vt 0.137172 0.664706
vt 0.137030 0.676885
vt 0.137365 0.652977
vt 0.108138 0.652605
vt 0.137591 0.642093
vt 0.108262 0.641715
vt 0.078907 0.652305
vt 0.078927 0.641431
vt 0.078910 0.631942
vt 0.078866 0.624449
vt 0.108458 0.624690
vt 0.108371 0.632206
vt 0.138045 0.625034
vt 0.137826 0.632578
vt 0.172851 0.557560
vt 0.162179 0.579872
vt 0.108962 0.588757
vt 0.109669 0.532653
vt 0.047500 0.560646
vt 0.181428 0.526129
vt 0.113837 0.959410
vt 0.113858 0.969933
vt 0.105007 0.969884
vt 0.105079 0.959331
vt 0.113866 0.947657
vt 0.105145 0.947553
vt 0.096173 0.969910
vt 0.096324 0.959369
vt 0.096430 0.947602
vt 0.096409 0.935022
vt 0.096346 0.922057
vt 0.105348 0.922082
vt 0.105198 0.935006
vt 0.114364 0.922198
vt 0.114017 0.935116
vt 0.114960 0.909272
vt 0.105482 0.909135
vt 0.115798 0.896339
vt 0.105610 0.896185
vt 0.096012 0.909103
vt 0.095425 0.896147
vt 0.094587 0.883188
vt 0.093483 0.870229
vt 0.105842 0.870304
vt 0.105742 0.883243
vt 0.118198 0.870450
vt 0.116890 0.883398
vt 0.119771 0.857512
vt 0.105947 0.857360
vt 0.121522 0.844578
vt 0.106059 0.844416
vt 0.092122 0.857263
vt 0.090594 0.844292
vt 0.088987 0.831321
vt 0.087386 0.818353
vt 0.106300 0.818532
vt 0.106177 0.831473
vt 0.125214 0.818724
vt 0.123366 0.831649
vt 0.126982 0.805804
vt 0.106429 0.805593
vt 0.128661 0.792886
vt 0.106562 0.792653
vt 0.085876 0.805390
vt 0.084464 0.792429
vt 0.083155 0.779472
vt 0.106700 0.779713
vt 0.130244 0.779970
vt 0.635840 0.185371
vt 0.633151 0.197584
vt 0.627941 0.193273
vt 0.630705 0.181398
vt 0.638640 0.173213
vt 0.633394 0.169515
vt 0.622799 0.188894
vt 0.625614 0.177377
vt 0.628150 0.165780
vt 0.628906 0.153942
vt 0.628676 0.142038
vt 0.633880 0.145174
vt 0.634164 0.157364
vt 0.639104 0.148260
vt 0.639433 0.160747
vt 0.637697 0.135804
vt 0.632541 0.133031
vt 0.635463 0.123409
vt 0.630455 0.120959
vt 0.627378 0.130198
vt 0.625469 0.118442
vt 0.622527 0.106904
vt 0.618599 0.095678
vt 0.623302 0.097459
vt 0.627380 0.109066
vt 0.628026 0.099156
vt 0.632252 0.111160
vt 0.622482 0.087649
vt 0.618043 0.086293
vt 0.616638 0.076255
vt 0.612453 0.075280
vt 0.613679 0.084847
vt 0.608238 0.074294
vt 0.601915 0.064318
vt 0.594810 0.054935
vt 0.598446 0.055095
vt 0.605890 0.064855
vt 0.602063 0.055230
vt 0.609815 0.065399
vt 0.593455 0.045862
vt 0.590192 0.046081
vt 0.584108 0.037331
vt 0.581220 0.037843
vt 0.586891 0.046286
vt 0.578301 0.038334
vt 0.569066 0.031127
vt 0.559236 0.024696
vt 0.561433 0.023841
vt 0.571608 0.030417
vt 0.563567 0.023016
vt 0.574122 0.029690
vt 0.552636 0.017207
vt 0.550766 0.018162
vt 0.541675 0.012449
vt 0.540058 0.013428
vt 0.548858 0.019083
vt 0.538402 0.014356
vt 0.528344 0.010582
vt 0.519169 0.007819
vt 0.520343 0.006964
vt 0.529762 0.009685
vt 0.521467 0.006057
vt 0.531134 0.008734
vt 0.513128 0.004415
vt 0.512269 0.005289
vt 0.505258 0.003543
vt 0.502643 0.004281
vt 0.511363 0.006114
vt 0.504587 0.005211
vt 0.498498 0.004868
vt 0.758718 0.008864
vt 0.768495 0.006139
vt 0.769622 0.007050
vt 0.760094 0.009818
vt 0.748070 0.012637
vt 0.749692 0.013618
vt 0.770798 0.007905
vt 0.761514 0.010716
vt 0.751350 0.014548
vt 0.740794 0.019341
vt 0.730322 0.025029
vt 0.728120 0.024173
vt 0.738882 0.018419
vt 0.725976 0.023341
vt 0.737006 0.017461
vt 0.715338 0.030109
vt 0.717857 0.030834
vt 0.705271 0.037843
vt 0.708166 0.038349
vt 0.720406 0.031544
vt 0.711091 0.038838
vt 0.702428 0.046878
vt 0.694442 0.055617
vt 0.690799 0.055790
vt 0.699120 0.046680
vt 0.687174 0.055939
vt 0.695849 0.046469
vt 0.679364 0.066212
vt 0.683298 0.065649
vt 0.672497 0.077183
vt 0.676688 0.076176
vt 0.687282 0.065094
vt 0.680909 0.075158
vt 0.675424 0.085777
vt 0.670837 0.096836
vt 0.666178 0.098763
vt 0.671044 0.087293
vt 0.661494 0.100535
vt 0.666649 0.088717
vt 0.657476 0.112711
vt 0.662370 0.110560
vt 0.654255 0.125055
vt 0.659245 0.122528
vt 0.667134 0.108263
vt 0.664207 0.119933
vt 0.662331 0.131795
vt 0.661513 0.143771
vt 0.656309 0.147003
vt 0.657269 0.134722
vt 0.651118 0.150181
vt 0.652185 0.137589
vt 0.650895 0.162762
vt 0.656129 0.159285
vt 0.651702 0.175327
vt 0.656941 0.171517
vt 0.661357 0.155764
vt 0.662175 0.167671
vt 0.664686 0.179298
vt 0.668228 0.190681
vt 0.663278 0.195180
vt 0.659603 0.183473
vt 0.658270 0.199620
vt 0.654497 0.187609
vt 0.662097 0.211736
vt 0.667100 0.206861
vt 0.666405 0.223545
vt 0.671657 0.218934
vt 0.672065 0.201886
vt 0.676161 0.212490
vt 0.679330 0.237938
vt 0.684421 0.230320
vt 0.673975 0.245054
vt 0.676371 0.255038
vt 0.682229 0.246024
vt 0.677837 0.263708
vt 0.684328 0.252841
vt 0.688024 0.237119
vt 0.691001 0.242339
vt 0.693346 0.246334
vt 0.695130 0.249362
vt 0.686795 0.263020
vt 0.685834 0.258489
vt 0.678268 0.277278
vt 0.678392 0.271216
vt 0.736585 0.309142
vt 0.724433 0.306555
vt 0.729424 0.293955
vt 0.740487 0.297732
vt 0.748581 0.311305
vt 0.751651 0.301086
vt 0.734304 0.281287
vt 0.744302 0.286248
vt 0.754627 0.290853
vt 0.764719 0.294568
vt 0.773799 0.297293
vt 0.771932 0.305617
vt 0.762338 0.303766
vt 0.770021 0.313877
vt 0.759888 0.312987
vt 0.778372 0.314571
vt 0.779774 0.306700
vt 0.785475 0.314740
vt 0.786377 0.307161
vt 0.781159 0.298874
vt 0.787278 0.299524
vt 0.792639 0.299692
vt 0.792217 0.307231
vt 0.531501 0.312787
vt 0.521228 0.314119
vt 0.519191 0.305821
vt 0.528902 0.303702
vt 0.542966 0.310888
vt 0.539708 0.300773
vt 0.517208 0.297500
vt 0.526381 0.294586
vt 0.536555 0.290653
vt 0.546906 0.285758
vt 0.556922 0.280532
vt 0.562068 0.293075
vt 0.550950 0.297135
vt 0.567307 0.305541
vt 0.555068 0.308436
vt 0.579241 0.302273
vt 0.572557 0.288765
vt 0.590328 0.298850
vt 0.582074 0.284452
vt 0.566000 0.275174
vt 0.574017 0.269948
vt 0.580770 0.265165
vt 0.586007 0.261188
vt 0.596469 0.277076
vt 0.590199 0.280440
vt 0.607481 0.292647
vt 0.599957 0.295541
vt 0.612295 0.236012
vt 0.619735 0.216977
vt 0.617774 0.243119
vt 0.625134 0.221438
vt 0.607030 0.228611
vt 0.615117 0.210635
vt 0.619093 0.200036
vt 0.624149 0.204880
vt 0.629217 0.209617
vt 0.289064 0.656314
vt 0.287360 0.645130
vt 0.296022 0.645153
vt 0.296942 0.656344
vt 0.306229 0.645172
vt 0.306209 0.656369
vt 0.290760 0.667498
vt 0.297856 0.667537
vt 0.306183 0.667567
vt 0.315476 0.656383
vt 0.316436 0.645184
vt 0.325097 0.645185
vt 0.323355 0.656383
vt 0.314510 0.667582
vt 0.321606 0.667579
vt 0.319937 0.678774
vt 0.318430 0.689967
vt 0.312739 0.689976
vt 0.313582 0.678780
vt 0.306104 0.689960
vt 0.306148 0.678764
vt 0.298714 0.678730
vt 0.299470 0.689922
vt 0.293781 0.689868
vt 0.292361 0.678683
vt 0.294932 0.701056
vt 0.300077 0.701116
vt 0.306051 0.701157
vt 0.295822 0.712246
vt 0.300536 0.712310
vt 0.309047 0.712363
vt 0.312025 0.701173
vt 0.317171 0.701161
vt 0.316156 0.712356
vt 0.315378 0.723554
vt 0.314834 0.734753
vt 0.308551 0.734756
vt 0.308761 0.723560
vt 0.300851 0.723505
vt 0.301025 0.734699
vt 0.296838 0.734633
vt 0.296455 0.723439
vt 0.296980 0.745829
vt 0.301062 0.745893
vt 0.308403 0.745951
vt 0.296949 0.756672
vt 0.301002 0.756731
vt 0.308309 0.756791
vt 0.314516 0.745956
vt 0.314369 0.756806
vt 0.314332 0.766913
vt 0.314343 0.775868
vt 0.310233 0.775844
vt 0.310259 0.766900
vt 0.305494 0.775807
vt 0.305572 0.766869
vt 0.300886 0.766825
vt 0.300755 0.775765
vt 0.296644 0.775722
vt 0.296813 0.766772
vt 0.296525 0.783105
vt 0.300657 0.783138
vt 0.305429 0.783177
vt 0.296453 0.789353
vt 0.300589 0.789372
vt 0.305374 0.789406
vt 0.310200 0.783219
vt 0.314332 0.783255
vt 0.310158 0.789454
vt 0.314293 0.789504
vt 0.314226 0.795022
vt 0.314127 0.800184
vt 0.310101 0.794964
vt 0.305325 0.794910
vt 0.300549 0.794882
vt 0.296424 0.794883
vt 0.237971 0.433670
vt 0.235007 0.424761
vt 0.267246 0.424613
vt 0.268885 0.433536
vt 0.305738 0.424450
vt 0.305785 0.433381
vt 0.241850 0.443286
vt 0.271022 0.443164
vt 0.305833 0.443019
vt 0.342685 0.433208
vt 0.344230 0.424270
vt 0.376469 0.424094
vt 0.373599 0.433038
vt 0.340645 0.442857
vt 0.369818 0.442699
vt 0.365376 0.452210
vt 0.360519 0.460699
vt 0.335615 0.460793
vt 0.338244 0.452344
vt 0.305919 0.460917
vt 0.305879 0.452490
vt 0.273516 0.452626
vt 0.276223 0.461047
vt 0.251323 0.461181
vt 0.246386 0.452746
vt 0.256407 0.467729
vt 0.279004 0.467560
vt 0.321759 0.467374
vt 0.261319 0.472725
vt 0.281686 0.472511
vt 0.319883 0.472339
vt 0.355493 0.467299
vt 0.350623 0.472342
vt 0.346349 0.476049
vt 0.328112 0.475702
vt 0.305983 0.476077
vt 0.283931 0.475985
vt 0.265491 0.476289
vt 0.277048 0.523617
vt 0.277042 0.514797
vt 0.290337 0.514783
vt 0.290349 0.523608
vt 0.306097 0.514751
vt 0.306120 0.523580
vt 0.277074 0.533642
vt 0.290374 0.533638
vt 0.306144 0.533614
vt 0.321890 0.523532
vt 0.321857 0.514700
vt 0.335151 0.514645
vt 0.335191 0.523476
vt 0.321913 0.533568
vt 0.335214 0.533514
vt 0.335126 0.544332
vt 0.334832 0.555528
vt 0.321726 0.555577
vt 0.321876 0.544385
vt 0.306190 0.555613
vt 0.306168 0.544427
vt 0.290459 0.544447
vt 0.290654 0.555630
vt 0.277547 0.555625
vt 0.277209 0.544446
vt 0.278183 0.566810
vt 0.291010 0.566816
vt 0.306209 0.566803
vt 0.279069 0.577999
vt 0.291500 0.578005
vt 0.306226 0.577996
vt 0.321409 0.566772
vt 0.334234 0.566731
vt 0.320951 0.577972
vt 0.333381 0.577940
vt 0.332318 0.589151
vt 0.331094 0.600361
vt 0.319713 0.600376
vt 0.320377 0.589174
vt 0.306246 0.600385
vt 0.306238 0.589191
vt 0.292098 0.589196
vt 0.292778 0.600386
vt 0.281398 0.600381
vt 0.280156 0.589190
vt 0.282746 0.611570
vt 0.293515 0.611577
vt 0.306250 0.611581
vt 0.284194 0.622758
vt 0.294304 0.622769
vt 0.306248 0.622778
vt 0.318984 0.611578
vt 0.329753 0.611570
vt 0.318193 0.622781
vt 0.328302 0.622778
vt 0.326748 0.633983
vt 0.317342 0.633983
vt 0.306242 0.633976
vt 0.295141 0.633962
vt 0.285735 0.633945
vt 0.104827 0.999980
vt 0.104836 0.993399
vt 0.113760 0.993421
vt 0.113777 0.986487
vt 0.104870 0.986463
vt 0.095884 0.999950
vt 0.095899 0.993374
vt 0.095929 0.986458
vt 0.096042 0.978788
vt 0.104932 0.978771
vt 0.113806 0.978799
vt 0.787982 0.004279
vt 0.784402 0.003589
vt 0.791803 0.004877
vt 0.785601 0.005234
vt 0.778713 0.006163
vt 0.777806 0.005338
vt 0.776945 0.004462
vt 0.498903 0.315251
vt 0.498466 0.307751
vt 0.505412 0.315230
vt 0.504476 0.307617
vt 0.503478 0.299996
vt 0.509741 0.299203
vt 0.511213 0.307043
vt 0.512706 0.314908
vt 0.231989 0.405666
vt 0.265550 0.405500
vt 0.232309 0.411177
vt 0.265740 0.411013
vt 0.305663 0.410841
vt 0.345712 0.405143
vt 0.345586 0.410658
vt 0.379016 0.410479
vt 0.378178 0.416718
vt 0.345144 0.416898
vt 0.305698 0.417080
vt 0.266252 0.417249
vt 0.233217 0.417406
vt 0.149314 0.599327
vt 0.144672 0.605571
vt 0.108733 0.605491
vt 0.108823 0.599173
vt 0.154985 0.591311
vt 0.072771 0.605560
vt 0.068318 0.599258
vt 0.061278 0.588590
vt 0.692060 0.297372
vt 0.684705 0.294695
vt 0.695225 0.278711
vt 0.701449 0.281964
vt 0.701575 0.300432
vt 0.709522 0.285805
vt 0.705361 0.262560
vt 0.710548 0.266447
vt 0.717265 0.271096
vt 0.725252 0.276146
vt 0.718987 0.289900
vt 0.712577 0.303582
vt 0.615290 0.268599
vt 0.615654 0.274457
vt 0.605042 0.261652
vt 0.606038 0.257041
vt 0.615277 0.261355
vt 0.607527 0.251222
vt 0.596717 0.247953
vt 0.598482 0.244876
vt 0.600749 0.240797
vt 0.603592 0.235465
vt 0.609563 0.244225
vt 0.615997 0.252857
vt 0.276663 0.497222
vt 0.274198 0.484948
vt 0.288878 0.484987
vt 0.290106 0.497177
vt 0.306046 0.497125
vt 0.276840 0.501828
vt 0.290210 0.501798
vt 0.306060 0.501756
vt 0.321986 0.497078
vt 0.323560 0.483560
vt 0.337656 0.485060
vt 0.335429 0.497041
vt 0.321910 0.501704
vt 0.335280 0.501657
vt 0.335184 0.507452
vt 0.321865 0.507505
vt 0.306077 0.507557
vt 0.290288 0.507594
vt 0.276969 0.507614
vt 0.141572 0.380497
vt 0.154744 0.375125
vt 0.154872 0.380090
vt 0.141684 0.383356
vt 0.155040 0.383122
vt 0.157232 0.382490
vt 0.157033 0.378875
vt 0.157919 0.377074
vt 0.158173 0.381516
vt 0.158432 0.383548
vt 0.158808 0.384881
vt 0.157823 0.385452
vt 0.157464 0.384328
vt 0.155628 0.385784
vt 0.155280 0.384813
vt 0.142088 0.385669
vt 0.141853 0.384849
vt 0.069108 0.373995
vt 0.082129 0.379805
vt 0.068851 0.378956
vt 0.081939 0.382757
vt 0.068604 0.381986
vt 0.068319 0.383682
vt 0.081726 0.384397
vt 0.081463 0.385417
vt 0.067947 0.384670
vt 0.065764 0.384253
vt 0.064791 0.383658
vt 0.065199 0.382321
vt 0.066150 0.383126
vt 0.065512 0.380290
vt 0.066429 0.381289
vt 0.066717 0.377785
vt 0.065882 0.375882
vt 0.917449 0.281688
vt 0.923179 0.284220
vt 0.924071 0.288934
vt 0.917919 0.284816
vt 0.924693 0.292171
vt 0.925680 0.290860
vt 0.924693 0.286125
vt 0.926620 0.290946
vt 0.926317 0.293989
vt 0.927488 0.295041
vt 0.927770 0.296844
vt 0.927728 0.297988
vt 0.926659 0.297308
vt 0.926638 0.295982
vt 0.925111 0.295869
vt 0.925037 0.294349
vt 0.918490 0.288610
vt 0.918293 0.287013
vt 0.373321 0.290520
vt 0.372641 0.299795
vt 0.365321 0.296638
vt 0.370680 0.288870
vt 0.366193 0.299060
vt 0.371454 0.301034
vt 0.370667 0.301622
vt 0.365336 0.299636
vt 0.363281 0.297579
vt 0.362364 0.298162
vt 0.361046 0.297024
vt 0.360668 0.296005
vt 0.361690 0.295255
vt 0.362016 0.296390
vt 0.363183 0.293754
vt 0.363458 0.295022
vt 0.369245 0.286042
vt 0.369533 0.287467
vt 0.163487 0.394309
vt 0.144750 0.390354
vt 0.159479 0.390281
vt 0.143147 0.387868
vt 0.157185 0.387916
vt 0.156073 0.386644
vt 0.142388 0.386494
vt 0.159288 0.386067
vt 0.158288 0.386447
vt 0.160477 0.387559
vt 0.159462 0.387789
vt 0.161834 0.390196
vt 0.162830 0.390048
vt 0.166927 0.394078
vt 0.165966 0.394225
vt 0.078644 0.390322
vt 0.059851 0.393210
vt 0.063970 0.389201
vt 0.080329 0.387820
vt 0.066329 0.386848
vt 0.061610 0.389014
vt 0.057383 0.393021
vt 0.056425 0.392832
vt 0.060617 0.388832
vt 0.064047 0.386606
vt 0.063035 0.386346
vt 0.064275 0.384852
vt 0.065270 0.385260
vt 0.067479 0.385566
vt 0.081134 0.386394
vt 0.916156 0.301845
vt 0.915212 0.292694
vt 0.923259 0.298739
vt 0.917589 0.291187
vt 0.924952 0.297121
vt 0.918465 0.289912
vt 0.927465 0.298985
vt 0.926453 0.298420
vt 0.926273 0.300178
vt 0.925323 0.299636
vt 0.922530 0.301168
vt 0.923405 0.301735
vt 0.918147 0.303708
vt 0.917356 0.303110
vt 0.364422 0.281921
vt 0.369565 0.278850
vt 0.363808 0.286716
vt 0.369311 0.282031
vt 0.363369 0.290012
vt 0.363150 0.292218
vt 0.369185 0.284328
vt 0.360524 0.294825
vt 0.361605 0.293901
vt 0.360693 0.292977
vt 0.361815 0.291876
vt 0.361359 0.288792
vt 0.362974 0.283883
vt 0.362305 0.288699
vt 0.078794 0.619589
vt 0.065627 0.624960
vt 0.065495 0.619997
vt 0.078680 0.616732
vt 0.065325 0.616968
vt 0.063133 0.617601
vt 0.063336 0.621213
vt 0.062451 0.623015
vt 0.062194 0.618576
vt 0.061932 0.616549
vt 0.061556 0.615219
vt 0.062540 0.614646
vt 0.062899 0.615767
vt 0.064734 0.614305
vt 0.065083 0.615278
vt 0.078273 0.614389
vt 0.078509 0.615229
vt 0.151259 0.625947
vt 0.138237 0.620092
vt 0.151512 0.620988
vt 0.138425 0.617125
vt 0.151758 0.617959
vt 0.152041 0.616263
vt 0.138636 0.615495
vt 0.138896 0.614519
vt 0.152411 0.615273
vt 0.154593 0.615689
vt 0.155567 0.616282
vt 0.155161 0.617622
vt 0.154209 0.616819
vt 0.154851 0.619655
vt 0.153933 0.618656
vt 0.153647 0.622161
vt 0.154484 0.624062
vt 0.672187 0.284245
vt 0.677922 0.281715
vt 0.671298 0.288959
vt 0.677455 0.284842
vt 0.670678 0.292197
vt 0.670339 0.294375
vt 0.677081 0.287038
vt 0.676887 0.288635
vt 0.670267 0.295895
vt 0.668721 0.297337
vt 0.667654 0.298019
vt 0.667609 0.296875
vt 0.668740 0.296011
vt 0.667888 0.295071
vt 0.669057 0.294017
vt 0.668757 0.290946
vt 0.670673 0.286151
vt 0.669691 0.290887
vt 0.612928 0.299772
vt 0.612244 0.290497
vt 0.620246 0.296611
vt 0.614884 0.288847
vt 0.622107 0.294995
vt 0.616029 0.287442
vt 0.616316 0.286017
vt 0.622381 0.293726
vt 0.623875 0.295225
vt 0.624898 0.295974
vt 0.624522 0.296995
vt 0.623551 0.296361
vt 0.623205 0.298134
vt 0.622287 0.297551
vt 0.619375 0.299034
vt 0.620234 0.299610
vt 0.614903 0.301598
vt 0.614116 0.301010
vt 0.141709 0.609683
vt 0.160501 0.606727
vt 0.156384 0.610735
vt 0.140027 0.612176
vt 0.154027 0.613090
vt 0.158739 0.610917
vt 0.162962 0.606910
vt 0.163919 0.607097
vt 0.159730 0.611097
vt 0.156305 0.613329
vt 0.157317 0.613587
vt 0.156080 0.615085
vt 0.155084 0.614679
vt 0.152878 0.614374
vt 0.139223 0.613584
vt 0.056864 0.605767
vt 0.075604 0.609695
vt 0.060875 0.609794
vt 0.077210 0.612178
vt 0.063172 0.612156
vt 0.064287 0.613433
vt 0.077971 0.613550
vt 0.061075 0.614034
vt 0.062075 0.613650
vt 0.059882 0.612544
vt 0.060896 0.612309
vt 0.058518 0.609902
vt 0.057523 0.610057
vt 0.053422 0.606023
vt 0.054383 0.605869
vt 0.680170 0.292718
vt 0.679231 0.301870
vt 0.672124 0.298766
vt 0.677792 0.291212
vt 0.672856 0.301194
vt 0.678032 0.303135
vt 0.677241 0.303733
vt 0.671982 0.301762
vt 0.670062 0.299664
vt 0.669113 0.300207
vt 0.667918 0.299016
vt 0.668930 0.298449
vt 0.670429 0.297148
vt 0.676914 0.289936
vt 0.615989 0.278823
vt 0.621130 0.281894
vt 0.621747 0.286689
vt 0.616246 0.282005
vt 0.622189 0.289985
vt 0.623252 0.288671
vt 0.622579 0.283855
vt 0.624202 0.288790
vt 0.623746 0.291846
vt 0.624869 0.292947
vt 0.625041 0.294794
vt 0.623959 0.293872
vt 0.622411 0.292191
vt 0.616374 0.284303
vt 0.154578 0.285504
vt 0.153897 0.272558
vt 0.152877 0.259627
vt 0.151578 0.246701
vt 0.150060 0.233769
vt 0.152000 0.233776
vt 0.152924 0.233745
vt 0.154479 0.246654
vt 0.153565 0.246697
vt 0.155812 0.259558
vt 0.154905 0.259612
vt 0.155959 0.272537
vt 0.156863 0.272482
vt 0.157571 0.285447
vt 0.156666 0.285486
vt 0.077701 0.232650
vt 0.075772 0.245545
vt 0.074070 0.258447
vt 0.072660 0.271365
vt 0.071601 0.284311
vt 0.069512 0.284233
vt 0.068608 0.284169
vt 0.069694 0.271202
vt 0.070597 0.271284
vt 0.071136 0.258291
vt 0.072042 0.258372
vt 0.073785 0.245481
vt 0.072872 0.245411
vt 0.074839 0.232538
vt 0.075762 0.232598
vt 0.154639 0.336031
vt 0.154775 0.323940
vt 0.154893 0.311364
vt 0.154870 0.298483
vt 0.157888 0.298473
vt 0.156978 0.298480
vt 0.157851 0.323810
vt 0.157016 0.311363
vt 0.156911 0.323905
vt 0.157752 0.335713
vt 0.156788 0.335905
vt 0.070946 0.297302
vt 0.070576 0.310200
vt 0.070368 0.322794
vt 0.070199 0.334898
vt 0.068054 0.334714
vt 0.067095 0.334497
vt 0.067292 0.322720
vt 0.068232 0.322700
vt 0.068452 0.310140
vt 0.068836 0.297239
vt 0.067926 0.297207
vt 0.154649 0.367659
vt 0.154589 0.358298
vt 0.154579 0.347598
vt 0.157707 0.346871
vt 0.156734 0.347307
vt 0.157702 0.357111
vt 0.156743 0.357818
vt 0.156799 0.367012
vt 0.157729 0.366069
vt 0.111848 0.380249
vt 0.111810 0.383128
vt 0.111773 0.385515
vt 0.111789 0.384647
vt 0.069970 0.346472
vt 0.069692 0.357174
vt 0.069395 0.366534
vt 0.066359 0.364859
vt 0.067264 0.365827
vt 0.066614 0.355904
vt 0.067554 0.356636
vt 0.067825 0.346123
vt 0.066864 0.345661
vt 0.213656 0.476500
vt 0.207715 0.456564
vt 0.193396 0.428370
vt 0.200026 0.439457
vt 0.196683 0.428173
vt 0.197463 0.427895
vt 0.204318 0.439027
vt 0.203531 0.439278
vt 0.209958 0.450349
vt 0.209146 0.450551
vt 0.213514 0.461466
vt 0.214359 0.461327
vt 0.217501 0.471429
vt 0.216625 0.471500
vt 0.028979 0.426850
vt 0.022074 0.437846
vt 0.016377 0.448988
vt 0.007856 0.473050
vt 0.011899 0.459759
vt 0.004663 0.469423
vt 0.003794 0.469275
vt 0.007200 0.459267
vt 0.008037 0.459475
vt 0.011884 0.448385
vt 0.012685 0.448651
vt 0.018583 0.437473
vt 0.017808 0.437162
vt 0.024940 0.426136
vt 0.025707 0.426469
vt 0.215225 0.490210
vt 0.214904 0.511927
vt 0.219348 0.480123
vt 0.218474 0.480144
vt 0.220108 0.487761
vt 0.219220 0.487761
vt 0.220333 0.494633
vt 0.219353 0.507707
vt 0.219428 0.494646
vt 0.005429 0.488085
vt 0.000979 0.492313
vt 0.000064 0.492273
vt 0.000585 0.485422
vt 0.001484 0.485484
vt 0.002593 0.477973
vt 0.001704 0.477873
vt 0.130281 0.077960
vt 0.130130 0.065040
vt 0.130195 0.052511
vt 0.130388 0.040773
vt 0.130617 0.030244
vt 0.131822 0.030260
vt 0.132710 0.030262
vt 0.132532 0.040732
vt 0.131623 0.040761
vt 0.132386 0.052396
vt 0.131458 0.052468
vt 0.131417 0.064967
vt 0.132361 0.064853
vt 0.132544 0.077719
vt 0.131589 0.077865
vt 0.103507 0.029958
vt 0.103335 0.040458
vt 0.103223 0.052182
vt 0.102934 0.064690
vt 0.102409 0.077586
vt 0.101099 0.077448
vt 0.100148 0.077272
vt 0.100705 0.064432
vt 0.101646 0.064575
vt 0.101033 0.051997
vt 0.101959 0.052096
vt 0.102100 0.040407
vt 0.101192 0.040349
vt 0.101402 0.029904
vt 0.102293 0.029932
vt 0.134122 0.129867
vt 0.132647 0.116867
vt 0.131524 0.103879
vt 0.130740 0.090908
vt 0.133021 0.090645
vt 0.132066 0.090804
vt 0.133818 0.103620
vt 0.132869 0.103777
vt 0.134018 0.116775
vt 0.134958 0.116629
vt 0.136467 0.129661
vt 0.135534 0.129791
vt 0.101565 0.090500
vt 0.100391 0.103427
vt 0.098873 0.116362
vt 0.096984 0.129298
vt 0.095573 0.129179
vt 0.094644 0.129021
vt 0.096563 0.116053
vt 0.097500 0.116229
vt 0.098098 0.103097
vt 0.099044 0.103283
vt 0.100237 0.090353
vt 0.099285 0.090165
vt 0.142508 0.181899
vt 0.140289 0.168897
vt 0.138068 0.155887
vt 0.135971 0.142875
vt 0.138373 0.142707
vt 0.137440 0.142817
vt 0.140544 0.155761
vt 0.139608 0.155849
vt 0.141904 0.168878
vt 0.142844 0.168812
vt 0.145143 0.181849
vt 0.144200 0.181895
vt 0.094724 0.142234
vt 0.092214 0.155168
vt 0.089577 0.168097
vt 0.086938 0.181020
vt 0.085248 0.180964
vt 0.084307 0.180888
vt 0.087026 0.167933
vt 0.087963 0.168028
vt 0.089744 0.154965
vt 0.090676 0.155082
vt 0.093256 0.142131
vt 0.092327 0.141992
vt 0.148388 0.220823
vt 0.146567 0.207861
vt 0.144604 0.194886
vt 0.147309 0.194861
vt 0.146367 0.194893
vt 0.149333 0.207848
vt 0.148394 0.207874
vt 0.150275 0.220835
vt 0.151207 0.220810
vt 0.084420 0.193934
vt 0.082035 0.206845
vt 0.079792 0.219750
vt 0.076975 0.219650
vt 0.077906 0.219704
vt 0.079271 0.206745
vt 0.080208 0.206801
vt 0.082659 0.193887
vt 0.081719 0.193825
vt 0.343178 0.149454
vt 0.342850 0.162192
vt 0.343649 0.174908
vt 0.346562 0.187264
vt 0.349166 0.199705
vt 0.348103 0.200153
vt 0.347217 0.200411
vt 0.344633 0.187805
vt 0.345527 0.187609
vt 0.341711 0.175262
vt 0.342591 0.175158
vt 0.341784 0.162362
vt 0.340876 0.162352
vt 0.341195 0.149404
vt 0.342106 0.149519
vt 0.354506 0.099400
vt 0.350197 0.111637
vt 0.346911 0.124118
vt 0.344610 0.136750
vt 0.342635 0.136503
vt 0.343540 0.136709
vt 0.344970 0.123695
vt 0.345860 0.123982
vt 0.349169 0.111420
vt 0.348302 0.111061
vt 0.352670 0.098696
vt 0.353506 0.099119
vt 0.381014 0.054674
vt 0.373109 0.065027
vt 0.366145 0.076076
vt 0.360129 0.087654
vt 0.358331 0.086836
vt 0.359148 0.087304
vt 0.364417 0.075183
vt 0.365211 0.075675
vt 0.372209 0.064589
vt 0.371439 0.064070
vt 0.379399 0.053655
vt 0.380147 0.054201
vt 0.420297 0.021931
vt 0.409508 0.028669
vt 0.399323 0.036450
vt 0.389791 0.045135
vt 0.388230 0.044046
vt 0.388958 0.044623
vt 0.397828 0.035282
vt 0.398530 0.035895
vt 0.408768 0.028069
vt 0.408106 0.027414
vt 0.419024 0.020578
vt 0.419628 0.021276
vt 0.463300 0.004638
vt 0.453394 0.007327
vt 0.442614 0.011113
vt 0.431421 0.015976
vt 0.430332 0.014531
vt 0.430852 0.015273
vt 0.441731 0.009570
vt 0.442150 0.010357
vt 0.453038 0.006527
vt 0.452725 0.005702
vt 0.462830 0.002986
vt 0.463048 0.003839
vt 0.489791 0.001764
vt 0.479373 0.002065
vt 0.471840 0.002929
vt 0.471519 0.001269
vt 0.471664 0.002101
vt 0.479168 0.000300
vt 0.479261 0.001178
vt 0.486014 0.000001
vt 0.486780 0.000878
vt 0.871002 0.022244
vt 0.859775 0.016220
vt 0.848476 0.011292
vt 0.837588 0.007449
vt 0.827572 0.004707
vt 0.827827 0.003903
vt 0.828047 0.003049
vt 0.838263 0.005822
vt 0.837947 0.006648
vt 0.849366 0.009748
vt 0.848944 0.010536
vt 0.860347 0.015518
vt 0.860870 0.014777
vt 0.872282 0.020892
vt 0.871674 0.021591
vt 0.910598 0.055375
vt 0.901751 0.045735
vt 0.892142 0.036954
vt 0.881872 0.029083
vt 0.883279 0.027835
vt 0.882615 0.028488
vt 0.893643 0.035793
vt 0.892938 0.036404
vt 0.902588 0.045229
vt 0.903319 0.044654
vt 0.912219 0.054367
vt 0.911469 0.054910
vt 0.936834 0.100786
vt 0.931579 0.088740
vt 0.925575 0.077005
vt 0.918565 0.065836
vt 0.920242 0.064893
vt 0.919469 0.065409
vt 0.927310 0.076132
vt 0.926513 0.076618
vt 0.932560 0.088400
vt 0.933385 0.087945
vt 0.938687 0.100104
vt 0.937839 0.100512
vt 0.947477 0.151389
vt 0.946367 0.138552
vt 0.944245 0.125777
vt 0.940965 0.113188
vt 0.942881 0.112637
vt 0.942006 0.112986
vt 0.946194 0.125387
vt 0.945299 0.125662
vt 0.947435 0.138531
vt 0.948344 0.138342
vt 0.949456 0.151379
vt 0.948544 0.151476
vt 0.940221 0.201776
vt 0.944017 0.189562
vt 0.946918 0.177052
vt 0.947703 0.164224
vt 0.949654 0.164427
vt 0.948751 0.164425
vt 0.948844 0.177450
vt 0.947969 0.177337
vt 0.945036 0.189912
vt 0.945895 0.190121
vt 0.942333 0.202584
vt 0.941369 0.202272
vt 0.927901 0.237879
vt 0.924547 0.249085
vt 0.932023 0.226157
vt 0.936360 0.214079
vt 0.938192 0.214900
vt 0.937347 0.214595
vt 0.929766 0.238980
vt 0.933014 0.226716
vt 0.928924 0.238523
vt 0.926503 0.250365
vt 0.925613 0.249888
vt 0.922172 0.277579
vt 0.921533 0.269274
vt 0.922597 0.259662
vt 0.924527 0.261420
vt 0.923677 0.260739
vt 0.923534 0.271571
vt 0.922593 0.270670
vt 0.923592 0.279265
vt 0.924682 0.280351
vt 0.898991 0.251639
vt 0.907987 0.266437
vt 0.898175 0.253339
vt 0.907610 0.269028
vt 0.907332 0.272268
vt 0.907434 0.270889
vt 0.896982 0.255741
vt 0.897548 0.254647
vt 0.826389 0.318174
vt 0.836786 0.317896
vt 0.848394 0.316460
vt 0.860763 0.314752
vt 0.873430 0.312618
vt 0.873942 0.313856
vt 0.874277 0.314608
vt 0.861443 0.316739
vt 0.861174 0.315961
vt 0.848972 0.318435
vt 0.848735 0.317636
vt 0.837093 0.319166
vt 0.837297 0.320012
vt 0.826820 0.320030
vt 0.826642 0.319196
vt 0.791534 0.318913
vt 0.803851 0.318913
vt 0.810397 0.318908
vt 0.817774 0.318887
vt 0.818132 0.320921
vt 0.817987 0.320043
vt 0.810629 0.320930
vt 0.810552 0.320042
vt 0.803978 0.320935
vt 0.791446 0.320044
vt 0.803929 0.320044
vt 0.415673 0.311547
vt 0.428438 0.314001
vt 0.440931 0.316002
vt 0.452696 0.317506
vt 0.463236 0.318548
vt 0.462959 0.319686
vt 0.462756 0.320533
vt 0.452141 0.319471
vt 0.452370 0.318651
vt 0.440309 0.317962
vt 0.440559 0.317168
vt 0.428003 0.315195
vt 0.427717 0.315964
vt 0.414786 0.313504
vt 0.415137 0.312764
vt 0.380788 0.302495
vt 0.391170 0.305553
vt 0.403036 0.308662
vt 0.401892 0.310592
vt 0.402348 0.309890
vt 0.389734 0.307441
vt 0.390307 0.306782
vt 0.379753 0.303723
vt 0.379064 0.304340
vt 0.396107 0.258439
vt 0.385148 0.274742
vt 0.394028 0.256582
vt 0.382986 0.273110
vt 0.381803 0.270787
vt 0.382057 0.271897
vt 0.392193 0.254316
vt 0.392875 0.255320
vt 0.353220 0.211908
vt 0.357207 0.224028
vt 0.364476 0.246800
vt 0.361286 0.235671
vt 0.363499 0.247536
vt 0.362649 0.247954
vt 0.359308 0.236581
vt 0.360217 0.236271
vt 0.356106 0.224571
vt 0.352263 0.212364
vt 0.351429 0.212629
vt 0.130744 0.021362
vt 0.130839 0.013675
vt 0.130944 0.006752
vt 0.132108 0.006870
vt 0.132957 0.006917
vt 0.132864 0.013719
vt 0.132006 0.013709
vt 0.131933 0.021393
vt 0.132807 0.021404
vt 0.103734 0.006558
vt 0.103745 0.000003
vt 0.103657 0.013464
vt 0.103606 0.021118
vt 0.101545 0.021081
vt 0.102418 0.021097
vt 0.101592 0.013420
vt 0.102463 0.013443
vt 0.102617 0.006542
vt 0.101787 0.006521
vt 0.101794 0.000001
vt 0.102624 0.000000
vt 0.818918 0.002967
vt 0.811270 0.002081
vt 0.804296 0.001771
vt 0.794646 0.001766
vt 0.791582 0.000880
vt 0.790804 0.000001
vt 0.804390 0.000000
vt 0.804350 0.000879
vt 0.811477 0.000311
vt 0.811384 0.001191
vt 0.819097 0.002134
vt 0.819243 0.001298
vt 0.472048 0.319254
vt 0.479638 0.319384
vt 0.486405 0.319396
vt 0.486312 0.320517
vt 0.486273 0.321403
vt 0.479410 0.321378
vt 0.479487 0.320492
vt 0.471833 0.320460
vt 0.471688 0.321346
vt 0.185555 0.417942
vt 0.177373 0.408541
vt 0.169725 0.400538
vt 0.173266 0.400258
vt 0.172357 0.400443
vt 0.181060 0.408167
vt 0.180207 0.408399
vt 0.188612 0.417761
vt 0.189417 0.417492
vt 0.053396 0.399337
vt 0.045513 0.407231
vt 0.037082 0.416524
vt 0.033242 0.415848
vt 0.034036 0.416168
vt 0.041842 0.406643
vt 0.042686 0.406924
vt 0.050768 0.399093
vt 0.049863 0.398862
vt 0.111687 0.390368
vt 0.111731 0.387837
vt 0.111758 0.386404
vt 0.885986 0.310038
vt 0.897780 0.307212
vt 0.908091 0.304391
vt 0.909806 0.306283
vt 0.909121 0.305651
vt 0.899190 0.309146
vt 0.898626 0.308471
vt 0.886651 0.311292
vt 0.887093 0.312008
vt 0.904053 0.276376
vt 0.906182 0.274724
vt 0.893379 0.259829
vt 0.895360 0.257996
vt 0.896404 0.256745
vt 0.907090 0.273453
vt 0.365645 0.257366
vt 0.365822 0.266943
vt 0.365238 0.275228
vt 0.362809 0.278097
vt 0.363861 0.276970
vt 0.363537 0.269243
vt 0.364541 0.268353
vt 0.364454 0.258420
vt 0.363490 0.259045
vt 0.381097 0.265124
vt 0.381482 0.267668
vt 0.390075 0.250289
vt 0.390895 0.251962
vt 0.391552 0.253235
vt 0.381685 0.269475
vt 0.065939 0.714640
vt 0.066660 0.727600
vt 0.067727 0.740544
vt 0.069080 0.753481
vt 0.070659 0.766421
vt 0.068719 0.766422
vt 0.067794 0.766457
vt 0.066178 0.753540
vt 0.067093 0.753493
vt 0.064791 0.740624
vt 0.065698 0.740567
vt 0.064597 0.727629
vt 0.063694 0.727687
vt 0.062946 0.714706
vt 0.063850 0.714665
vt 0.143023 0.767203
vt 0.144890 0.754315
vt 0.146537 0.741422
vt 0.147901 0.728516
vt 0.148919 0.715582
vt 0.151009 0.715654
vt 0.151912 0.715717
vt 0.150866 0.728669
vt 0.149963 0.728590
vt 0.149471 0.741567
vt 0.148566 0.741490
vt 0.146877 0.754370
vt 0.147791 0.754438
vt 0.145886 0.767303
vt 0.144962 0.767247
vt 0.065781 0.664065
vt 0.065662 0.676165
vt 0.065565 0.688752
vt 0.065615 0.701647
vt 0.062597 0.701665
vt 0.063506 0.701655
vt 0.062587 0.676301
vt 0.063442 0.688758
vt 0.063526 0.676204
vt 0.062669 0.664388
vt 0.063632 0.664195
vt 0.149541 0.702606
vt 0.149884 0.689720
vt 0.150072 0.677137
vt 0.150223 0.665040
vt 0.152368 0.665221
vt 0.153327 0.665437
vt 0.153147 0.677206
vt 0.152207 0.677226
vt 0.152008 0.689775
vt 0.151651 0.702663
vt 0.152561 0.702693
vt 0.065731 0.632425
vt 0.065803 0.641788
vt 0.065825 0.652492
vt 0.062700 0.653223
vt 0.063672 0.652786
vt 0.062693 0.642978
vt 0.063650 0.642271
vt 0.063582 0.633074
vt 0.062654 0.634018
vt 0.108516 0.619811
vt 0.108551 0.616931
vt 0.108586 0.614508
vt 0.108571 0.615400
vt 0.150436 0.653470
vt 0.150699 0.642770
vt 0.150982 0.633410
vt 0.154022 0.635085
vt 0.153115 0.634117
vt 0.153780 0.644039
vt 0.152839 0.643307
vt 0.152582 0.653817
vt 0.153544 0.654278
vt 0.006681 0.523539
vt 0.012623 0.543477
vt 0.026946 0.571687
vt 0.020314 0.560594
vt 0.023659 0.571893
vt 0.022880 0.572174
vt 0.016023 0.561032
vt 0.016810 0.560779
vt 0.010382 0.549701
vt 0.011194 0.549498
vt 0.006824 0.538575
vt 0.005979 0.538715
vt 0.002836 0.528608
vt 0.003711 0.528536
vt 0.191366 0.573121
vt 0.198269 0.562135
vt 0.203964 0.551002
vt 0.212480 0.526951
vt 0.208439 0.540239
vt 0.215673 0.530581
vt 0.216543 0.530729
vt 0.213140 0.540730
vt 0.212303 0.540522
vt 0.208460 0.551604
vt 0.207658 0.551338
vt 0.201763 0.562507
vt 0.202538 0.562818
vt 0.195408 0.573834
vt 0.194641 0.573501
vt 0.005110 0.509836
vt 0.000987 0.519910
vt 0.001860 0.519890
vt 0.000226 0.512269
vt 0.001114 0.512272
vt 0.000905 0.505386
vt 0.000000 0.505368
vt 0.220269 0.507727
vt 0.219748 0.514592
vt 0.218849 0.514530
vt 0.217742 0.522037
vt 0.218631 0.522137
vt 0.091428 0.922154
vt 0.091617 0.935085
vt 0.091666 0.947623
vt 0.091584 0.959358
vt 0.091449 0.969871
vt 0.090235 0.969864
vt 0.089344 0.969868
vt 0.089434 0.959405
vt 0.090344 0.959372
vt 0.089474 0.947742
vt 0.090402 0.947666
vt 0.090344 0.935164
vt 0.089405 0.935283
vt 0.089174 0.922414
vt 0.090126 0.922262
vt 0.118593 0.970011
vt 0.118577 0.959498
vt 0.118637 0.947779
vt 0.118851 0.935272
vt 0.119306 0.922377
vt 0.120621 0.922504
vt 0.121575 0.922673
vt 0.121089 0.935517
vt 0.120145 0.935379
vt 0.120833 0.947954
vt 0.119905 0.947859
vt 0.119816 0.959550
vt 0.120726 0.959603
vt 0.120688 0.970059
vt 0.119799 0.970036
vt 0.087264 0.870283
vt 0.088838 0.883269
vt 0.090043 0.896245
vt 0.090903 0.909208
vt 0.088625 0.909490
vt 0.089579 0.909325
vt 0.087749 0.896523
vt 0.088698 0.896359
vt 0.087464 0.883370
vt 0.086524 0.883524
vt 0.084918 0.870505
vt 0.085851 0.870368
vt 0.120081 0.909460
vt 0.121184 0.896523
vt 0.122631 0.883572
vt 0.124411 0.870614
vt 0.125820 0.870725
vt 0.126750 0.870877
vt 0.124938 0.883864
vt 0.124002 0.883695
vt 0.123477 0.896834
vt 0.122531 0.896655
vt 0.121412 0.909594
vt 0.122365 0.909775
vt 0.078511 0.818293
vt 0.080817 0.831287
vt 0.083128 0.844288
vt 0.085319 0.857289
vt 0.082916 0.857472
vt 0.083848 0.857356
vt 0.080652 0.844430
vt 0.081587 0.844336
vt 0.079201 0.831316
vt 0.078261 0.831388
vt 0.075877 0.818357
vt 0.076820 0.818305
vt 0.126570 0.857661
vt 0.128985 0.844712
vt 0.131533 0.831770
vt 0.134086 0.818838
vt 0.135777 0.818885
vt 0.136717 0.818955
vt 0.134084 0.831920
vt 0.133146 0.831830
vt 0.131456 0.844900
vt 0.130523 0.844789
vt 0.128037 0.857755
vt 0.128966 0.857888
vt 0.072399 0.779372
vt 0.074293 0.792336
vt 0.076333 0.805309
vt 0.073629 0.805350
vt 0.074571 0.805312
vt 0.071527 0.792363
vt 0.072465 0.792332
vt 0.070512 0.779369
vt 0.069580 0.779399
vt 0.136523 0.805917
vt 0.138830 0.793004
vt 0.141000 0.780099
vt 0.143817 0.780186
vt 0.142886 0.780136
vt 0.141594 0.793089
vt 0.140657 0.793039
vt 0.138284 0.805955
vt 0.139225 0.806012
vt 0.636369 0.199679
vt 0.638985 0.187241
vt 0.641898 0.174886
vt 0.642697 0.162169
vt 0.642365 0.149431
vt 0.643437 0.149496
vt 0.644348 0.149381
vt 0.644671 0.162329
vt 0.643763 0.162339
vt 0.643837 0.175239
vt 0.642957 0.175135
vt 0.640021 0.187586
vt 0.640915 0.187782
vt 0.638316 0.200385
vt 0.637431 0.200127
vt 0.640929 0.136727
vt 0.638625 0.124096
vt 0.635338 0.111616
vt 0.631025 0.099381
vt 0.632024 0.099100
vt 0.632860 0.098676
vt 0.637233 0.111040
vt 0.636366 0.111399
vt 0.640566 0.123673
vt 0.639676 0.123960
vt 0.641999 0.136687
vt 0.642904 0.136480
vt 0.625392 0.087639
vt 0.619373 0.076063
vt 0.612407 0.065015
vt 0.604500 0.054664
vt 0.605366 0.054192
vt 0.606114 0.053645
vt 0.614076 0.064058
vt 0.613307 0.064578
vt 0.621101 0.075170
vt 0.620307 0.075662
vt 0.626373 0.087289
vt 0.627190 0.086821
vt 0.595721 0.045126
vt 0.586189 0.036443
vt 0.576003 0.028663
vt 0.565212 0.021927
vt 0.565881 0.021273
vt 0.566485 0.020574
vt 0.577404 0.027408
vt 0.576743 0.028063
vt 0.587683 0.035275
vt 0.586981 0.035888
vt 0.596555 0.044614
vt 0.597283 0.044037
vt 0.554087 0.015972
vt 0.542894 0.011110
vt 0.532115 0.007325
vt 0.522207 0.004636
vt 0.522460 0.003837
vt 0.522677 0.002985
vt 0.532783 0.005700
vt 0.532470 0.006525
vt 0.543777 0.009566
vt 0.543359 0.010354
vt 0.554656 0.015269
vt 0.555177 0.014528
vt 0.513667 0.002928
vt 0.506133 0.002064
vt 0.499274 0.001767
vt 0.499367 0.000000
vt 0.499328 0.000877
vt 0.506338 0.000300
vt 0.506246 0.001178
vt 0.513843 0.002101
vt 0.513988 0.001268
vt 0.767751 0.004709
vt 0.757734 0.007452
vt 0.746847 0.011296
vt 0.735549 0.016225
vt 0.724322 0.022249
vt 0.723649 0.021596
vt 0.723042 0.020898
vt 0.734453 0.014782
vt 0.734976 0.015523
vt 0.745957 0.009752
vt 0.746379 0.010540
vt 0.757375 0.006652
vt 0.757060 0.005826
vt 0.767275 0.003051
vt 0.767495 0.003904
vt 0.713453 0.029090
vt 0.703184 0.036963
vt 0.693576 0.045745
vt 0.684730 0.055386
vt 0.683859 0.054922
vt 0.683109 0.054378
vt 0.692008 0.044664
vt 0.692739 0.045239
vt 0.701683 0.035802
vt 0.702388 0.036413
vt 0.712710 0.028495
vt 0.712046 0.027842
vt 0.676764 0.065848
vt 0.669756 0.077019
vt 0.663753 0.088755
vt 0.658501 0.100804
vt 0.657496 0.100530
vt 0.656648 0.100121
vt 0.661947 0.087961
vt 0.662772 0.088415
vt 0.668020 0.076146
vt 0.668818 0.076632
vt 0.675860 0.065422
vt 0.675087 0.064906
vt 0.654371 0.113207
vt 0.651095 0.125797
vt 0.648978 0.138574
vt 0.647877 0.151412
vt 0.646810 0.151499
vt 0.645898 0.151402
vt 0.647001 0.138364
vt 0.647911 0.138553
vt 0.649146 0.125408
vt 0.650040 0.125683
vt 0.653331 0.113005
vt 0.652455 0.112657
vt 0.647659 0.164247
vt 0.648445 0.177075
vt 0.651346 0.189584
vt 0.655142 0.201798
vt 0.653994 0.202295
vt 0.653029 0.202607
vt 0.649468 0.190143
vt 0.650327 0.189935
vt 0.646518 0.177473
vt 0.647394 0.177360
vt 0.646611 0.164448
vt 0.645708 0.164450
vt 0.659001 0.214102
vt 0.663337 0.226180
vt 0.670812 0.249109
vt 0.667458 0.237903
vt 0.669747 0.249913
vt 0.668857 0.250389
vt 0.665549 0.238871
vt 0.666436 0.238547
vt 0.662346 0.226740
vt 0.658015 0.214617
vt 0.657169 0.214923
vt 0.687383 0.266463
vt 0.687773 0.269061
vt 0.696370 0.251660
vt 0.697177 0.253351
vt 0.697794 0.254649
vt 0.698366 0.255744
vt 0.688064 0.272304
vt 0.687964 0.270929
vt 0.672763 0.259687
vt 0.673828 0.269299
vt 0.673192 0.277604
vt 0.670683 0.280377
vt 0.671772 0.279291
vt 0.671826 0.271596
vt 0.672767 0.270695
vt 0.671683 0.260764
vt 0.670833 0.261445
vt 0.721963 0.312627
vt 0.734630 0.314758
vt 0.747000 0.316464
vt 0.758608 0.317897
vt 0.769006 0.318175
vt 0.768752 0.319198
vt 0.768574 0.320031
vt 0.758098 0.320013
vt 0.758301 0.319167
vt 0.746422 0.318438
vt 0.746659 0.317640
vt 0.734220 0.315967
vt 0.733951 0.316745
vt 0.721116 0.314617
vt 0.721451 0.313866
vt 0.777621 0.318887
vt 0.784998 0.318908
vt 0.791434 0.320935
vt 0.784766 0.320929
vt 0.784843 0.320042
vt 0.777408 0.320043
vt 0.777263 0.320921
vt 0.522338 0.318548
vt 0.532878 0.317504
vt 0.544644 0.315997
vt 0.557136 0.313994
vt 0.569900 0.311537
vt 0.570436 0.312754
vt 0.570788 0.313493
vt 0.557858 0.315957
vt 0.557572 0.315188
vt 0.545266 0.317958
vt 0.545015 0.317164
vt 0.533205 0.318649
vt 0.533434 0.319469
vt 0.522819 0.320533
vt 0.522616 0.319685
vt 0.600412 0.274723
vt 0.602573 0.273091
vt 0.589450 0.258422
vt 0.591529 0.256564
vt 0.592681 0.255302
vt 0.593362 0.254297
vt 0.603753 0.270767
vt 0.603500 0.271877
vt 0.582537 0.308648
vt 0.594402 0.305536
vt 0.604782 0.302474
vt 0.606507 0.304319
vt 0.605818 0.303703
vt 0.595838 0.307423
vt 0.595264 0.306765
vt 0.583225 0.309876
vt 0.583681 0.310578
vt 0.624254 0.235644
vt 0.621066 0.246773
vt 0.628333 0.224002
vt 0.632314 0.211882
vt 0.634104 0.212602
vt 0.633271 0.212337
vt 0.626185 0.236687
vt 0.629434 0.224545
vt 0.625324 0.236245
vt 0.622892 0.247928
vt 0.622042 0.247509
vt 0.091341 0.978736
vt 0.091238 0.986424
vt 0.091231 0.993340
vt 0.090060 0.993235
vt 0.089209 0.993195
vt 0.089221 0.986395
vt 0.090077 0.986400
vt 0.090155 0.978720
vt 0.089282 0.978714
vt 0.118380 0.993444
vt 0.118372 1.000000
vt 0.118452 0.986535
vt 0.118490 0.978873
vt 0.120549 0.978897
vt 0.119676 0.978884
vt 0.120522 0.986567
vt 0.119650 0.986548
vt 0.119498 0.993454
vt 0.120328 0.993471
vt 0.120321 0.999993
vt 0.119491 0.999996
vt 0.784051 0.002082
vt 0.776404 0.002969
vt 0.776079 0.001299
vt 0.776225 0.002136
vt 0.783844 0.000312
vt 0.783938 0.001192
vt 0.499159 0.319396
vt 0.505937 0.319384
vt 0.513526 0.319254
vt 0.513887 0.321346
vt 0.513742 0.320460
vt 0.506165 0.321378
vt 0.506088 0.320492
vt 0.499242 0.320517
vt 0.499275 0.321403
vt 0.108668 0.609653
vt 0.108626 0.612179
vt 0.108601 0.613607
vt 0.034789 0.582123
vt 0.042973 0.591529
vt 0.050623 0.599536
vt 0.047081 0.599837
vt 0.047991 0.599647
vt 0.039285 0.591921
vt 0.040138 0.591684
vt 0.031731 0.582314
vt 0.030926 0.582587
vt 0.166952 0.600604
vt 0.174833 0.592718
vt 0.183263 0.583435
vt 0.187104 0.584109
vt 0.186310 0.583790
vt 0.178502 0.593301
vt 0.177658 0.593021
vt 0.169577 0.600843
vt 0.170479 0.601073
vt 0.701993 0.259845
vt 0.691324 0.276396
vt 0.700008 0.258012
vt 0.689196 0.274746
vt 0.688295 0.273481
vt 0.698956 0.256756
vt 0.687298 0.304413
vt 0.697610 0.307230
vt 0.709405 0.310052
vt 0.708299 0.312022
vt 0.708741 0.311306
vt 0.696201 0.309164
vt 0.696765 0.308489
vt 0.686268 0.305673
vt 0.685583 0.306305
vt 0.595475 0.250265
vt 0.604452 0.265101
vt 0.594657 0.251940
vt 0.604070 0.267646
vt 0.603868 0.269454
vt 0.594003 0.253215
vt 0.620312 0.275201
vt 0.619725 0.266917
vt 0.619899 0.257340
vt 0.622055 0.259018
vt 0.621091 0.258393
vt 0.622011 0.269216
vt 0.621006 0.268326
vt 0.621690 0.276942
vt 0.622742 0.278069
vt 0.365836 0.186639
vt 0.362955 0.175406
vt 0.360651 0.164014
vt 0.359851 0.152408
vt 0.360062 0.140725
vt 0.361086 0.140514
vt 0.361952 0.140449
vt 0.361727 0.151964
vt 0.360873 0.152112
vt 0.362547 0.163414
vt 0.361710 0.163648
vt 0.363878 0.174978
vt 0.364688 0.174667
vt 0.367573 0.185723
vt 0.366788 0.186093
vt 0.361308 0.129081
vt 0.363167 0.117522
vt 0.366045 0.106202
vt 0.369897 0.095190
vt 0.370898 0.095286
vt 0.371744 0.095461
vt 0.367917 0.106370
vt 0.367061 0.106242
vt 0.365055 0.117568
vt 0.364192 0.117497
vt 0.362291 0.128962
vt 0.363157 0.128969
vt 0.374658 0.084550
vt 0.380033 0.074240
vt 0.386281 0.064497
vt 0.393215 0.055305
vt 0.394131 0.055601
vt 0.394919 0.055909
vt 0.388104 0.065072
vt 0.387259 0.064778
vt 0.381804 0.074677
vt 0.380980 0.074437
vt 0.375631 0.084698
vt 0.376467 0.084904
vt 0.400977 0.046864
vt 0.409324 0.039008
vt 0.418421 0.032014
vt 0.428052 0.025724
vt 0.428789 0.026296
vt 0.429468 0.026909
vt 0.419953 0.033054
vt 0.419220 0.032514
vt 0.410900 0.039833
vt 0.410126 0.039371
vt 0.401875 0.047219
vt 0.402670 0.047606
vt 0.438218 0.020222
vt 0.448459 0.015585
vt 0.458299 0.011881
vt 0.467254 0.009174
vt 0.467615 0.009969
vt 0.467933 0.010788
vt 0.459171 0.013418
vt 0.458759 0.012633
vt 0.449528 0.017024
vt 0.449019 0.016285
vt 0.438873 0.020862
vt 0.439473 0.021543
vt 0.474836 0.007526
vt 0.481379 0.006619
vt 0.487239 0.006285
vt 0.492753 0.006262
vt 0.492753 0.007093
vt 0.497476 0.007945
vt 0.487402 0.007946
vt 0.487326 0.007107
vt 0.481714 0.008270
vt 0.481554 0.007435
vt 0.475110 0.008383
vt 0.475352 0.009238
vt 0.823609 0.009258
vt 0.832673 0.012010
vt 0.842619 0.015770
vt 0.852960 0.020472
vt 0.863221 0.026048
vt 0.862481 0.026621
vt 0.861800 0.027234
vt 0.851701 0.021792
vt 0.852304 0.021111
vt 0.841547 0.017207
vt 0.842057 0.016469
vt 0.832212 0.012761
vt 0.831798 0.013546
vt 0.822927 0.010874
vt 0.823246 0.010054
vt 0.872939 0.032417
vt 0.882113 0.039499
vt 0.890537 0.047436
vt 0.898368 0.055960
vt 0.897448 0.056253
vt 0.896656 0.056560
vt 0.888839 0.048174
vt 0.889636 0.047788
vt 0.880527 0.040327
vt 0.881304 0.039865
vt 0.872137 0.032916
vt 0.871402 0.033455
vt 0.905360 0.065238
vt 0.911658 0.075062
vt 0.917036 0.085465
vt 0.921510 0.096327
vt 0.920519 0.096414
vt 0.919672 0.096575
vt 0.915221 0.085805
vt 0.916061 0.085608
vt 0.909881 0.075486
vt 0.910707 0.075250
vt 0.904378 0.065511
vt 0.903532 0.065804
vt 0.925234 0.107495
vt 0.928041 0.118936
vt 0.929875 0.130573
vt 0.930647 0.142340
vt 0.929641 0.142118
vt 0.928778 0.142036
vt 0.927976 0.130438
vt 0.928843 0.130447
vt 0.926152 0.118946
vt 0.927016 0.118887
vt 0.924222 0.107517
vt 0.923364 0.107634
vt 0.930801 0.154122
vt 0.929949 0.165795
vt 0.927572 0.177206
vt 0.924181 0.188351
vt 0.923260 0.187806
vt 0.922465 0.187411
vt 0.925768 0.176421
vt 0.926582 0.176752
vt 0.928065 0.165151
vt 0.928904 0.165400
vt 0.929783 0.153799
vt 0.928926 0.153639
vt 0.920274 0.199239
vt 0.916261 0.209565
vt 0.907816 0.226694
vt 0.912007 0.218831
vt 0.906909 0.225836
vt 0.906159 0.225314
vt 0.910330 0.217544
vt 0.911099 0.218037
vt 0.914568 0.208375
vt 0.915348 0.208836
vt 0.919313 0.198569
vt 0.918525 0.198138
vt 0.904004 0.232818
vt 0.900582 0.237435
vt 0.897700 0.240881
vt 0.895443 0.243441
vt 0.894419 0.242326
vt 0.893764 0.241722
vt 0.896039 0.239201
vt 0.896710 0.239809
vt 0.898963 0.235852
vt 0.899645 0.236441
vt 0.903114 0.231908
vt 0.902408 0.231359
vt 0.858876 0.275020
vt 0.849339 0.280412
vt 0.839444 0.285622
vt 0.829593 0.289701
vt 0.820730 0.292779
vt 0.820599 0.291576
vt 0.820594 0.290660
vt 0.829467 0.287559
vt 0.829453 0.288470
vt 0.839353 0.283560
vt 0.839331 0.284432
vt 0.849114 0.279030
vt 0.849087 0.278102
vt 0.858562 0.272754
vt 0.858597 0.273644
vt 0.813624 0.294579
vt 0.807712 0.295283
vt 0.802544 0.295513
vt 0.802505 0.294376
vt 0.802496 0.293489
vt 0.807592 0.293232
vt 0.807618 0.294131
vt 0.813505 0.293392
vt 0.813485 0.292472
vt 0.469289 0.292981
vt 0.460331 0.289755
vt 0.450403 0.285507
vt 0.440526 0.279976
vt 0.430979 0.274320
vt 0.431292 0.272940
vt 0.431347 0.272049
vt 0.440829 0.277672
vt 0.440779 0.278599
vt 0.450485 0.283536
vt 0.450507 0.284378
vt 0.460483 0.288538
vt 0.460469 0.287634
vt 0.469445 0.290846
vt 0.469437 0.291766
vt 0.422563 0.268592
vt 0.415276 0.263076
vt 0.409231 0.258081
vt 0.404599 0.253973
vt 0.405475 0.252628
vt 0.405867 0.251900
vt 0.410271 0.255959
vt 0.409971 0.256719
vt 0.416067 0.260894
vt 0.415864 0.261694
vt 0.423004 0.267200
vt 0.423120 0.266351
vt 0.377576 0.217129
vt 0.381672 0.225053
vt 0.373406 0.207841
vt 0.369478 0.197531
vt 0.371213 0.196490
vt 0.370426 0.196905
vt 0.375107 0.206703
vt 0.374330 0.207151
vt 0.378498 0.216369
vt 0.379267 0.215885
vt 0.383359 0.223694
vt 0.382602 0.224213
vt 0.288510 0.110466
vt 0.286674 0.121654
vt 0.284619 0.132842
vt 0.286154 0.110544
vt 0.284132 0.121718
vt 0.281862 0.132891
vt 0.282453 0.144031
vt 0.280286 0.155222
vt 0.279466 0.144066
vt 0.277066 0.155247
vt 0.275439 0.155265
vt 0.274571 0.155259
vt 0.277046 0.144119
vt 0.277914 0.144102
vt 0.279513 0.132995
vt 0.280382 0.132948
vt 0.282716 0.121797
vt 0.281842 0.121879
vt 0.283906 0.110760
vt 0.284788 0.110644
vt 0.329169 0.155113
vt 0.326950 0.143940
vt 0.324737 0.132769
vt 0.332389 0.155123
vt 0.329937 0.143963
vt 0.327494 0.132808
vt 0.322639 0.121598
vt 0.320768 0.110427
vt 0.325181 0.121655
vt 0.323123 0.110499
vt 0.324489 0.110596
vt 0.325371 0.110710
vt 0.327471 0.121808
vt 0.326597 0.121729
vt 0.329843 0.132904
vt 0.328974 0.132860
vt 0.331489 0.143992
vt 0.332357 0.144005
vt 0.334884 0.155123
vt 0.334016 0.155134
vt 0.292675 0.065679
vt 0.292089 0.076883
vt 0.291207 0.088082
vt 0.290700 0.065776
vt 0.290061 0.076983
vt 0.289101 0.088179
vt 0.290017 0.099276
vt 0.287804 0.099365
vt 0.285572 0.099630
vt 0.286469 0.099484
vt 0.286869 0.088480
vt 0.287784 0.088312
vt 0.288754 0.077123
vt 0.287825 0.077305
vt 0.288467 0.066097
vt 0.289404 0.065913
vt 0.319233 0.099251
vt 0.318026 0.088070
vt 0.321445 0.099336
vt 0.320131 0.088165
vt 0.317137 0.076882
vt 0.316556 0.065689
vt 0.319165 0.076983
vt 0.318530 0.065787
vt 0.319826 0.065926
vt 0.320762 0.066111
vt 0.321400 0.077304
vt 0.320471 0.077122
vt 0.322363 0.088464
vt 0.321448 0.088296
vt 0.322780 0.099453
vt 0.323677 0.099598
vt 0.292971 0.024510
vt 0.293047 0.033482
vt 0.293077 0.043603
vt 0.291085 0.024542
vt 0.291147 0.033533
vt 0.291162 0.043673
vt 0.292979 0.054466
vt 0.291041 0.054552
vt 0.288826 0.054845
vt 0.289760 0.054676
vt 0.288976 0.043917
vt 0.289898 0.043776
vt 0.289904 0.033611
vt 0.288997 0.033719
vt 0.288975 0.024674
vt 0.289864 0.024596
vt 0.316267 0.054486
vt 0.316197 0.043634
vt 0.318205 0.054576
vt 0.318111 0.043709
vt 0.316262 0.033522
vt 0.316379 0.024559
vt 0.318161 0.033579
vt 0.318265 0.024599
vt 0.319484 0.024658
vt 0.320373 0.024740
vt 0.320309 0.033773
vt 0.319403 0.033661
vt 0.320296 0.043958
vt 0.319374 0.043815
vt 0.319486 0.054702
vt 0.320419 0.054872
vt 0.293113 0.000121
vt 0.293014 0.005301
vt 0.292956 0.010838
vt 0.291315 0.000070
vt 0.291192 0.005274
vt 0.291111 0.010833
vt 0.292941 0.017106
vt 0.291074 0.017119
vt 0.289009 0.017210
vt 0.289879 0.017153
vt 0.289090 0.010884
vt 0.289942 0.010847
vt 0.290043 0.005264
vt 0.289205 0.005276
vt 0.289353 -0.000000
vt 0.290184 0.000028
vt 0.316452 0.017162
vt 0.316478 0.010899
vt 0.318318 0.017184
vt 0.318323 0.010903
vt 0.316460 0.005339
vt 0.318283 0.005271
vt 0.319428 0.005099
vt 0.320259 0.004742
vt 0.320344 0.010967
vt 0.319493 0.010924
vt 0.319512 0.017224
vt 0.320381 0.017285
vt 0.235370 0.339648
vt 0.229163 0.348184
vt 0.223490 0.357716
vt 0.227277 0.339640
vt 0.220380 0.348230
vt 0.214088 0.357787
vt 0.218664 0.367383
vt 0.214999 0.376325
vt 0.208741 0.367457
vt 0.204681 0.376395
vt 0.200679 0.376428
vt 0.199762 0.376390
vt 0.203941 0.367459
vt 0.204866 0.367499
vt 0.209456 0.357771
vt 0.210383 0.357826
vt 0.216885 0.348243
vt 0.215970 0.348154
vt 0.223152 0.339443
vt 0.224030 0.339597
vt 0.395928 0.375445
vt 0.392168 0.366553
vt 0.387243 0.356948
vt 0.406247 0.375401
vt 0.402092 0.366520
vt 0.396644 0.356920
vt 0.381476 0.347485
vt 0.375189 0.339023
vt 0.390258 0.347441
vt 0.383280 0.338934
vt 0.386526 0.338854
vt 0.387402 0.338691
vt 0.394666 0.347317
vt 0.393752 0.347416
vt 0.401276 0.356852
vt 0.400349 0.356917
vt 0.405967 0.366518
vt 0.406891 0.366467
vt 0.411166 0.375339
vt 0.410249 0.375388
vt 0.253666 0.323934
vt 0.263043 0.317314
vt 0.248041 0.327825
vt 0.255441 0.318941
vt 0.247673 0.323614
vt 0.241400 0.327612
vt 0.241803 0.332965
vt 0.234443 0.332864
vt 0.230671 0.332471
vt 0.231478 0.332723
vt 0.237991 0.326991
vt 0.238720 0.327353
vt 0.245248 0.323241
vt 0.244587 0.322775
vt 0.249935 0.319625
vt 0.250556 0.320168
vt 0.368697 0.332414
vt 0.362417 0.327342
vt 0.376054 0.332241
vt 0.369053 0.327068
vt 0.356722 0.323484
vt 0.355248 0.318733
vt 0.362749 0.323140
vt 0.359840 0.319730
vt 0.360456 0.319181
vt 0.365825 0.322270
vt 0.365170 0.322743
vt 0.372454 0.326410
vt 0.371730 0.326780
vt 0.379017 0.332067
vt 0.379821 0.331806
vt 0.268085 0.244882
vt 0.267717 0.256073
vt 0.267609 0.266884
vt 0.263515 0.244943
vt 0.263105 0.256135
vt 0.262981 0.266939
vt 0.267637 0.276910
vt 0.267685 0.285730
vt 0.263009 0.276954
vt 0.263058 0.285760
vt 0.260948 0.285788
vt 0.260041 0.285825
vt 0.259992 0.277058
vt 0.260898 0.277000
vt 0.259968 0.267068
vt 0.260870 0.266998
vt 0.261001 0.256201
vt 0.260103 0.256276
vt 0.260535 0.245081
vt 0.261427 0.245010
vt 0.342518 0.285482
vt 0.342511 0.276667
vt 0.342478 0.266645
vt 0.347145 0.285482
vt 0.347140 0.276681
vt 0.347106 0.266671
vt 0.342302 0.255840
vt 0.341866 0.244657
vt 0.346916 0.255873
vt 0.346437 0.244690
vt 0.348527 0.244744
vt 0.349420 0.244809
vt 0.349919 0.255996
vt 0.349021 0.255926
vt 0.350120 0.266782
vt 0.349217 0.266717
vt 0.349251 0.276714
vt 0.350157 0.276766
vt 0.350164 0.285527
vt 0.349257 0.285496
vt 0.272789 0.200039
vt 0.271250 0.211253
vt 0.269913 0.222468
vt 0.268749 0.200063
vt 0.267039 0.211287
vt 0.265552 0.222513
vt 0.268838 0.233679
vt 0.264355 0.233734
vt 0.261413 0.233848
vt 0.262298 0.233792
vt 0.262659 0.222591
vt 0.263539 0.222557
vt 0.265078 0.211315
vt 0.264202 0.211326
vt 0.265974 0.200070
vt 0.266848 0.200079
vt 0.341046 0.233463
vt 0.339905 0.222264
vt 0.345530 0.233491
vt 0.344267 0.222283
vt 0.338502 0.211063
vt 0.336900 0.199864
vt 0.342715 0.211072
vt 0.340941 0.199865
vt 0.342842 0.199869
vt 0.343716 0.199856
vt 0.345552 0.211094
vt 0.344675 0.211089
vt 0.347161 0.222344
vt 0.346280 0.222315
vt 0.347587 0.233537
vt 0.348473 0.233587
vt 0.278228 0.166419
vt 0.276287 0.177622
vt 0.274785 0.166437
vt 0.272632 0.177638
vt 0.274471 0.188829
vt 0.270617 0.188847
vt 0.267908 0.188836
vt 0.268779 0.188855
vt 0.269993 0.177620
vt 0.270862 0.177644
vt 0.273085 0.166446
vt 0.272217 0.166427
vt 0.335156 0.188669
vt 0.333280 0.177478
vt 0.339011 0.188666
vt 0.336935 0.177475
vt 0.331281 0.166292
vt 0.334725 0.166294
vt 0.337292 0.166270
vt 0.336424 0.166294
vt 0.339575 0.177443
vt 0.338705 0.177471
vt 0.340848 0.188664
vt 0.341720 0.188639
vt 0.797661 0.006268
vt 0.803288 0.006294
vt 0.809261 0.006641
vt 0.815916 0.007570
vt 0.815399 0.009277
vt 0.815642 0.008423
vt 0.808926 0.008291
vt 0.809086 0.007456
vt 0.802483 0.007956
vt 0.797661 0.007099
vt 0.803201 0.007116
vt 0.497757 0.296016
vt 0.487823 0.296016
vt 0.482534 0.295769
vt 0.476514 0.294894
vt 0.476668 0.292755
vt 0.476642 0.293689
vt 0.482662 0.293683
vt 0.482631 0.294592
vt 0.487878 0.294867
vt 0.487902 0.293975
vt 0.497703 0.293975
vt 0.497714 0.294867
vt 0.212814 0.383701
vt 0.211740 0.389942
vt 0.202259 0.383770
vt 0.201069 0.390010
vt 0.211406 0.395460
vt 0.200700 0.395531
vt 0.196578 0.395560
vt 0.195730 0.405916
vt 0.195669 0.395531
vt 0.196046 0.390007
vt 0.196956 0.390033
vt 0.198182 0.383796
vt 0.197270 0.383762
vt 0.399796 0.404837
vt 0.399735 0.394518
vt 0.399338 0.389013
vt 0.410501 0.404765
vt 0.410441 0.394461
vt 0.410009 0.388958
vt 0.398194 0.382790
vt 0.408749 0.382739
vt 0.413740 0.382673
vt 0.412827 0.382718
vt 0.415033 0.388897
vt 0.414123 0.388933
vt 0.415472 0.394378
vt 0.414624 0.404735
vt 0.414564 0.394435
vt 0.885063 0.255221
vt 0.880496 0.259254
vt 0.874503 0.264129
vt 0.867256 0.269485
vt 0.866744 0.267237
vt 0.866846 0.268088
vt 0.873750 0.261935
vt 0.873942 0.262739
vt 0.879777 0.257881
vt 0.879485 0.257119
vt 0.883805 0.253137
vt 0.884196 0.253867
vt 0.393681 0.242130
vt 0.391447 0.239532
vt 0.388658 0.235999
vt 0.385379 0.231263
vt 0.387054 0.229790
vt 0.386322 0.230342
vt 0.390322 0.234431
vt 0.389621 0.235009
vt 0.392442 0.238479
vt 0.393114 0.237881
vt 0.395368 0.240411
vt 0.394712 0.241018
vt 0.267640 0.292912
vt 0.267516 0.298694
vt 0.263004 0.292926
vt 0.262865 0.298688
vt 0.267326 0.303289
vt 0.266115 0.312256
vt 0.262658 0.303256
vt 0.261939 0.310005
vt 0.260070 0.308421
vt 0.259386 0.306615
vt 0.259637 0.303143
vt 0.260537 0.303203
vt 0.259842 0.298646
vt 0.260747 0.298668
vt 0.260890 0.292933
vt 0.259984 0.292943
vt 0.344075 0.311522
vt 0.342989 0.303020
vt 0.342770 0.298433
vt 0.348200 0.308563
vt 0.347657 0.302956
vt 0.347421 0.298396
vt 0.342609 0.292658
vt 0.347245 0.292641
vt 0.350266 0.292638
vt 0.349359 0.292634
vt 0.350443 0.298334
vt 0.349539 0.298362
vt 0.349777 0.302890
vt 0.350676 0.302825
vt 0.350949 0.306290
vt 0.350313 0.308393
vt 0.625479 0.140705
vt 0.625692 0.152386
vt 0.624894 0.163992
vt 0.622596 0.175386
vt 0.619724 0.186620
vt 0.618779 0.186075
vt 0.617997 0.185705
vt 0.620863 0.174646
vt 0.621675 0.174957
vt 0.622997 0.163392
vt 0.623834 0.163627
vt 0.624670 0.152090
vt 0.623816 0.151943
vt 0.623590 0.140429
vt 0.624455 0.140494
vt 0.615630 0.095175
vt 0.619486 0.106185
vt 0.622368 0.117504
vt 0.624231 0.129061
vt 0.622383 0.128950
vt 0.623248 0.128942
vt 0.620479 0.117550
vt 0.621343 0.117479
vt 0.618471 0.106225
vt 0.617615 0.106354
vt 0.613783 0.095447
vt 0.614630 0.095271
vt 0.592299 0.055297
vt 0.599235 0.064488
vt 0.605483 0.074230
vt 0.610866 0.084537
vt 0.609057 0.084891
vt 0.609893 0.084684
vt 0.603712 0.074668
vt 0.604536 0.074428
vt 0.598256 0.064769
vt 0.597412 0.065064
vt 0.590595 0.055900
vt 0.591384 0.055593
vt 0.557459 0.025719
vt 0.567090 0.032008
vt 0.576188 0.039001
vt 0.584536 0.046856
vt 0.582843 0.047598
vt 0.583638 0.047211
vt 0.574612 0.039826
vt 0.575386 0.039364
vt 0.566290 0.032508
vt 0.565557 0.033049
vt 0.556042 0.026904
vt 0.556721 0.026291
vt 0.518254 0.009172
vt 0.527209 0.011879
vt 0.537049 0.015582
vt 0.547291 0.020218
vt 0.546036 0.021539
vt 0.546636 0.020858
vt 0.535980 0.017021
vt 0.536489 0.016283
vt 0.526749 0.012631
vt 0.526337 0.013415
vt 0.517575 0.010787
vt 0.517892 0.009968
vt 0.498268 0.006284
vt 0.504128 0.006618
vt 0.510671 0.007525
vt 0.510155 0.009237
vt 0.510397 0.008382
vt 0.503793 0.008270
vt 0.503953 0.007435
vt 0.498180 0.007106
vt 0.732104 0.026055
vt 0.742364 0.020478
vt 0.752705 0.015774
vt 0.762650 0.012014
vt 0.771714 0.009260
vt 0.772077 0.010056
vt 0.772396 0.010876
vt 0.763525 0.013549
vt 0.763111 0.012765
vt 0.753777 0.017211
vt 0.753266 0.016473
vt 0.743020 0.021116
vt 0.743623 0.021797
vt 0.733525 0.027240
vt 0.732844 0.026627
vt 0.696959 0.055970
vt 0.704790 0.047445
vt 0.713213 0.039507
vt 0.722386 0.032425
vt 0.723923 0.033463
vt 0.723188 0.032923
vt 0.714800 0.040336
vt 0.714022 0.039874
vt 0.705691 0.047798
vt 0.706488 0.048184
vt 0.698672 0.056570
vt 0.697880 0.056263
vt 0.673826 0.096342
vt 0.678296 0.085478
vt 0.683672 0.075074
vt 0.689969 0.065249
vt 0.691797 0.065814
vt 0.690951 0.065522
vt 0.685448 0.075498
vt 0.684622 0.075261
vt 0.679271 0.085621
vt 0.680111 0.085818
vt 0.675663 0.096589
vt 0.674816 0.096429
vt 0.664702 0.142357
vt 0.665468 0.130590
vt 0.667298 0.118952
vt 0.670102 0.107510
vt 0.671972 0.107649
vt 0.671115 0.107532
vt 0.669186 0.118961
vt 0.668322 0.118902
vt 0.666499 0.130464
vt 0.667366 0.130454
vt 0.666574 0.142053
vt 0.665710 0.142135
vt 0.671181 0.188372
vt 0.667790 0.177226
vt 0.665410 0.165814
vt 0.664554 0.154140
vt 0.666428 0.153656
vt 0.665572 0.153817
vt 0.667294 0.165170
vt 0.666454 0.165419
vt 0.668781 0.176771
vt 0.669595 0.176440
vt 0.672898 0.187432
vt 0.672102 0.187826
vt 0.683352 0.218855
vt 0.687542 0.226718
vt 0.679099 0.209588
vt 0.675088 0.199261
vt 0.676836 0.198160
vt 0.676048 0.198591
vt 0.680792 0.208398
vt 0.680012 0.208859
vt 0.684261 0.218061
vt 0.685029 0.217567
vt 0.689200 0.225338
vt 0.688449 0.225860
vt 0.699913 0.243466
vt 0.697656 0.240906
vt 0.694775 0.237460
vt 0.691353 0.232842
vt 0.692950 0.231383
vt 0.692244 0.231932
vt 0.696394 0.235877
vt 0.695711 0.236466
vt 0.698644 0.239836
vt 0.699313 0.239228
vt 0.701585 0.241749
vt 0.700932 0.242353
vt 0.774661 0.292779
vt 0.765796 0.289701
vt 0.755944 0.285622
vt 0.746046 0.280415
vt 0.736507 0.275025
vt 0.736785 0.273649
vt 0.736820 0.272759
vt 0.746297 0.278105
vt 0.746271 0.279034
vt 0.756035 0.283560
vt 0.756057 0.284432
vt 0.765937 0.288470
vt 0.765922 0.287559
vt 0.774797 0.290660
vt 0.774791 0.291576
vt 0.792856 0.295512
vt 0.787680 0.295282
vt 0.781768 0.294579
vt 0.781906 0.292472
vt 0.781887 0.293392
vt 0.787800 0.293232
vt 0.787774 0.294131
vt 0.792905 0.294376
vt 0.792929 0.293489
vt 0.554586 0.274314
vt 0.545041 0.279972
vt 0.535166 0.285507
vt 0.525239 0.289755
vt 0.516283 0.292981
vt 0.516135 0.291767
vt 0.516126 0.290847
vt 0.525102 0.287634
vt 0.525088 0.288538
vt 0.535085 0.283537
vt 0.535063 0.284378
vt 0.544787 0.278594
vt 0.544737 0.277667
vt 0.554217 0.272042
vt 0.554272 0.272934
vt 0.580958 0.253958
vt 0.576327 0.258069
vt 0.570284 0.263064
vt 0.562999 0.268582
vt 0.562442 0.266342
vt 0.562558 0.267191
vt 0.569492 0.260883
vt 0.569696 0.261683
vt 0.575587 0.256707
vt 0.575287 0.255947
vt 0.579689 0.251885
vt 0.580081 0.252614
vt 0.616038 0.197497
vt 0.612127 0.207814
vt 0.603868 0.225028
vt 0.607962 0.217104
vt 0.602937 0.224189
vt 0.602180 0.223669
vt 0.606269 0.215859
vt 0.607039 0.216344
vt 0.610421 0.206674
vt 0.611200 0.207123
vt 0.615089 0.196871
vt 0.614307 0.196456
vt 0.322236 0.689929
vt 0.324133 0.678744
vt 0.326243 0.667557
vt 0.324593 0.689862
vt 0.326675 0.678690
vt 0.329000 0.667518
vt 0.328459 0.656369
vt 0.330670 0.645177
vt 0.331446 0.656344
vt 0.333891 0.645163
vt 0.335518 0.645150
vt 0.336386 0.645159
vt 0.333866 0.656300
vt 0.332998 0.656314
vt 0.331350 0.667423
vt 0.330480 0.667467
vt 0.328092 0.678616
vt 0.328966 0.678538
vt 0.326841 0.689654
vt 0.325959 0.689766
vt 0.281787 0.645109
vt 0.283961 0.656282
vt 0.286124 0.667454
vt 0.278567 0.645088
vt 0.280974 0.656247
vt 0.283369 0.667403
vt 0.288167 0.678627
vt 0.289977 0.689802
vt 0.285626 0.678560
vt 0.287623 0.689718
vt 0.286258 0.689615
vt 0.285377 0.689496
vt 0.283337 0.678395
vt 0.284210 0.678478
vt 0.281020 0.667297
vt 0.281889 0.667346
vt 0.279423 0.656212
vt 0.278555 0.656195
vt 0.276072 0.645078
vt 0.276940 0.645070
vt 0.317778 0.734707
vt 0.318443 0.723505
vt 0.319400 0.712308
vt 0.319753 0.734621
vt 0.320471 0.723415
vt 0.321506 0.712222
vt 0.320661 0.701116
vt 0.322875 0.701038
vt 0.325109 0.700783
vt 0.324211 0.700924
vt 0.323740 0.711931
vt 0.322824 0.712095
vt 0.321779 0.723283
vt 0.322710 0.723106
vt 0.321989 0.734313
vt 0.321051 0.734491
vt 0.291444 0.700981
vt 0.292579 0.712165
vt 0.289233 0.700884
vt 0.290475 0.712058
vt 0.293392 0.723354
vt 0.293895 0.734549
vt 0.291366 0.723242
vt 0.291922 0.734438
vt 0.290627 0.734292
vt 0.289692 0.734101
vt 0.289132 0.722907
vt 0.290061 0.723095
vt 0.288246 0.711746
vt 0.289160 0.711919
vt 0.287899 0.700760
vt 0.287003 0.700611
vt 0.317198 0.775871
vt 0.317180 0.766901
vt 0.317219 0.756780
vt 0.319084 0.775850
vt 0.319080 0.766861
vt 0.319135 0.756721
vt 0.317393 0.745918
vt 0.319332 0.745843
vt 0.321549 0.745565
vt 0.320614 0.745727
vt 0.321322 0.756491
vt 0.320399 0.756626
vt 0.320323 0.766790
vt 0.321231 0.766688
vt 0.321194 0.775730
vt 0.320304 0.775803
vt 0.294104 0.745751
vt 0.294099 0.756603
vt 0.292167 0.745650
vt 0.292185 0.756517
vt 0.293964 0.766715
vt 0.293789 0.775678
vt 0.292066 0.766646
vt 0.291903 0.775627
vt 0.290683 0.775561
vt 0.289795 0.775473
vt 0.289918 0.766439
vt 0.290824 0.766556
vt 0.290002 0.756254
vt 0.290923 0.756403
vt 0.290886 0.745516
vt 0.289955 0.745339
vt 0.316920 0.800255
vt 0.317047 0.795076
vt 0.317134 0.789540
vt 0.318719 0.800316
vt 0.318870 0.795113
vt 0.318979 0.789555
vt 0.317184 0.783274
vt 0.319051 0.783271
vt 0.321115 0.783192
vt 0.320245 0.783244
vt 0.321001 0.789515
vt 0.320148 0.789548
vt 0.320018 0.795129
vt 0.320857 0.795122
vt 0.320681 0.800396
vt 0.319851 0.800364
vt 0.293672 0.783077
vt 0.293612 0.789341
vt 0.291806 0.783043
vt 0.291767 0.789326
vt 0.293602 0.794902
vt 0.291779 0.794961
vt 0.290633 0.795126
vt 0.289801 0.795479
vt 0.289746 0.789252
vt 0.290597 0.789299
vt 0.290611 0.782997
vt 0.289742 0.782930
vt 0.375834 0.460659
vt 0.382041 0.452121
vt 0.387713 0.442586
vt 0.383927 0.460665
vt 0.390824 0.452072
vt 0.397115 0.442513
vt 0.392539 0.432918
vt 0.396203 0.423975
vt 0.402462 0.432841
vt 0.406522 0.423902
vt 0.410523 0.423868
vt 0.411440 0.423906
vt 0.407261 0.432838
vt 0.406336 0.432798
vt 0.401747 0.442527
vt 0.400820 0.442473
vt 0.394318 0.452058
vt 0.395233 0.452146
vt 0.388053 0.460861
vt 0.387175 0.460708
vt 0.215272 0.424853
vt 0.219031 0.433746
vt 0.223956 0.443352
vt 0.204953 0.424895
vt 0.209107 0.433777
vt 0.214554 0.443378
vt 0.229722 0.452815
vt 0.236009 0.461278
vt 0.220939 0.452857
vt 0.227917 0.461365
vt 0.224671 0.461444
vt 0.223795 0.461607
vt 0.216531 0.452981
vt 0.217445 0.452882
vt 0.209921 0.443446
vt 0.210848 0.443381
vt 0.205231 0.433779
vt 0.204306 0.433830
vt 0.200033 0.424956
vt 0.200950 0.424907
vt 0.357539 0.476381
vt 0.348162 0.483007
vt 0.363164 0.472487
vt 0.355764 0.481378
vt 0.363532 0.476699
vt 0.369805 0.472698
vt 0.369402 0.467344
vt 0.376762 0.467444
vt 0.380536 0.467837
vt 0.379728 0.467585
vt 0.373214 0.473317
vt 0.372486 0.472956
vt 0.365958 0.477071
vt 0.366619 0.477537
vt 0.361272 0.480691
vt 0.360651 0.480149
vt 0.242501 0.467887
vt 0.248782 0.472959
vt 0.235143 0.468059
vt 0.242145 0.473233
vt 0.254476 0.476817
vt 0.255948 0.481566
vt 0.248448 0.477161
vt 0.251357 0.480572
vt 0.250742 0.481121
vt 0.245372 0.478031
vt 0.246027 0.477559
vt 0.238743 0.473890
vt 0.239467 0.473520
vt 0.232180 0.468232
vt 0.231375 0.468493
vt 0.343079 0.555478
vt 0.343459 0.544281
vt 0.343578 0.533464
vt 0.347649 0.555423
vt 0.348072 0.544225
vt 0.348206 0.533414
vt 0.343556 0.523432
vt 0.343512 0.514608
vt 0.348184 0.523392
vt 0.348139 0.514581
vt 0.350250 0.514555
vt 0.351157 0.514519
vt 0.351200 0.523291
vt 0.350295 0.523347
vt 0.351218 0.533287
vt 0.350316 0.533356
vt 0.350177 0.544161
vt 0.351075 0.544087
vt 0.350630 0.555290
vt 0.349737 0.555360
vt 0.268680 0.514803
vt 0.268683 0.523613
vt 0.268709 0.533628
vt 0.264053 0.514800
vt 0.264054 0.523595
vt 0.264080 0.533597
vt 0.268874 0.544426
vt 0.269298 0.555603
vt 0.264260 0.544387
vt 0.264727 0.555563
vt 0.262637 0.555506
vt 0.261745 0.555440
vt 0.261257 0.544261
vt 0.262155 0.544331
vt 0.261065 0.533483
vt 0.261968 0.533549
vt 0.261943 0.523560
vt 0.261037 0.523507
vt 0.261035 0.514754
vt 0.261942 0.514785
vt 0.338301 0.600346
vt 0.339863 0.589127
vt 0.341220 0.577906
vt 0.342342 0.600331
vt 0.344075 0.589101
vt 0.345582 0.577869
vt 0.342312 0.566688
vt 0.346795 0.566640
vt 0.349737 0.566531
vt 0.348852 0.566586
vt 0.348474 0.577796
vt 0.347594 0.577828
vt 0.346035 0.589077
vt 0.346912 0.589068
vt 0.345117 0.600331
vt 0.344243 0.600320
vt 0.270104 0.566789
vt 0.271228 0.577983
vt 0.265620 0.566755
vt 0.266866 0.577956
vt 0.272611 0.589178
vt 0.274190 0.600372
vt 0.268399 0.589161
vt 0.270149 0.600361
vt 0.268248 0.600353
vt 0.267374 0.600364
vt 0.265561 0.589133
vt 0.266438 0.589140
vt 0.263973 0.577891
vt 0.264853 0.577921
vt 0.263562 0.566706
vt 0.262676 0.566654
vt 0.332768 0.633978
vt 0.334745 0.622772
vt 0.336212 0.633970
vt 0.338400 0.622766
vt 0.336592 0.611561
vt 0.340446 0.611552
vt 0.343156 0.611571
vt 0.342284 0.611550
vt 0.341040 0.622792
vt 0.340170 0.622766
vt 0.337911 0.633967
vt 0.338779 0.633989
vt 0.275907 0.611561
vt 0.277752 0.622748
vt 0.272052 0.611555
vt 0.274096 0.622741
vt 0.279715 0.633931
vt 0.276271 0.633919
vt 0.273704 0.633933
vt 0.274572 0.633913
vt 0.271457 0.622764
vt 0.272326 0.622739
vt 0.270215 0.611552
vt 0.269343 0.611574
vt 0.779406 0.007571
vt 0.786061 0.006642
vt 0.792033 0.006295
vt 0.792196 0.007957
vt 0.792121 0.007117
vt 0.786396 0.008292
vt 0.786236 0.007457
vt 0.779680 0.008424
vt 0.779923 0.009278
vt 0.509058 0.294895
vt 0.503039 0.295769
vt 0.502911 0.293683
vt 0.502942 0.294592
vt 0.508930 0.293689
vt 0.508904 0.292755
vt 0.398388 0.416597
vt 0.399462 0.410356
vt 0.408943 0.416527
vt 0.410133 0.410286
vt 0.415532 0.404765
vt 0.415156 0.410288
vt 0.414246 0.410263
vt 0.413020 0.416500
vt 0.413932 0.416533
vt 0.211466 0.405778
vt 0.211863 0.411284
vt 0.200760 0.405834
vt 0.201192 0.411337
vt 0.213007 0.417507
vt 0.202452 0.417556
vt 0.197461 0.417621
vt 0.198374 0.417576
vt 0.196169 0.411397
vt 0.197079 0.411361
vt 0.196638 0.405859
vt 0.728123 0.269493
vt 0.720873 0.264139
vt 0.714878 0.259266
vt 0.710308 0.255235
vt 0.711175 0.253881
vt 0.711566 0.253151
vt 0.715888 0.257131
vt 0.715596 0.257894
vt 0.721626 0.261945
vt 0.721435 0.262749
vt 0.728534 0.268096
vt 0.728635 0.267245
vt 0.600161 0.231238
vt 0.596883 0.235975
vt 0.594094 0.239507
vt 0.591860 0.242105
vt 0.590826 0.240992
vt 0.590168 0.240385
vt 0.592425 0.237856
vt 0.593098 0.238454
vt 0.595218 0.234406
vt 0.595919 0.234984
vt 0.599217 0.230317
vt 0.598486 0.229765
vt 0.343561 0.507423
vt 0.343688 0.501639
vt 0.348197 0.507412
vt 0.348339 0.501648
vt 0.343878 0.497043
vt 0.345090 0.488070
vt 0.348547 0.497077
vt 0.349266 0.490320
vt 0.351136 0.491908
vt 0.351819 0.493715
vt 0.351567 0.497190
vt 0.350668 0.497131
vt 0.351362 0.501692
vt 0.350457 0.501669
vt 0.350311 0.507407
vt 0.351218 0.507398
vt 0.267128 0.488781
vt 0.268214 0.497274
vt 0.268432 0.501859
vt 0.263002 0.491735
vt 0.263546 0.497337
vt 0.263781 0.501894
vt 0.268591 0.507631
vt 0.263955 0.507645
vt 0.260935 0.507648
vt 0.261841 0.507652
vt 0.260758 0.501956
vt 0.261663 0.501928
vt 0.261425 0.497403
vt 0.260526 0.497468
vt 0.260253 0.494006
vt 0.260888 0.491904
vt 0.893853 0.245339
vt 0.892771 0.246731
vt 0.892012 0.247775
vt 0.891407 0.248635
vt 0.890298 0.247409
vt 0.889677 0.246803
vt 0.890252 0.245987
vt 0.890900 0.246576
vt 0.891014 0.244974
vt 0.891674 0.245558
vt 0.892781 0.244183
vt 0.892117 0.243585
vt 0.401548 0.251166
vt 0.399691 0.249341
vt 0.398618 0.248184
vt 0.397919 0.247353
vt 0.398991 0.246107
vt 0.399587 0.245487
vt 0.400245 0.246245
vt 0.399687 0.246902
vt 0.401234 0.247352
vt 0.400724 0.248036
vt 0.402515 0.249844
vt 0.402971 0.249138
vt 0.260928 0.313582
vt 0.259313 0.315948
vt 0.253510 0.317371
vt 0.254135 0.317937
vt 0.255718 0.315776
vt 0.256382 0.316317
vt 0.257692 0.315075
vt 0.256969 0.314597
vt 0.257682 0.313586
vt 0.258461 0.313980
vt 0.346627 0.316323
vt 0.351925 0.316425
vt 0.350424 0.314875
vt 0.351912 0.313629
vt 0.352689 0.313230
vt 0.353403 0.314231
vt 0.352684 0.314714
vt 0.354656 0.315395
vt 0.353997 0.315941
vt 0.356250 0.317537
vt 0.356870 0.316965
vt 0.890793 0.249471
vt 0.889809 0.250633
vt 0.888038 0.252452
vt 0.886605 0.250431
vt 0.887068 0.251131
vt 0.888222 0.248664
vt 0.888752 0.249335
vt 0.889688 0.248203
vt 0.889101 0.247564
vt 0.397237 0.246492
vt 0.396415 0.245447
vt 0.395285 0.244048
vt 0.397003 0.242284
vt 0.396350 0.242890
vt 0.398152 0.243650
vt 0.397502 0.244253
vt 0.398326 0.245268
vt 0.398963 0.244663
vt 0.349032 0.312260
vt 0.351270 0.308868
vt 0.351651 0.310749
vt 0.350797 0.310977
vt 0.351294 0.312447
vt 0.352116 0.312135
vt 0.258250 0.312483
vt 0.259075 0.312790
vt 0.258709 0.311089
vt 0.259565 0.311312
vt 0.259081 0.309200
vt 0.703960 0.248652
vt 0.703355 0.247792
vt 0.702597 0.246751
vt 0.701506 0.245364
vt 0.703219 0.243611
vt 0.702569 0.244214
vt 0.704359 0.244970
vt 0.703700 0.245568
vt 0.704469 0.246588
vt 0.705119 0.245997
vt 0.705693 0.246817
vt 0.705070 0.247423
vt 0.587636 0.247337
vt 0.586936 0.248169
vt 0.585863 0.249326
vt 0.584007 0.251151
vt 0.582584 0.249124
vt 0.583040 0.249829
vt 0.584320 0.247337
vt 0.584830 0.248021
vt 0.585867 0.246888
vt 0.585309 0.246231
vt 0.585967 0.245474
vt 0.586564 0.246093
vt 0.350276 0.486743
vt 0.351891 0.484375
vt 0.357698 0.482948
vt 0.357072 0.482382
vt 0.355489 0.484545
vt 0.354824 0.484004
vt 0.353513 0.485246
vt 0.354236 0.485725
vt 0.353524 0.486737
vt 0.352744 0.486343
vt 0.264574 0.483979
vt 0.259274 0.483875
vt 0.260777 0.485426
vt 0.259288 0.486672
vt 0.258511 0.487072
vt 0.257797 0.486070
vt 0.258516 0.485587
vt 0.256542 0.484906
vt 0.257202 0.484359
vt 0.254948 0.482764
vt 0.254328 0.483335
vt 0.707331 0.252468
vt 0.705560 0.250649
vt 0.704575 0.249487
vt 0.706267 0.247580
vt 0.705680 0.248218
vt 0.707146 0.248680
vt 0.706616 0.249351
vt 0.708301 0.251146
vt 0.708764 0.250446
vt 0.590260 0.244023
vt 0.589138 0.245428
vt 0.588317 0.246476
vt 0.586592 0.244653
vt 0.587228 0.245256
vt 0.587404 0.243650
vt 0.588055 0.244242
vt 0.589187 0.242862
vt 0.588523 0.242260
vt 0.262169 0.488039
vt 0.259932 0.491430
vt 0.259550 0.489551
vt 0.260405 0.489322
vt 0.259907 0.487853
vt 0.259084 0.488166
vt 0.352955 0.487841
vt 0.352130 0.487535
vt 0.352497 0.489237
vt 0.351640 0.489015
vt 0.352125 0.491128
s 1
usemtl DefaultMaterial
f 1782/1994/1779 1779/1995/1780 1780/1996/1781
f 1780/1996/1781 1781/1997/1782 1782/1994/1779
f 1781/1997/1782 1780/1996/1781 1783/1998/1783
f 1783/1998/1783 1784/1999/1784 1781/1997/1782
f 1788/2000/1785 1785/2001/1786 1786/2002/1787
f 1786/2002/1787 1787/2003/1788 1788/2000/1785
f 1784/1999/1784 1783/1998/1783 1785/2001/1786
f 1785/2001/1786 1788/2000/1785 1784/1999/1784
f 1787/2003/1788 1789/2004/1789 1790/2005/1790
f 1790/2005/1790 1788/2000/1785 1787/2003/1788
f 1788/2000/1785 1790/2005/1790 1791/2006/1791
f 1791/2006/1791 1784/1999/1784 1788/2000/1785
f 1781/1997/1782 1792/2007/1792 1793/2008/1793
f 1793/2008/1793 1782/1994/1779 1781/1997/1782
f 1784/1999/1784 1791/2006/1791 1792/2007/1792
f 1792/2007/1792 1781/1997/1782 1784/1999/1784
f 1787/2003/1788 1786/2002/1787 1794/2009/1794
f 1794/2009/1794 1795/2010/1795 1787/2003/1788
f 1795/2010/1795 1794/2009/1794 1796/2011/1796
f 1796/2011/1796 1797/2012/1797 1795/2010/1795
f 1801/2013/1798 1798/2014/1799 1799/2015/1800
f 1799/2015/1800 1800/2016/1801 1801/2013/1798
f 1797/2012/1797 1796/2011/1796 1798/2014/1799
f 1798/2014/1799 1801/2013/1798 1797/2012/1797
f 1800/2016/1801 1802/2017/1802 1803/2018/1803
f 1803/2018/1803 1801/2013/1798 1800/2016/1801
f 1801/2013/1798 1803/2018/1803 1804/2019/1804
f 1804/2019/1804 1797/2012/1797 1801/2013/1798
f 1795/2010/1795 1805/2020/1805 1789/2004/1789
f 1789/2004/1789 1787/2003/1788 1795/2010/1795
f 1797/2012/1797 1804/2019/1804 1805/2020/1805
f 1805/2020/1805 1795/2010/1795 1797/2012/1797
f 1800/2016/1801 1799/2015/1800 1806/2021/1806
f 1806/2021/1806 1807/2022/1807 1800/2016/1801
f 1807/2022/1807 1806/2021/1806 1808/2023/1808
f 1808/2023/1808 1809/2024/1809 1807/2022/1807
f 1813/2025/1810 1810/2026/1811 1811/2027/1812
f 1811/2027/1812 1812/2028/1813 1813/2025/1810
f 1809/2024/1809 1808/2023/1808 1810/2026/1811
f 1810/2026/1811 1813/2025/1810 1809/2024/1809
f 1812/2028/1813 1814/2029/1814 1815/2030/1815
f 1815/2030/1815 1813/2025/1810 1812/2028/1813
f 1813/2025/1810 1815/2030/1815 1816/2031/1816
f 1816/2031/1816 1809/2024/1809 1813/2025/1810
f 1807/2022/1807 1817/2032/1817 1802/2017/1802
f 1802/2017/1802 1800/2016/1801 1807/2022/1807
f 1809/2024/1809 1816/2031/1816 1817/2032/1817
f 1817/2032/1817 1807/2022/1807 1809/2024/1809
f 1818/2033/1818 1820/2034/1819 2314/2035/1820
f 1820/2034/1819 1818/2033/1818 1819/2036/1821
f 1820/2034/1819 1821/2037/1822 1822/2038/1823
f 2314/2035/1820 1822/2038/1823 1823/2039/1824
f 1822/2038/1823 2314/2035/1820 1820/2034/1819
f 1820/2034/1819 2399/2040/1825 1821/2037/1822
f 1827/2041/1826 1824/2042/1827 1825/2043/1828
f 1825/2043/1828 1826/2044/1829 1827/2041/1826
f 1826/2044/1829 1825/2043/1828 1828/2045/1830
f 1828/2045/1830 1829/2046/1831 1826/2044/1829
f 1833/2047/1832 1830/2048/1833 1831/2049/1834
f 1831/2049/1834 1832/2050/1835 1833/2047/1832
f 1829/2046/1831 1828/2045/1830 1830/2048/1833
f 1830/2048/1833 1833/2047/1832 1829/2046/1831
f 1832/2050/1835 1834/2051/1836 1835/2052/1837
f 1835/2052/1837 1833/2047/1832 1832/2050/1835
f 1833/2047/1832 1835/2052/1837 1836/2053/1838
f 1836/2053/1838 1829/2046/1831 1833/2047/1832
f 1826/2044/1829 1837/2054/1839 1838/2055/1840
f 1838/2055/1840 1827/2041/1826 1826/2044/1829
f 1829/2046/1831 1836/2053/1838 1837/2054/1839
f 1837/2054/1839 1826/2044/1829 1829/2046/1831
f 1832/2050/1835 1831/2049/1834 1839/2056/1841
f 1839/2056/1841 1840/2057/1842 1832/2050/1835
f 1840/2057/1842 1839/2056/1841 1841/2058/1843
f 1841/2058/1843 1842/2059/1844 1840/2057/1842
f 1846/2060/1845 1843/2061/1846 1844/2062/1847
f 1844/2062/1847 1845/2063/1848 1846/2060/1845
f 1842/2059/1844 1841/2058/1843 1843/2061/1846
f 1843/2061/1846 1846/2060/1845 1842/2059/1844
f 1845/2063/1848 1847/2064/1849 1848/2065/1850
f 1848/2065/1850 1846/2060/1845 1845/2063/1848
f 1846/2060/1845 1848/2065/1850 1849/2066/1851
f 1849/2066/1851 1842/2059/1844 1846/2060/1845
f 1840/2057/1842 1850/2067/1852 1834/2051/1836
f 1834/2051/1836 1832/2050/1835 1840/2057/1842
f 1842/2059/1844 1849/2066/1851 1850/2067/1852
f 1850/2067/1852 1840/2057/1842 1842/2059/1844
f 1845/2063/1848 1844/2062/1847 1851/2068/1853
f 1851/2068/1853 1852/2069/1854 1845/2063/1848
f 1852/2069/1854 1851/2068/1853 1853/2070/1855
f 1853/2070/1855 1854/2071/1856 1852/2069/1854
f 1858/2072/1857 1855/2073/1858 1856/2074/1859
f 1856/2074/1859 1857/2075/1860 1858/2072/1857
f 1854/2071/1856 1853/2070/1855 1855/2073/1858
f 1855/2073/1858 1858/2072/1857 1854/2071/1856
f 1857/2075/1860 1859/2076/1861 1860/2077/1862
f 1860/2077/1862 1858/2072/1857 1857/2075/1860
f 1858/2072/1857 1860/2077/1862 1861/2078/1863
f 1861/2078/1863 1854/2071/1856 1858/2072/1857
f 1852/2069/1854 1862/2079/1864 1847/2064/1849
f 1847/2064/1849 1845/2063/1848 1852/2069/1854
f 1854/2071/1856 1861/2078/1863 1862/2079/1864
f 1862/2079/1864 1852/2069/1854 1854/2071/1856
f 1857/2075/1860 1856/2074/1859 1863/2080/1865
f 1863/2080/1865 1864/2081/1866 1857/2075/1860
f 1864/2081/1866 1863/2080/1865 1865/2082/1867
f 1865/2082/1867 1866/2083/1868 1864/2081/1866
f 1868/2084/1869 1867/2085/1870 1779/1995/1780
f 1779/1995/1780 1782/1994/1779 1868/2084/1869
f 1866/2083/1868 1865/2082/1867 1867/2085/1870
f 1867/2085/1870 1868/2084/1869 1866/2083/1868
f 1782/1994/1779 1793/2008/1793 1869/2086/1871
f 1869/2086/1871 1868/2084/1869 1782/1994/1779
f 1868/2084/1869 1869/2086/1871 1870/2087/1872
f 1870/2087/1872 1866/2083/1868 1868/2084/1869
f 1864/2081/1866 1871/2088/1873 1859/2076/1861
f 1859/2076/1861 1857/2075/1860 1864/2081/1866
f 1866/2083/1868 1870/2087/1872 1871/2088/1873
f 1871/2088/1873 1864/2081/1866 1866/2083/1868
f 1875/2089/1874 1872/2090/1875 1873/2091/1876
f 1873/2091/1876 1874/2092/1877 1875/2089/1874
f 1874/2092/1877 1873/2091/1876 1876/2093/1878
f 1876/2093/1878 1877/2094/1879 1874/2092/1877
f 1881/2095/1880 1878/2096/1881 1879/2097/1882
f 1879/2097/1882 1880/2098/1883 1881/2095/1880
f 1877/2094/1879 1876/2093/1878 1878/2096/1881
f 1878/2096/1881 1881/2095/1880 1877/2094/1879
f 1880/2098/1883 1882/2099/1884 1883/2100/1885
f 1883/2100/1885 1881/2095/1880 1880/2098/1883
f 1881/2095/1880 1883/2100/1885 1884/2101/1886
f 1884/2101/1886 1877/2094/1879 1881/2095/1880
f 1874/2092/1877 1885/2102/1887 1886/2103/1888
f 1886/2103/1888 1875/2089/1874 1874/2092/1877
f 1877/2094/1879 1884/2101/1886 1885/2102/1887
f 1885/2102/1887 1874/2092/1877 1877/2094/1879
f 1880/2098/1883 1879/2097/1882 1887/2104/1889
f 1887/2104/1889 1888/2105/1890 1880/2098/1883
f 1888/2105/1890 1887/2104/1889 1889/2106/1891
f 1889/2106/1891 1890/2107/1892 1888/2105/1890
f 1894/2108/1893 1891/2109/1894 1892/2110/1895
f 1892/2110/1895 1893/2111/1896 1894/2108/1893
f 1890/2107/1892 1889/2106/1891 1891/2109/1894
f 1891/2109/1894 1894/2108/1893 1890/2107/1892
f 1893/2111/1896 1895/2112/1897 1896/2113/1898
f 1896/2113/1898 1894/2108/1893 1893/2111/1896
f 1894/2108/1893 1896/2113/1898 1897/2114/1899
f 1897/2114/1899 1890/2107/1892 1894/2108/1893
f 1888/2105/1890 1898/2115/1900 1882/2099/1884
f 1882/2099/1884 1880/2098/1883 1888/2105/1890
f 1890/2107/1892 1897/2114/1899 1898/2115/1900
f 1898/2115/1900 1888/2105/1890 1890/2107/1892
f 1893/2111/1896 1892/2110/1895 1899/2116/1901
f 1899/2116/1901 1900/2117/1902 1893/2111/1896
f 1900/2117/1902 1899/2116/1901 1901/2118/1903
f 1901/2118/1903 1902/2119/1904 1900/2117/1902
f 1906/2120/1905 1903/2121/1906 1904/2122/1907
f 1904/2122/1907 1905/2123/1908 1906/2120/1905
f 1902/2119/1904 1901/2118/1903 1903/2121/1906
f 1903/2121/1906 1906/2120/1905 1902/2119/1904
f 1905/2123/1908 1907/2124/1909 1908/2125/1910
f 1908/2125/1910 1906/2120/1905 1905/2123/1908
f 1906/2120/1905 1908/2125/1910 1909/2126/1911
f 1909/2126/1911 1902/2119/1904 1906/2120/1905
f 1900/2117/1902 1910/2127/1912 1895/2112/1897
f 1895/2112/1897 1893/2111/1896 1900/2117/1902
f 1902/2119/1904 1909/2126/1911 1910/2127/1912
f 1910/2127/1912 1900/2117/1902 1902/2119/1904
f 1905/2123/1908 1904/2122/1907 1911/2128/1913
f 1911/2128/1913 1912/2129/1914 1905/2123/1908
f 1912/2129/1914 1911/2128/1913 1913/2130/1915
f 1913/2130/1915 1914/2131/1916 1912/2129/1914
f 1918/2132/1917 1915/2133/1918 1916/2134/1919
f 1916/2134/1919 1917/2135/1920 1918/2132/1917
f 1914/2131/1916 1913/2130/1915 1915/2133/1918
f 1915/2133/1918 1918/2132/1917 1914/2131/1916
f 1917/2135/1920 1919/2136/1921 1920/2137/1922
f 1920/2137/1922 1918/2132/1917 1917/2135/1920
f 1918/2132/1917 1920/2137/1922 1921/2138/1923
f 1921/2138/1923 1914/2131/1916 1918/2132/1917
f 1912/2129/1914 1922/2139/1924 1907/2124/1909
f 1907/2124/1909 1905/2123/1908 1912/2129/1914
f 1914/2131/1916 1921/2138/1923 1922/2139/1924
f 1922/2139/1924 1912/2129/1914 1914/2131/1916
f 1917/2135/1920 1916/2134/1919 1923/2140/1925
f 1923/2140/1925 1924/2141/1926 1917/2135/1920
f 1924/2141/1926 1923/2140/1925 1925/2142/1927
f 1925/2142/1927 1926/2143/1928 1924/2141/1926
f 1930/2144/1929 1927/2145/1930 1928/2146/1931
f 1928/2146/1931 1929/2147/1932 1930/2144/1929
f 1926/2143/1928 1925/2142/1927 1927/2145/1930
f 1927/2145/1930 1930/2144/1929 1926/2143/1928
f 1929/2147/1932 1931/2148/1933 1932/2149/1934
f 1932/2149/1934 1930/2144/1929 1929/2147/1932
f 1930/2144/1929 1932/2149/1934 1933/2150/1935
f 1933/2150/1935 1926/2143/1928 1930/2144/1929
f 1924/2141/1926 1934/2151/1936 1919/2136/1921
f 1919/2136/1921 1917/2135/1920 1924/2141/1926
f 1926/2143/1928 1933/2150/1935 1934/2151/1936
f 1934/2151/1936 1924/2141/1926 1926/2143/1928
f 1929/2147/1932 1928/2146/1931 1935/2152/1937
f 1935/2152/1937 1936/2153/1938 1929/2147/1932
f 1936/2153/1938 1935/2152/1937 1937/2154/1939
f 1937/2154/1939 1938/2155/1940 1936/2153/1938
f 1939/2156/1941 1940/2157/1942 1938/2155/1940
f 1938/2155/1940 1937/2154/1939 1939/2156/1941
f 1940/2157/1942 1941/2158/1943 1942/2159/1944
f 1942/2159/1944 1938/2155/1940 1940/2157/1942
f 1938/2155/1940 1942/2159/1944 1943/2160/1945
f 1936/2153/1938 1944/2161/1946 1931/2148/1933
f 1931/2148/1933 1929/2147/1932 1936/2153/1938
f 1938/2155/1940 1943/2160/1945 1944/2161/1946
f 1944/2161/1946 1936/2153/1938 1938/2155/1940
f 1948/2162/1947 1945/2163/1948 1946/2164/1949
f 1946/2164/1949 1947/2165/1950 1948/2162/1947
f 1947/2165/1950 1946/2164/1949 1949/2166/1951
f 1949/2166/1951 1950/2167/1952 1947/2165/1950
f 1954/2168/1953 1951/2169/1954 1952/2170/1955
f 1952/2170/1955 1953/2171/1956 1954/2168/1953
f 1950/2167/1952 1949/2166/1951 1951/2169/1954
f 1951/2169/1954 1954/2168/1953 1950/2167/1952
f 1953/2171/1956 1955/2172/1957 1956/2173/1958
f 1956/2173/1958 1954/2168/1953 1953/2171/1956
f 1954/2168/1953 1956/2173/1958 1957/2174/1959
f 1957/2174/1959 1950/2167/1952 1954/2168/1953
f 1947/2165/1950 1958/2175/1960 1959/2176/1961
f 1959/2176/1961 1948/2162/1947 1947/2165/1950
f 1950/2167/1952 1957/2174/1959 1958/2175/1960
f 1958/2175/1960 1947/2165/1950 1950/2167/1952
f 1953/2171/1956 1952/2170/1955 1960/2177/1962
f 1960/2177/1962 1961/2178/1963 1953/2171/1956
f 1961/2178/1963 1960/2177/1962 1962/2179/1964
f 1962/2179/1964 1963/2180/1965 1961/2178/1963
f 1967/2181/1966 1964/2182/1967 1965/2183/1968
f 1965/2183/1968 1966/2184/1969 1967/2181/1966
f 1963/2180/1965 1962/2179/1964 1964/2182/1967
f 1964/2182/1967 1967/2181/1966 1963/2180/1965
f 1966/2184/1969 1968/2185/1970 1969/2186/1971
f 1969/2186/1971 1967/2181/1966 1966/2184/1969
f 1967/2181/1966 1969/2186/1971 1970/2187/1972
f 1970/2187/1972 1963/2180/1965 1967/2181/1966
f 1961/2178/1963 1971/2188/1973 1955/2172/1957
f 1955/2172/1957 1953/2171/1956 1961/2178/1963
f 1963/2180/1965 1970/2187/1972 1971/2188/1973
f 1971/2188/1973 1961/2178/1963 1963/2180/1965
f 1966/2184/1969 1965/2183/1968 1972/2189/1974
f 1972/2189/1974 1973/2190/1975 1966/2184/1969
f 1973/2190/1975 1972/2189/1974 1974/2191/1976
f 1974/2191/1976 1975/2192/1977 1973/2190/1975
f 1979/2193/1978 1976/2194/1979 1977/2195/1980
f 1977/2195/1980 1978/2196/1981 1979/2193/1978
f 1975/2192/1977 1974/2191/1976 1976/2194/1979
f 1976/2194/1979 1979/2193/1978 1975/2192/1977
f 1978/2196/1981 1980/2197/1982 1981/2198/1983
f 1981/2198/1983 1979/2193/1978 1978/2196/1981
f 1979/2193/1978 1981/2198/1983 1982/2199/1984
f 1982/2199/1984 1975/2192/1977 1979/2193/1978
f 1973/2190/1975 1983/2200/1985 1968/2185/1970
f 1968/2185/1970 1966/2184/1969 1973/2190/1975
f 1975/2192/1977 1982/2199/1984 1983/2200/1985
f 1983/2200/1985 1973/2190/1975 1975/2192/1977
f 1978/2196/1981 1977/2195/1980 1984/2201/1986
f 1984/2201/1986 1985/2202/1987 1978/2196/1981
f 1985/2202/1987 1984/2201/1986 1986/2203/1988
f 1986/2203/1988 1987/2204/1989 1985/2202/1987
f 1991/2205/1990 1988/2206/1991 1989/2207/1992
f 1989/2207/1992 1990/2208/1993 1991/2205/1990
f 1987/2204/1989 1986/2203/1988 1988/2206/1991
f 1988/2206/1991 1991/2205/1990 1987/2204/1989
f 1990/2208/1993 1992/2209/1994 1993/2210/1995
f 1993/2210/1995 1991/2205/1990 1990/2208/1993
f 1991/2205/1990 1993/2210/1995 1994/2211/1996
f 1994/2211/1996 1987/2204/1989 1991/2205/1990
f 1985/2202/1987 1995/2212/1997 1980/2197/1982
f 1980/2197/1982 1978/2196/1981 1985/2202/1987
f 1987/2204/1989 1994/2211/1996 1995/2212/1997
f 1995/2212/1997 1985/2202/1987 1987/2204/1989
f 1990/2208/1993 1989/2207/1992 1996/2213/1998
f 1996/2213/1998 1997/2214/1999 1990/2208/1993
f 1997/2214/1999 1996/2213/1998 1998/2215/2000
f 1998/2215/2000 1999/2216/2001 1997/2214/1999
f 2003/2217/2002 2000/2218/2003 2001/2219/2004
f 2001/2219/2004 2002/2220/2005 2003/2217/2002
f 1999/2216/2001 1998/2215/2000 2000/2218/2003
f 2000/2218/2003 2003/2217/2002 1999/2216/2001
f 2002/2220/2005 2004/2221/2006 2005/2222/2007
f 2005/2222/2007 2003/2217/2002 2002/2220/2005
f 2003/2217/2002 2005/2222/2007 2006/2223/2008
f 2006/2223/2008 1999/2216/2001 2003/2217/2002
f 1997/2214/1999 2007/2224/2009 1992/2209/1994
f 1992/2209/1994 1990/2208/1993 1997/2214/1999
f 1999/2216/2001 2006/2223/2008 2007/2224/2009
f 2007/2224/2009 1997/2214/1999 1999/2216/2001
f 2002/2220/2005 2001/2219/2004 2008/2225/2010
f 2008/2225/2010 2009/2226/2011 2002/2220/2005
f 2009/2226/2011 2008/2225/2010 2010/2227/2012
f 2010/2227/2012 2011/2228/2013 2009/2226/2011
f 2012/2229/2014 2013/2230/2015 2011/2228/2013
f 2011/2228/2013 2010/2227/2012 2012/2229/2014
f 2014/2231/2016 2011/2228/2013 2013/2230/2015
f 2011/2228/2013 2014/2231/2016 2015/2232/2017
f 2009/2226/2011 2016/2233/2018 2004/2221/2006
f 2004/2221/2006 2002/2220/2005 2009/2226/2011
f 2011/2228/2013 2015/2232/2017 2016/2233/2018
f 2016/2233/2018 2009/2226/2011 2011/2228/2013
f 2013/2230/2015 2012/2229/2014 2017/2234/2019
f 2017/2234/2019 2018/2235/2020 2013/2230/2015
f 2018/2235/2020 2017/2234/2019 2019/2236/2021
f 2019/2236/2021 2020/2237/2022 2018/2235/2020
f 2024/2238/2023 2021/2239/2024 2022/2240/2025
f 2022/2240/2025 2023/2241/2026 2024/2238/2023
f 2020/2237/2022 2019/2236/2021 2021/2239/2024
f 2021/2239/2024 2024/2238/2023 2020/2237/2022
f 2023/2241/2026 2025/2242/2027 2026/2243/2028
f 2026/2243/2028 2024/2238/2023 2023/2241/2026
f 2024/2238/2023 2026/2243/2028 2027/2244/2029
f 2027/2244/2029 2020/2237/2022 2024/2238/2023
f 2018/2235/2020 2028/2245/2030 2014/2231/2016
f 2014/2231/2016 2013/2230/2015 2018/2235/2020
f 2020/2237/2022 2027/2244/2029 2028/2245/2030
f 2028/2245/2030 2018/2235/2020 2020/2237/2022
f 2032/2246/2031 2029/2247/2032 2030/2248/2033
f 2030/2248/2033 2031/2249/2034 2032/2246/2031
f 2031/2249/2034 2030/2248/2033 2033/2250/2035
f 2033/2250/2035 2034/2251/2036 2031/2249/2034
f 2038/2252/2037 2035/2253/2038 2036/2254/2039
f 2036/2254/2039 2037/2255/2040 2038/2252/2037
f 2034/2251/2036 2033/2250/2035 2035/2253/2038
f 2035/2253/2038 2038/2252/2037 2034/2251/2036
f 2037/2255/2040 2039/2256/2041 2040/2257/2042
f 2040/2257/2042 2038/2252/2037 2037/2255/2040
f 2038/2252/2037 2040/2257/2042 2041/2258/2043
f 2041/2258/2043 2034/2251/2036 2038/2252/2037
f 2031/2249/2034 2042/2259/2044 2043/2260/2045
f 2043/2260/2045 2032/2246/2031 2031/2249/2034
f 2034/2251/2036 2041/2258/2043 2042/2259/2044
f 2042/2259/2044 2031/2249/2034 2034/2251/2036
f 2037/2255/2040 2036/2254/2039 2044/2261/2046
f 2044/2261/2046 2045/2262/2047 2037/2255/2040
f 2045/2262/2047 2044/2261/2046 2046/2263/2048
f 2046/2263/2048 2047/2264/2049 2045/2262/2047
f 2050/2265/2050 2048/2266/2051 2049/2267/2052
f 2047/2264/2049 2046/2263/2048 2048/2266/2051
f 2048/2266/2051 2050/2265/2050 2047/2264/2049
f 2050/2265/2050 2051/2268/2053 2052/2269/2054
f 2052/2269/2054 2047/2264/2049 2050/2265/2050
f 2045/2262/2047 2053/2270/2055 2039/2256/2041
f 2039/2256/2041 2037/2255/2040 2045/2262/2047
f 2047/2264/2049 2052/2269/2054 2053/2270/2055
f 2053/2270/2055 2045/2262/2047 2047/2264/2049
f 2057/2271/2056 2054/2272/2057 2055/2273/2058
f 2055/2273/2058 2056/2274/2059 2057/2271/2056
f 2056/2274/2059 2055/2273/2058 2058/2275/2060
f 2058/2275/2060 2059/2276/2061 2056/2274/2059
f 2063/2277/2062 2060/2278/2063 2061/2279/2064
f 2061/2279/2064 2062/2280/2065 2063/2277/2062
f 2059/2276/2061 2058/2275/2060 2060/2278/2063
f 2060/2278/2063 2063/2277/2062 2059/2276/2061
f 2062/2280/2065 2064/2281/2066 2065/2282/2067
f 2065/2282/2067 2063/2277/2062 2062/2280/2065
f 2063/2277/2062 2065/2282/2067 2066/2283/2068
f 2066/2283/2068 2059/2276/2061 2063/2277/2062
f 2056/2274/2059 2067/2284/2069 2068/2285/2070
f 2068/2285/2070 2057/2271/2056 2056/2274/2059
f 2059/2276/2061 2066/2283/2068 2067/2284/2069
f 2067/2284/2069 2056/2274/2059 2059/2276/2061
f 2062/2280/2065 2061/2279/2064 2069/2286/2071
f 2069/2286/2071 2070/2287/2072 2062/2280/2065
f 2070/2287/2072 2069/2286/2071 2071/2288/2073
f 2071/2288/2073 2072/2289/2074 2070/2287/2072
f 2076/2290/2075 2073/2291/2076 2074/2292/2077
f 2074/2292/2077 2075/2293/2078 2076/2290/2075
f 2072/2289/2074 2071/2288/2073 2073/2291/2076
f 2073/2291/2076 2076/2290/2075 2072/2289/2074
f 2075/2293/2078 2077/2294/2079 2078/2295/2080
f 2078/2295/2080 2076/2290/2075 2075/2293/2078
f 2076/2290/2075 2078/2295/2080 2079/2296/2081
f 2079/2296/2081 2072/2289/2074 2076/2290/2075
f 2070/2287/2072 2080/2297/2082 2064/2281/2066
f 2064/2281/2066 2062/2280/2065 2070/2287/2072
f 2072/2289/2074 2079/2296/2081 2080/2297/2082
f 2080/2297/2082 2070/2287/2072 2072/2289/2074
f 2081/2298/2083 2082/2299/2084 2083/2300/2085
f 2082/2299/2084 2081/2298/2083 2084/2301/2086
f 2086/2302/2087 2085/2303/2088 1872/2090/1875
f 1872/2090/1875 1875/2089/1874 2086/2302/2087
f 2082/2299/2084 2084/2301/2086 2085/2303/2088
f 2085/2303/2088 2086/2302/2087 2082/2299/2084
f 1875/2089/1874 1886/2103/1888 2087/2304/2089
f 2087/2304/2089 2086/2302/2087 1875/2089/1874
f 2086/2302/2087 2087/2304/2089 2088/2305/2090
f 2088/2305/2090 2082/2299/2084 2086/2302/2087
f 2089/2306/2091 2083/2300/2085 2082/2299/2084
f 2082/2299/2084 2088/2305/2090 2089/2306/2091
f 2093/2307/2092 2090/2308/2093 2091/2309/2094
f 2091/2309/2094 2092/2310/2095 2093/2307/2092
f 2092/2310/2095 2091/2309/2094 2094/2311/2096
f 2094/2311/2096 2095/2312/2097 2092/2310/2095
f 2097/2313/2098 2093/2307/2092 2092/2310/2095
f 2092/2310/2095 2096/2314/2099 2097/2313/2098
f 2096/2314/2099 2092/2310/2095 2095/2312/2097
f 2095/2312/2097 2098/2315/2100 2096/2314/2099
f 2102/2316/2101 2099/2317/2102 2100/2318/2103
f 2100/2318/2103 2101/2319/2104 2102/2316/2101
f 2104/2320/2105 2102/2316/2101 2101/2319/2104
f 2101/2319/2104 2103/2321/2106 2104/2320/2105
f 2095/2312/2097 2094/2311/2096 2099/2317/2102
f 2099/2317/2102 2102/2316/2101 2095/2312/2097
f 2098/2315/2100 2095/2312/2097 2102/2316/2101
f 2102/2316/2101 2104/2320/2105 2098/2315/2100
f 2108/2322/2107 2105/2323/2108 2106/2324/2109
f 2106/2324/2109 2107/2325/2110 2108/2322/2107
f 2107/2325/2110 2106/2324/2109 2109/2326/2111
f 2109/2326/2111 2110/2327/2112 2107/2325/2110
f 2103/2321/2106 2108/2322/2107 2107/2325/2110
f 2107/2325/2110 2104/2320/2105 2103/2321/2106
f 2104/2320/2105 2107/2325/2110 2110/2327/2112
f 2110/2327/2112 2098/2315/2100 2104/2320/2105
f 2114/2328/2113 2111/2329/2114 2112/2330/2115
f 2112/2330/2115 2113/2331/2116 2114/2328/2113
f 2096/2314/2099 2114/2328/2113 2113/2331/2116
f 2113/2331/2116 2097/2313/2098 2096/2314/2099
f 2110/2327/2112 2109/2326/2111 2111/2329/2114
f 2111/2329/2114 2114/2328/2113 2110/2327/2112
f 2098/2315/2100 2110/2327/2112 2114/2328/2113
f 2114/2328/2113 2096/2314/2099 2098/2315/2100
f 2101/2319/2104 2100/2318/2103 2115/2332/2117
f 2115/2332/2117 2116/2333/2118 2101/2319/2104
f 2116/2333/2118 2115/2332/2117 2117/2334/2119
f 2117/2334/2119 2118/2335/2120 2116/2333/2118
f 2103/2321/2106 2101/2319/2104 2116/2333/2118
f 2116/2333/2118 2119/2336/2121 2103/2321/2106
f 2119/2336/2121 2116/2333/2118 2118/2335/2120
f 2118/2335/2120 2120/2337/2122 2119/2336/2121
f 2124/2338/2123 2121/2339/2124 2122/2340/2125
f 2122/2340/2125 2123/2341/2126 2124/2338/2123
f 2126/2342/2127 2124/2338/2123 2123/2341/2126
f 2123/2341/2126 2125/2343/2128 2126/2342/2127
f 2118/2335/2120 2117/2334/2119 2121/2339/2124
f 2121/2339/2124 2124/2338/2123 2118/2335/2120
f 2120/2337/2122 2118/2335/2120 2124/2338/2123
f 2124/2338/2123 2126/2342/2127 2120/2337/2122
f 2125/2343/2128 2127/2344/2129 2128/2345/2130
f 2128/2345/2130 2126/2342/2127 2125/2343/2128
f 2126/2342/2127 2128/2345/2130 2129/2346/2131
f 2129/2346/2131 2120/2337/2122 2126/2342/2127
f 2131/2347/2132 2130/2348/2133 2105/2323/2108
f 2105/2323/2108 2108/2322/2107 2131/2347/2132
f 2119/2336/2121 2131/2347/2132 2108/2322/2107
f 2108/2322/2107 2103/2321/2106 2119/2336/2121
f 2120/2337/2122 2129/2346/2131 2130/2348/2133
f 2130/2348/2133 2131/2347/2132 2120/2337/2122
f 2131/2347/2132 2119/2336/2121 2120/2337/2122
f 2123/2341/2126 2122/2340/2125 2132/2349/2134
f 2132/2349/2134 2133/2350/2135 2123/2341/2126
f 2133/2350/2135 2132/2349/2134 2134/2351/2136
f 2134/2351/2136 2135/2352/2137 2133/2350/2135
f 2125/2343/2128 2123/2341/2126 2133/2350/2135
f 2133/2350/2135 2136/2353/2138 2125/2343/2128
f 2136/2353/2138 2133/2350/2135 2135/2352/2137
f 2135/2352/2137 2137/2354/2139 2136/2353/2138
f 2141/2355/2140 2138/2356/2141 2139/2357/2142
f 2139/2357/2142 2140/2358/2143 2141/2355/2140
f 2143/2359/2144 2141/2355/2140 2140/2358/2143
f 2140/2358/2143 2142/2360/2145 2143/2359/2144
f 2135/2352/2137 2134/2351/2136 2138/2356/2141
f 2138/2356/2141 2141/2355/2140 2135/2352/2137
f 2137/2354/2139 2135/2352/2137 2141/2355/2140
f 2141/2355/2140 2143/2359/2144 2137/2354/2139
f 2147/2361/2146 2144/2362/2147 2145/2363/2148
f 2145/2363/2148 2146/2364/2149 2147/2361/2146
f 2146/2364/2149 2145/2363/2148 2148/2365/2150
f 2148/2365/2150 2137/2354/2139 2146/2364/2149
f 2142/2360/2145 2147/2361/2146 2146/2364/2149
f 2146/2364/2149 2143/2359/2144 2142/2360/2145
f 2143/2359/2144 2146/2364/2149 2137/2354/2139
f 2136/2353/2138 2149/2366/2151 2127/2344/2129
f 2127/2344/2129 2125/2343/2128 2136/2353/2138
f 2137/2354/2139 2148/2365/2150 2149/2366/2151
f 2149/2366/2151 2136/2353/2138 2137/2354/2139
f 2140/2358/2143 2139/2357/2142 2150/2367/2152
f 2150/2367/2152 2151/2368/2153 2140/2358/2143
f 2151/2368/2153 2150/2367/2152 2152/2369/2154
f 2152/2369/2154 2153/2370/2155 2151/2368/2153
f 2142/2360/2145 2140/2358/2143 2151/2368/2153
f 2151/2368/2153 2154/2371/2156 2142/2360/2145
f 2154/2371/2156 2151/2368/2153 2153/2370/2155
f 2153/2370/2155 2155/2372/2157 2154/2371/2156
f 2157/2373/2158 2156/2374/2159 2738/2375/2160
f 2738/2375/2160 2737/2376/2161 2157/2373/2158
f 2158/2377/2162 2157/2373/2158 2737/2376/2161
f 2737/2376/2161 2736/2378/2163 2158/2377/2162
f 2153/2370/2155 2152/2369/2154 2156/2374/2159
f 2156/2374/2159 2157/2373/2158 2153/2370/2155
f 2155/2372/2157 2153/2370/2155 2157/2373/2158
f 2157/2373/2158 2158/2377/2162 2155/2372/2157
f 2733/2379/2164 2159/2380/2165 2734/2381/2166
f 2159/2380/2165 2733/2379/2164 2160/2382/2167
f 2160/2382/2167 2161/2383/2168 2159/2380/2165
f 2736/2378/2163 2734/2381/2166 2159/2380/2165
f 2159/2380/2165 2158/2377/2162 2736/2378/2163
f 2158/2377/2162 2159/2380/2165 2161/2383/2168
f 2161/2383/2168 2155/2372/2157 2158/2377/2162
f 2163/2384/2169 2162/2385/2170 2144/2362/2147
f 2144/2362/2147 2147/2361/2146 2163/2384/2169
f 2154/2371/2156 2163/2384/2169 2147/2361/2146
f 2147/2361/2146 2142/2360/2145 2154/2371/2156
f 2161/2383/2168 2160/2382/2167 2162/2385/2170
f 2162/2385/2170 2163/2384/2169 2161/2383/2168
f 2155/2372/2157 2161/2383/2168 2163/2384/2169
f 2163/2384/2169 2154/2371/2156 2155/2372/2157
f 2167/2386/2171 2164/2387/2172 2165/2388/2173
f 2165/2388/2173 2166/2389/2174 2167/2386/2171
f 2166/2389/2174 2165/2388/2173 2168/2390/2175
f 2168/2390/2175 2169/2391/2176 2166/2389/2174
f 2171/2392/2177 2167/2386/2171 2166/2389/2174
f 2166/2389/2174 2170/2393/2178 2171/2392/2177
f 2170/2393/2178 2166/2389/2174 2169/2391/2176
f 2169/2391/2176 2172/2394/2179 2170/2393/2178
f 2176/2395/2180 2173/2396/2181 2174/2397/2182
f 2174/2397/2182 2175/2398/2183 2176/2395/2180
f 2178/2399/2184 2176/2395/2180 2175/2398/2183
f 2175/2398/2183 2177/2400/2185 2178/2399/2184
f 2169/2391/2176 2168/2390/2175 2173/2396/2181
f 2173/2396/2181 2176/2395/2180 2169/2391/2176
f 2172/2394/2179 2169/2391/2176 2176/2395/2180
f 2176/2395/2180 2178/2399/2184 2172/2394/2179
f 2182/2401/2186 2179/2402/2187 2180/2403/2188
f 2180/2403/2188 2181/2404/2189 2182/2401/2186
f 2181/2404/2189 2180/2403/2188 2183/2405/2190
f 2183/2405/2190 2184/2406/2191 2181/2404/2189
f 2177/2400/2185 2182/2401/2186 2181/2404/2189
f 2181/2404/2189 2178/2399/2184 2177/2400/2185
f 2178/2399/2184 2181/2404/2189 2184/2406/2191
f 2184/2406/2191 2172/2394/2179 2178/2399/2184
f 2188/2407/2192 2185/2408/2193 2186/2409/2194
f 2186/2409/2194 2187/2410/2195 2188/2407/2192
f 2170/2393/2178 2188/2407/2192 2187/2410/2195
f 2187/2410/2195 2171/2392/2177 2170/2393/2178
f 2184/2406/2191 2183/2405/2190 2185/2408/2193
f 2185/2408/2193 2188/2407/2192 2184/2406/2191
f 2172/2394/2179 2184/2406/2191 2188/2407/2192
f 2188/2407/2192 2170/2393/2178 2172/2394/2179
f 2175/2398/2183 2174/2397/2182 2189/2411/2196
f 2189/2411/2196 2190/2412/2197 2175/2398/2183
f 2190/2412/2197 2189/2411/2196 2191/2413/2198
f 2191/2413/2198 2192/2414/2199 2190/2412/2197
f 2177/2400/2185 2175/2398/2183 2190/2412/2197
f 2190/2412/2197 2193/2415/2200 2177/2400/2185
f 2193/2415/2200 2190/2412/2197 2192/2414/2199
f 2192/2414/2199 2194/2416/2201 2193/2415/2200
f 2195/2417/2202 2196/2418/2203 2197/2419/2204
f 2198/2420/2205 2197/2419/2204 2196/2418/2203
f 2192/2414/2199 2191/2413/2198 2195/2417/2202
f 2195/2417/2202 2197/2419/2204 2192/2414/2199
f 2194/2416/2201 2192/2414/2199 2197/2419/2204
f 2197/2419/2204 2198/2420/2205 2194/2416/2201
f 2199/2421/2206 2200/2422/2207 3602/2423/2208
f 2200/2422/2207 2199/2421/2206 2201/2424/2209
f 2201/2424/2209 2194/2416/2201 2200/2422/2207
f 2198/2420/2205 3602/2423/2208 2200/2422/2207
f 2198/2420/2205 2200/2422/2207 2194/2416/2201
f 2193/2415/2200 2202/2425/2210 2179/2402/2187
f 2179/2402/2187 2182/2401/2186 2193/2415/2200
f 2182/2401/2186 2177/2400/2185 2193/2415/2200
f 2194/2416/2201 2201/2424/2209 2202/2425/2210
f 2202/2425/2210 2193/2415/2200 2194/2416/2201
f 2206/2426/2211 2203/2427/2212 2204/2428/2213
f 2204/2428/2213 2205/2429/2214 2206/2426/2211
f 2205/2429/2214 2204/2428/2213 2207/2430/2215
f 2207/2430/2215 2208/2431/2216 2205/2429/2214
f 2210/2432/2217 2206/2426/2211 2205/2429/2214
f 2205/2429/2214 2209/2433/2218 2210/2432/2217
f 2209/2433/2218 2205/2429/2214 2208/2431/2216
f 2208/2431/2216 2211/2434/2219 2209/2433/2218
f 2215/2435/2220 2212/2436/2221 2213/2437/2222
f 2213/2437/2222 2214/2438/2223 2215/2435/2220
f 2217/2439/2224 2215/2435/2220 2214/2438/2223
f 2214/2438/2223 2216/2440/2225 2217/2439/2224
f 2208/2431/2216 2207/2430/2215 2212/2436/2221
f 2212/2436/2221 2215/2435/2220 2208/2431/2216
f 2211/2434/2219 2208/2431/2216 2215/2435/2220
f 2215/2435/2220 2217/2439/2224 2211/2434/2219
f 2221/2441/2226 2218/2442/2227 2219/2443/2228
f 2219/2443/2228 2220/2444/2229 2221/2441/2226
f 2220/2444/2229 2219/2443/2228 2222/2445/2230
f 2222/2445/2230 2223/2446/2231 2220/2444/2229
f 2216/2440/2225 2221/2441/2226 2220/2444/2229
f 2220/2444/2229 2217/2439/2224 2216/2440/2225
f 2217/2439/2224 2220/2444/2229 2223/2446/2231
f 2223/2446/2231 2211/2434/2219 2217/2439/2224
f 2227/2447/2232 2224/2448/2233 2225/2449/2234
f 2225/2449/2234 2226/2450/2235 2227/2447/2232
f 2209/2433/2218 2227/2447/2232 2226/2450/2235
f 2226/2450/2235 2210/2432/2217 2209/2433/2218
f 2223/2446/2231 2222/2445/2230 2224/2448/2233
f 2224/2448/2233 2227/2447/2232 2223/2446/2231
f 2211/2434/2219 2223/2446/2231 2227/2447/2232
f 2227/2447/2232 2209/2433/2218 2211/2434/2219
f 2214/2438/2223 2213/2437/2222 2228/2451/2236
f 2228/2451/2236 2229/2452/2237 2214/2438/2223
f 2229/2452/2237 2228/2451/2236 2230/2453/2238
f 2230/2453/2238 2231/2454/2239 2229/2452/2237
f 2216/2440/2225 2214/2438/2223 2229/2452/2237
f 2229/2452/2237 2232/2455/2240 2216/2440/2225
f 2232/2455/2240 2229/2452/2237 2231/2454/2239
f 2231/2454/2239 2233/2456/2241 2232/2455/2240
f 2237/2457/2242 2234/2458/2243 2235/2459/2244
f 2235/2459/2244 2236/2460/2245 2237/2457/2242
f 2239/2461/2246 2237/2457/2242 2236/2460/2245
f 2236/2460/2245 2238/2462/2247 2239/2461/2246
f 2231/2454/2239 2230/2453/2238 2234/2458/2243
f 2234/2458/2243 2237/2457/2242 2231/2454/2239
f 2233/2456/2241 2231/2454/2239 2237/2457/2242
f 2237/2457/2242 2239/2461/2246 2233/2456/2241
f 2243/2463/2248 2240/2464/2249 2241/2465/2250
f 2241/2465/2250 2242/2466/2251 2243/2463/2248
f 2242/2466/2251 2241/2465/2250 2244/2467/2252
f 2244/2467/2252 2245/2468/2253 2242/2466/2251
f 2238/2462/2247 2243/2463/2248 2242/2466/2251
f 2242/2466/2251 2239/2461/2246 2238/2462/2247
f 2239/2461/2246 2242/2466/2251 2245/2468/2253
f 2245/2468/2253 2233/2456/2241 2239/2461/2246
f 2247/2469/2254 2246/2470/2255 2218/2442/2227
f 2218/2442/2227 2221/2441/2226 2247/2469/2254
f 2232/2455/2240 2247/2469/2254 2221/2441/2226
f 2221/2441/2226 2216/2440/2225 2232/2455/2240
f 2245/2468/2253 2244/2467/2252 2246/2470/2255
f 2246/2470/2255 2247/2469/2254 2245/2468/2253
f 2233/2456/2241 2245/2468/2253 2247/2469/2254
f 2247/2469/2254 2232/2455/2240 2233/2456/2241
f 2236/2460/2245 2235/2459/2244 2248/2471/2256
f 2248/2471/2256 2249/2472/2257 2236/2460/2245
f 2249/2472/2257 2248/2471/2256 2250/2473/2258
f 2250/2473/2258 2251/2474/2259 2249/2472/2257
f 2238/2462/2247 2236/2460/2245 2249/2472/2257
f 2249/2472/2257 2252/2475/2260 2238/2462/2247
f 2252/2475/2260 2249/2472/2257 2251/2474/2259
f 2251/2474/2259 2253/2476/2261 2252/2475/2260
f 2255/2477/2262 2254/2478/2263 2090/2308/2093
f 2090/2308/2093 2093/2307/2092 2255/2477/2262
f 2256/2479/2264 2255/2477/2262 2093/2307/2092
f 2093/2307/2092 2097/2313/2098 2256/2479/2264
f 2251/2474/2259 2250/2473/2258 2254/2478/2263
f 2254/2478/2263 2255/2477/2262 2251/2474/2259
f 2253/2476/2261 2251/2474/2259 2255/2477/2262
f 2255/2477/2262 2256/2479/2264 2253/2476/2261
f 2113/2331/2116 2112/2330/2115 2257/2480/2265
f 2257/2480/2265 2258/2481/2266 2113/2331/2116
f 2258/2481/2266 2257/2480/2265 2259/2482/2267
f 2259/2482/2267 2260/2483/2268 2258/2481/2266
f 2097/2313/2098 2113/2331/2116 2258/2481/2266
f 2258/2481/2266 2256/2479/2264 2097/2313/2098
f 2256/2479/2264 2258/2481/2266 2260/2483/2268
f 2260/2483/2268 2253/2476/2261 2256/2479/2264
f 2262/2484/2269 2261/2485/2270 2240/2464/2249
f 2240/2464/2249 2243/2463/2248 2262/2484/2269
f 2252/2475/2260 2262/2484/2269 2243/2463/2248
f 2243/2463/2248 2238/2462/2247 2252/2475/2260
f 2260/2483/2268 2259/2482/2267 2261/2485/2270
f 2261/2485/2270 2262/2484/2269 2260/2483/2268
f 2253/2476/2261 2260/2483/2268 2262/2484/2269
f 2262/2484/2269 2252/2475/2260 2253/2476/2261
f 2264/2486/2271 2837/2487/2272 2263/2488/2273
f 2264/2486/2271 2263/2488/2273 2265/2489/2274
f 2265/2489/2274 2266/2490/2275 2264/2486/2271
f 2268/2491/2276 2267/2492/2277 1824/2042/1827
f 1824/2042/1827 1827/2041/1826 2268/2491/2276
f 2266/2490/2275 2265/2489/2274 2267/2492/2277
f 2267/2492/2277 2268/2491/2276 2266/2490/2275
f 1827/2041/1826 1838/2055/1840 2269/2493/2278
f 2269/2493/2278 2268/2491/2276 1827/2041/1826
f 2268/2491/2276 2269/2493/2278 2270/2494/2279
f 2270/2494/2279 2266/2490/2275 2268/2491/2276
f 2266/2490/2275 2270/2494/2279 2271/2495/2280
f 2271/2495/2280 2264/2486/2271 2266/2490/2275
f 2274/2496/2281 2272/2497/2282 2273/2498/2283
f 2273/2498/2283 2275/2499/2284 2274/2496/2281
f 2277/2500/2285 2276/2501/2286 1945/2163/1948
f 1945/2163/1948 1948/2162/1947 2277/2500/2285
f 2275/2499/2284 2273/2498/2283 2276/2501/2286
f 2276/2501/2286 2277/2500/2285 2275/2499/2284
f 1948/2162/1947 1959/2176/1961 2278/2502/2287
f 2278/2502/2287 2277/2500/2285 1948/2162/1947
f 2277/2500/2285 2278/2502/2287 2279/2503/2288
f 2279/2503/2288 2275/2499/2284 2277/2500/2285
f 2274/2496/2281 2280/2504/2289 2281/2505/2290
f 2275/2499/2284 2279/2503/2288 2280/2504/2289
f 2280/2504/2289 2274/2496/2281 2275/2499/2284
f 2283/2506/2291 2282/2507/2292 2284/2508/2293
f 2284/2508/2293 2285/2509/2294 2283/2506/2291
f 2287/2510/2295 2286/2511/2296 2054/2272/2057
f 2054/2272/2057 2057/2271/2056 2287/2510/2295
f 2285/2509/2294 2284/2508/2293 2286/2511/2296
f 2286/2511/2296 2287/2510/2295 2285/2509/2294
f 2057/2271/2056 2068/2285/2070 2288/2512/2297
f 2288/2512/2297 2287/2510/2295 2057/2271/2056
f 2287/2510/2295 2288/2512/2297 2289/2513/2298
f 2289/2513/2298 2285/2509/2294 2287/2510/2295
f 2283/2506/2291 2290/2514/2299 2291/2515/2300
f 2285/2509/2294 2289/2513/2298 2290/2514/2299
f 2290/2514/2299 2283/2506/2291 2285/2509/2294
f 2293/2516/2301 2292/2517/2302 2294/2518/2303
f 2294/2518/2303 2295/2519/2304 2293/2516/2301
f 2293/2516/2301 2296/2520/2305 2297/2521/2306
f 2296/2520/2305 2293/2516/2301 2295/2519/2304
f 2295/2519/2304 2298/2522/2307 2296/2520/2305
f 2300/2523/2308 2299/2524/2309 2164/2387/2172
f 2164/2387/2172 2167/2386/2171 2300/2523/2308
f 2301/2525/2310 2300/2523/2308 2167/2386/2171
f 2167/2386/2171 2171/2392/2177 2301/2525/2310
f 2295/2519/2304 2294/2518/2303 2299/2524/2309
f 2299/2524/2309 2300/2523/2308 2295/2519/2304
f 2298/2522/2307 2295/2519/2304 2300/2523/2308
f 2300/2523/2308 2301/2525/2310 2298/2522/2307
f 2187/2410/2195 2186/2409/2194 2302/2526/2311
f 2302/2526/2311 2303/2527/2312 2187/2410/2195
f 2303/2527/2312 2302/2526/2311 2304/2528/2313
f 2304/2528/2313 2305/2529/2314 2303/2527/2312
f 2171/2392/2177 2187/2410/2195 2303/2527/2312
f 2303/2527/2312 2301/2525/2310 2171/2392/2177
f 2301/2525/2310 2303/2527/2312 2305/2529/2314
f 2305/2529/2314 2298/2522/2307 2301/2525/2310
f 2308/2530/2315 2306/2531/2316 2307/2532/2317
f 2308/2530/2315 2297/2521/2306 2296/2520/2305
f 2305/2529/2314 2304/2528/2313 2306/2531/2316
f 2306/2531/2316 2308/2530/2315 2305/2529/2314
f 2298/2522/2307 2305/2529/2314 2308/2530/2315
f 2308/2530/2315 2296/2520/2305 2298/2522/2307
f 2312/2533/2318 2309/2534/2319 2310/2535/2320
f 2310/2535/2320 2311/2536/2321 2312/2533/2318
f 2311/2536/2321 2310/2535/2320 2313/2537/2322
f 2313/2537/2322 2314/2035/1820 2311/2536/2321
f 2314/2035/1820 2313/2537/2322 1818/2033/1818
f 2314/2035/1820 1823/2039/1824 2315/2538/2323
f 2311/2536/2321 2316/2539/2324 2317/2540/2325
f 2317/2540/2325 2312/2533/2318 2311/2536/2321
f 2314/2035/1820 2315/2538/2323 2316/2539/2324
f 2316/2539/2324 2311/2536/2321 2314/2035/1820
f 2321/2541/2326 2318/2542/2327 2319/2543/2328
f 2319/2543/2328 2320/2544/2329 2321/2541/2326
f 2320/2544/2329 2319/2543/2328 2322/2545/2330
f 2322/2545/2330 2323/2546/2331 2320/2544/2329
f 2325/2547/2332 2324/2548/2333 2029/2247/2032
f 2029/2247/2032 2032/2246/2031 2325/2547/2332
f 2323/2546/2331 2322/2545/2330 2324/2548/2333
f 2324/2548/2333 2325/2547/2332 2323/2546/2331
f 2032/2246/2031 2043/2260/2045 2326/2549/2334
f 2326/2549/2334 2325/2547/2332 2032/2246/2031
f 2325/2547/2332 2326/2549/2334 2327/2550/2335
f 2327/2550/2335 2323/2546/2331 2325/2547/2332
f 2320/2544/2329 2328/2551/2336 2329/2552/2337
f 2329/2552/2337 2321/2541/2326 2320/2544/2329
f 2323/2546/2331 2327/2550/2335 2328/2551/2336
f 2328/2551/2336 2320/2544/2329 2323/2546/2331
f 2333/2553/2338 2330/2554/2339 2331/2555/2340
f 2331/2555/2340 2332/2556/2341 2333/2553/2338
f 2332/2556/2341 2331/2555/2340 2334/2557/2342
f 2334/2557/2342 2335/2558/2343 2332/2556/2341
f 2337/2559/2344 2336/2560/2345 2081/2298/2083
f 2081/2298/2083 2083/2300/2085 2337/2559/2344
f 2335/2558/2343 2334/2557/2342 2336/2560/2345
f 2336/2560/2345 2337/2559/2344 2335/2558/2343
f 2083/2300/2085 2089/2306/2091 2338/2561/2346
f 2338/2561/2346 2337/2559/2344 2083/2300/2085
f 2337/2559/2344 2338/2561/2346 2339/2562/2347
f 2339/2562/2347 2335/2558/2343 2337/2559/2344
f 2332/2556/2341 2340/2563/2348 2341/2564/2349
f 2341/2564/2349 2333/2553/2338 2332/2556/2341
f 2335/2558/2343 2339/2562/2347 2340/2563/2348
f 2340/2563/2348 2332/2556/2341 2335/2558/2343
f 2196/2418/2203 3523/2565/2350 2342/2566/2351
f 2342/2566/2351 2343/2567/2352 2196/2418/2203
f 2343/2567/2352 2342/2566/2351 2344/2568/2353
f 2344/2568/2353 2345/2569/2354 2343/2567/2352
f 2346/2570/2355 2196/2418/2203 2343/2567/2352
f 2346/2570/2355 2343/2567/2352 2345/2569/2354
f 2345/2569/2354 2347/2571/2356 2346/2570/2355
f 2349/2572/2357 2348/2573/2358 2203/2427/2212
f 2203/2427/2212 2206/2426/2211 2349/2572/2357
f 2350/2574/2359 2349/2572/2357 2206/2426/2211
f 2206/2426/2211 2210/2432/2217 2350/2574/2359
f 2345/2569/2354 2344/2568/2353 2348/2573/2358
f 2348/2573/2358 2349/2572/2357 2345/2569/2354
f 2347/2571/2356 2345/2569/2354 2349/2572/2357
f 2349/2572/2357 2350/2574/2359 2347/2571/2356
f 2226/2450/2235 2225/2449/2234 2351/2575/2360
f 2351/2575/2360 2352/2576/2361 2226/2450/2235
f 2352/2576/2361 2351/2575/2360 2353/2577/2362
f 2353/2577/2362 2354/2578/2363 2352/2576/2361
f 2210/2432/2217 2226/2450/2235 2352/2576/2361
f 2352/2576/2361 2350/2574/2359 2210/2432/2217
f 2350/2574/2359 2352/2576/2361 2354/2578/2363
f 2354/2578/2363 2347/2571/2356 2350/2574/2359
f 2356/2579/2364 2355/2580/2365 3522/2581/2366
f 2354/2578/2363 2353/2577/2362 2355/2580/2365
f 2355/2580/2365 2356/2579/2364 2354/2578/2363
f 2347/2571/2356 2354/2578/2363 2356/2579/2364
f 2356/2579/2364 2346/2570/2355 2347/2571/2356
f 2360/2582/2367 2357/2583/2368 2358/2584/2369
f 2358/2584/2369 2359/2585/2370 2360/2582/2367
f 2362/2586/2371 2360/2582/2367 2359/2585/2370
f 2359/2585/2370 2361/2587/2372 2362/2586/2371
f 2364/2588/2373 2363/2589/2374 2359/2585/2370
f 2359/2585/2370 2358/2584/2369 2364/2588/2373
f 2363/2589/2374 2365/2590/2375 2361/2587/2372
f 2361/2587/2372 2359/2585/2370 2363/2589/2374
f 2369/2591/2376 2366/2592/2377 2367/2593/2378
f 2367/2593/2378 2368/2594/2379 2369/2591/2376
f 2365/2590/2375 2369/2591/2376 2368/2594/2379
f 2368/2594/2379 2361/2587/2372 2365/2590/2375
f 2371/2595/2380 2370/2596/2381 2368/2594/2379
f 2368/2594/2379 2367/2593/2378 2371/2595/2380
f 2370/2596/2381 2362/2586/2371 2361/2587/2372
f 2361/2587/2372 2368/2594/2379 2370/2596/2381
f 2373/2597/2382 2371/2595/2380 2367/2593/2378
f 2367/2593/2378 2372/2598/2383 2373/2597/2382
f 2375/2599/2384 2373/2597/2382 2372/2598/2383
f 2372/2598/2383 2374/2600/2385 2375/2599/2384
f 2366/2592/2377 2376/2601/2386 2372/2598/2383
f 2372/2598/2383 2367/2593/2378 2366/2592/2377
f 2376/2601/2386 2377/2602/2387 2374/2600/2385
f 2374/2600/2385 2372/2598/2383 2376/2601/2386
f 2381/2603/2388 2378/2604/2389 2379/2605/2390
f 2379/2605/2390 2380/2606/2391 2381/2603/2388
f 2377/2602/2387 2381/2603/2388 2380/2606/2391
f 2380/2606/2391 2374/2600/2385 2377/2602/2387
f 2383/2607/2392 2382/2608/2393 2380/2606/2391
f 2380/2606/2391 2379/2605/2390 2383/2607/2392
f 2382/2608/2393 2375/2599/2384 2374/2600/2385
f 2374/2600/2385 2380/2606/2391 2382/2608/2393
f 2385/2609/2394 2383/2607/2392 2379/2605/2390
f 2379/2605/2390 2384/2610/2395 2385/2609/2394
f 2387/2611/2396 2385/2609/2394 2384/2610/2395
f 2384/2610/2395 2386/2612/2397 2387/2611/2396
f 2378/2604/2389 2388/2613/2398 2384/2610/2395
f 2384/2610/2395 2379/2605/2390 2378/2604/2389
f 2388/2613/2398 2389/2614/2399 2386/2612/2397
f 2386/2612/2397 2384/2610/2395 2388/2613/2398
f 2393/2615/2400 2390/2616/2401 2391/2617/2402
f 2391/2617/2402 2392/2618/2403 2393/2615/2400
f 2389/2614/2399 2393/2615/2400 2392/2618/2403
f 2392/2618/2403 2386/2612/2397 2389/2614/2399
f 2395/2619/2404 2394/2620/2405 2392/2618/2403
f 2392/2618/2403 2391/2617/2402 2395/2619/2404
f 2394/2620/2405 2387/2611/2396 2386/2612/2397
f 2386/2612/2397 2392/2618/2403 2394/2620/2405
f 2397/2621/2406 2396/2622/2407 2878/2623/2408
f 2878/2623/2408 2400/2624/2409 2397/2621/2406
f 2400/2624/2409 2878/2623/2408 2398/2625/2410
f 2398/2625/2410 2399/2040/1825 2400/2624/2409
f 2401/2626/2411 2397/2621/2406 2400/2624/2409
f 1820/2034/1819 2400/2624/2409 2399/2040/1825
f 1819/2036/1821 2401/2626/2411 2400/2624/2409
f 2400/2624/2409 1820/2034/1819 1819/2036/1821
f 2405/2627/2412 2402/2628/2413 2403/2629/2414
f 2403/2629/2414 2404/2630/2415 2405/2627/2412
f 2407/2631/2416 2405/2627/2412 2404/2630/2415
f 2404/2630/2415 2406/2632/2417 2407/2631/2416
f 2409/2633/2418 2408/2634/2419 2404/2630/2415
f 2404/2630/2415 2403/2629/2414 2409/2633/2418
f 2408/2634/2419 2410/2635/2420 2406/2632/2417
f 2406/2632/2417 2404/2630/2415 2408/2634/2419
f 2414/2636/2421 2411/2637/2422 2412/2638/2423
f 2412/2638/2423 2413/2639/2424 2414/2636/2421
f 2410/2635/2420 2414/2636/2421 2413/2639/2424
f 2413/2639/2424 2406/2632/2417 2410/2635/2420
f 2416/2640/2425 2415/2641/2426 2413/2639/2424
f 2413/2639/2424 2412/2638/2423 2416/2640/2425
f 2415/2641/2426 2407/2631/2416 2406/2632/2417
f 2406/2632/2417 2413/2639/2424 2415/2641/2426
f 2418/2642/2427 2416/2640/2425 2412/2638/2423
f 2412/2638/2423 2417/2643/2428 2418/2642/2427
f 2420/2644/2429 2418/2642/2427 2417/2643/2428
f 2417/2643/2428 2419/2645/2430 2420/2644/2429
f 2411/2637/2422 2421/2646/2431 2417/2643/2428
f 2417/2643/2428 2412/2638/2423 2411/2637/2422
f 2421/2646/2431 2422/2647/2432 2419/2645/2430
f 2419/2645/2430 2417/2643/2428 2421/2646/2431
f 2426/2648/2433 2423/2649/2434 2424/2650/2435
f 2424/2650/2435 2425/2651/2436 2426/2648/2433
f 2422/2647/2432 2426/2648/2433 2425/2651/2436
f 2425/2651/2436 2419/2645/2430 2422/2647/2432
f 2428/2652/2437 2427/2653/2438 2425/2651/2436
f 2425/2651/2436 2424/2650/2435 2428/2652/2437
f 2427/2653/2438 2420/2644/2429 2419/2645/2430
f 2419/2645/2430 2425/2651/2436 2427/2653/2438
f 2430/2654/2439 2428/2652/2437 2424/2650/2435
f 2424/2650/2435 2429/2655/2440 2430/2654/2439
f 2432/2656/2441 2430/2654/2439 2429/2655/2440
f 2429/2655/2440 2431/2657/2442 2432/2656/2441
f 2423/2649/2434 2433/2658/2443 2429/2655/2440
f 2429/2655/2440 2424/2650/2435 2423/2649/2434
f 2433/2658/2443 2434/2659/2444 2431/2657/2442
f 2431/2657/2442 2429/2655/2440 2433/2658/2443
f 2438/2660/2445 2435/2661/2446 2436/2662/2447
f 2436/2662/2447 2437/2663/2448 2438/2660/2445
f 2434/2659/2444 2438/2660/2445 2437/2663/2448
f 2437/2663/2448 2431/2657/2442 2434/2659/2444
f 2440/2664/2449 2439/2665/2450 2437/2663/2448
f 2437/2663/2448 2436/2662/2447 2440/2664/2449
f 2439/2665/2450 2432/2656/2441 2431/2657/2442
f 2431/2657/2442 2437/2663/2448 2439/2665/2450
f 2442/2666/2451 2440/2664/2449 2436/2662/2447
f 2436/2662/2447 2441/2667/2452 2442/2666/2451
f 2444/2668/2453 2442/2666/2451 2441/2667/2452
f 2441/2667/2452 2443/2669/2454 2444/2668/2453
f 2435/2661/2446 2445/2670/2455 2441/2667/2452
f 2441/2667/2452 2436/2662/2447 2435/2661/2446
f 2445/2670/2455 2446/2671/2456 2443/2669/2454
f 2443/2669/2454 2441/2667/2452 2445/2670/2455
f 2448/2672/2457 2364/2588/2373 2358/2584/2369
f 2358/2584/2369 2447/2673/2458 2448/2672/2457
f 2446/2671/2456 2448/2672/2457 2447/2673/2458
f 2447/2673/2458 2443/2669/2454 2446/2671/2456
f 2357/2583/2368 2449/2674/2459 2447/2673/2458
f 2447/2673/2458 2358/2584/2369 2357/2583/2368
f 2449/2674/2459 2444/2668/2453 2443/2669/2454
f 2443/2669/2454 2447/2673/2458 2449/2674/2459
f 2453/2675/2460 2450/2676/2461 2451/2677/2462
f 2451/2677/2462 2452/2678/2463 2453/2675/2460
f 2455/2679/2464 2453/2675/2460 2452/2678/2463
f 2452/2678/2463 2454/2680/2465 2455/2679/2464
f 2457/2681/2466 2456/2682/2467 2452/2678/2463
f 2452/2678/2463 2451/2677/2462 2457/2681/2466
f 2456/2682/2467 2458/2683/2468 2454/2680/2465
f 2454/2680/2465 2452/2678/2463 2456/2682/2467
f 2462/2684/2469 2459/2685/2470 2460/2686/2471
f 2460/2686/2471 2461/2687/2472 2462/2684/2469
f 2458/2683/2468 2462/2684/2469 2461/2687/2472
f 2461/2687/2472 2454/2680/2465 2458/2683/2468
f 2464/2688/2473 2463/2689/2474 2461/2687/2472
f 2461/2687/2472 2460/2686/2471 2464/2688/2473
f 2463/2689/2474 2455/2679/2464 2454/2680/2465
f 2454/2680/2465 2461/2687/2472 2463/2689/2474
f 2466/2690/2475 2464/2688/2473 2460/2686/2471
f 2460/2686/2471 2465/2691/2476 2466/2690/2475
f 2468/2692/2477 2466/2690/2475 2465/2691/2476
f 2465/2691/2476 2467/2693/2478 2468/2692/2477
f 2459/2685/2470 2469/2694/2479 2465/2691/2476
f 2465/2691/2476 2460/2686/2471 2459/2685/2470
f 2469/2694/2479 2470/2695/2480 2467/2693/2478
f 2467/2693/2478 2465/2691/2476 2469/2694/2479
f 2474/2696/2481 2471/2697/2482 2472/2698/2483
f 2472/2698/2483 2473/2699/2484 2474/2696/2481
f 2470/2695/2480 2474/2696/2481 2473/2699/2484
f 2473/2699/2484 2467/2693/2478 2470/2695/2480
f 2476/2700/2485 2475/2701/2486 2473/2699/2484
f 2473/2699/2484 2472/2698/2483 2476/2700/2485
f 2475/2701/2486 2468/2692/2477 2467/2693/2478
f 2467/2693/2478 2473/2699/2484 2475/2701/2486
f 2478/2702/2487 2476/2700/2485 2472/2698/2483
f 2472/2698/2483 2477/2703/2488 2478/2702/2487
f 2480/2704/2489 2478/2702/2487 2477/2703/2488
f 2477/2703/2488 2479/2705/2490 2480/2704/2489
f 2471/2697/2482 2481/2706/2491 2477/2703/2488
f 2477/2703/2488 2472/2698/2483 2471/2697/2482
f 2481/2706/2491 2482/2707/2492 2479/2705/2490
f 2479/2705/2490 2477/2703/2488 2481/2706/2491
f 2486/2708/2493 2483/2709/2494 2484/2710/2495
f 2484/2710/2495 2485/2711/2496 2486/2708/2493
f 2482/2707/2492 2486/2708/2493 2485/2711/2496
f 2485/2711/2496 2479/2705/2490 2482/2707/2492
f 2488/2712/2497 2487/2713/2498 2485/2711/2496
f 2485/2711/2496 2484/2710/2495 2488/2712/2497
f 2487/2713/2498 2480/2704/2489 2479/2705/2490
f 2479/2705/2490 2485/2711/2496 2487/2713/2498
f 2490/2714/2499 2488/2712/2497 2484/2710/2495
f 2484/2710/2495 2489/2715/2500 2490/2714/2499
f 2492/2716/2501 2490/2714/2499 2489/2715/2500
f 2489/2715/2500 2491/2717/2502 2492/2716/2501
f 2483/2709/2494 2493/2718/2503 2489/2715/2500
f 2489/2715/2500 2484/2710/2495 2483/2709/2494
f 2493/2718/2503 2494/2719/2504 2491/2717/2502
f 2491/2717/2502 2489/2715/2500 2493/2718/2503
f 2498/2720/2505 2495/2721/2506 2496/2722/2507
f 2496/2722/2507 2497/2723/2508 2498/2720/2505
f 2494/2719/2504 2498/2720/2505 2497/2723/2508
f 2497/2723/2508 2491/2717/2502 2494/2719/2504
f 2500/2724/2509 2499/2725/2510 2497/2723/2508
f 2497/2723/2508 2496/2722/2507 2500/2724/2509
f 2499/2725/2510 2492/2716/2501 2491/2717/2502
f 2491/2717/2502 2497/2723/2508 2499/2725/2510
f 2502/2726/2511 2500/2724/2509 2496/2722/2507
f 2496/2722/2507 2501/2727/2512 2502/2726/2511
f 2504/2728/2513 2502/2726/2511 2501/2727/2512
f 2501/2727/2512 2503/2729/2514 2504/2728/2513
f 2495/2721/2506 2505/2730/2515 2501/2727/2512
f 2501/2727/2512 2496/2722/2507 2495/2721/2506
f 2505/2730/2515 2506/2731/2516 2503/2729/2514
f 2503/2729/2514 2501/2727/2512 2505/2730/2515
f 2510/2732/2517 2507/2733/2518 2508/2734/2519
f 2508/2734/2519 2509/2735/2520 2510/2732/2517
f 2506/2731/2516 2510/2732/2517 2509/2735/2520
f 2509/2735/2520 2503/2729/2514 2506/2731/2516
f 2512/2736/2521 2511/2737/2522 2509/2735/2520
f 2509/2735/2520 2508/2734/2519 2512/2736/2521
f 2511/2737/2522 2504/2728/2513 2503/2729/2514
f 2503/2729/2514 2509/2735/2520 2511/2737/2522
f 2514/2738/2523 2512/2736/2521 2508/2734/2519
f 2508/2734/2519 2513/2739/2524 2514/2738/2523
f 2516/2740/2525 2514/2738/2523 2513/2739/2524
f 2513/2739/2524 2515/2741/2526 2516/2740/2525
f 2507/2733/2518 2517/2742/2527 2513/2739/2524
f 2513/2739/2524 2508/2734/2519 2507/2733/2518
f 2517/2742/2527 2518/2743/2528 2515/2741/2526
f 2515/2741/2526 2513/2739/2524 2517/2742/2527
f 2519/2744/2529 1941/2158/1943 1940/2157/1942
f 1940/2157/1942 2515/2741/2526 2519/2744/2529
f 2518/2743/2528 2519/2744/2529 2515/2741/2526
f 1939/2156/1941 2516/2740/2525 2515/2741/2526
f 2515/2741/2526 1940/2157/1942 1939/2156/1941
f 2523/2745/2530 2520/2746/2531 2521/2747/2532
f 2521/2747/2532 2522/2748/2533 2523/2745/2530
f 2525/2749/2534 2523/2745/2530 2522/2748/2533
f 2522/2748/2533 2524/2750/2535 2525/2749/2534
f 2527/2751/2536 2526/2752/2537 2522/2748/2533
f 2522/2748/2533 2521/2747/2532 2527/2751/2536
f 2526/2752/2537 2528/2753/2538 2524/2750/2535
f 2524/2750/2535 2522/2748/2533 2526/2752/2537
f 2532/2754/2539 2529/2755/2540 2530/2756/2541
f 2530/2756/2541 2531/2757/2542 2532/2754/2539
f 2528/2753/2538 2532/2754/2539 2531/2757/2542
f 2531/2757/2542 2524/2750/2535 2528/2753/2538
f 2534/2758/2543 2533/2759/2544 2531/2757/2542
f 2531/2757/2542 2530/2756/2541 2534/2758/2543
f 2533/2759/2544 2525/2749/2534 2524/2750/2535
f 2524/2750/2535 2531/2757/2542 2533/2759/2544
f 2536/2760/2545 2534/2758/2543 2530/2756/2541
f 2530/2756/2541 2535/2761/2546 2536/2760/2545
f 2538/2762/2547 2536/2760/2545 2535/2761/2546
f 2535/2761/2546 2537/2763/2548 2538/2762/2547
f 2529/2755/2540 2539/2764/2549 2535/2761/2546
f 2535/2761/2546 2530/2756/2541 2529/2755/2540
f 2539/2764/2549 2540/2765/2550 2537/2763/2548
f 2537/2763/2548 2535/2761/2546 2539/2764/2549
f 2544/2766/2551 2541/2767/2552 2542/2768/2553
f 2542/2768/2553 2543/2769/2554 2544/2766/2551
f 2540/2765/2550 2544/2766/2551 2543/2769/2554
f 2543/2769/2554 2537/2763/2548 2540/2765/2550
f 2546/2770/2555 2545/2771/2556 2543/2769/2554
f 2543/2769/2554 2542/2768/2553 2546/2770/2555
f 2545/2771/2556 2538/2762/2547 2537/2763/2548
f 2537/2763/2548 2543/2769/2554 2545/2771/2556
f 2548/2772/2557 2546/2770/2555 2542/2768/2553
f 2542/2768/2553 2547/2773/2558 2548/2772/2557
f 2550/2774/2559 2548/2772/2557 2547/2773/2558
f 2547/2773/2558 2549/2775/2560 2550/2774/2559
f 2541/2767/2552 2551/2776/2561 2547/2773/2558
f 2547/2773/2558 2542/2768/2553 2541/2767/2552
f 2551/2776/2561 2552/2777/2562 2549/2775/2560
f 2549/2775/2560 2547/2773/2558 2551/2776/2561
f 2556/2778/2563 2553/2779/2564 2554/2780/2565
f 2554/2780/2565 2555/2781/2566 2556/2778/2563
f 2552/2777/2562 2556/2778/2563 2555/2781/2566
f 2555/2781/2566 2549/2775/2560 2552/2777/2562
f 2558/2782/2567 2557/2783/2568 2555/2781/2566
f 2555/2781/2566 2554/2780/2565 2558/2782/2567
f 2557/2783/2568 2550/2774/2559 2549/2775/2560
f 2549/2775/2560 2555/2781/2566 2557/2783/2568
f 2560/2784/2569 2558/2782/2567 2554/2780/2565
f 2554/2780/2565 2559/2785/2570 2560/2784/2569
f 2562/2786/2571 2560/2784/2569 2559/2785/2570
f 2559/2785/2570 2561/2787/2572 2562/2786/2571
f 2553/2779/2564 2563/2788/2573 2559/2785/2570
f 2559/2785/2570 2554/2780/2565 2553/2779/2564
f 2563/2788/2573 2564/2789/2574 2561/2787/2572
f 2561/2787/2572 2559/2785/2570 2563/2788/2573
f 2568/2790/2575 2565/2791/2576 2566/2792/2577
f 2566/2792/2577 2567/2793/2578 2568/2790/2575
f 2564/2789/2574 2568/2790/2575 2567/2793/2578
f 2567/2793/2578 2561/2787/2572 2564/2789/2574
f 2570/2794/2579 2569/2795/2580 2567/2793/2578
f 2567/2793/2578 2566/2792/2577 2570/2794/2579
f 2569/2795/2580 2562/2786/2571 2561/2787/2572
f 2561/2787/2572 2567/2793/2578 2569/2795/2580
f 2572/2796/2581 2570/2794/2579 2566/2792/2577
f 2566/2792/2577 2571/2797/2582 2572/2796/2581
f 2574/2798/2583 2572/2796/2581 2571/2797/2582
f 2571/2797/2582 2573/2799/2584 2574/2798/2583
f 2565/2791/2576 2575/2800/2585 2571/2797/2582
f 2571/2797/2582 2566/2792/2577 2565/2791/2576
f 2575/2800/2585 2576/2801/2586 2573/2799/2584
f 2573/2799/2584 2571/2797/2582 2575/2800/2585
f 2580/2802/2587 2577/2803/2588 2578/2804/2589
f 2578/2804/2589 2579/2805/2590 2580/2802/2587
f 2576/2801/2586 2580/2802/2587 2579/2805/2590
f 2579/2805/2590 2573/2799/2584 2576/2801/2586
f 2582/2806/2591 2581/2807/2592 2579/2805/2590
f 2579/2805/2590 2578/2804/2589 2582/2806/2591
f 2581/2807/2592 2574/2798/2583 2573/2799/2584
f 2573/2799/2584 2579/2805/2590 2581/2807/2592
f 2584/2808/2593 2582/2806/2591 2578/2804/2589
f 2578/2804/2589 2583/2809/2594 2584/2808/2593
f 2586/2810/2595 2584/2808/2593 2583/2809/2594
f 2583/2809/2594 2585/2811/2596 2586/2810/2595
f 2577/2803/2588 2587/2812/2597 2583/2809/2594
f 2583/2809/2594 2578/2804/2589 2577/2803/2588
f 2587/2812/2597 2588/2813/2598 2585/2811/2596
f 2585/2811/2596 2583/2809/2594 2587/2812/2597
f 2590/2814/2599 2585/2811/2596 2589/2815/2600
f 2588/2813/2598 2589/2815/2600 2585/2811/2596
f 2585/2811/2596 2590/2814/2599 2591/2816/2601
f 2591/2816/2601 2586/2810/2595 2585/2811/2596
f 2593/2817/2602 2591/2816/2601 2590/2814/2599
f 2590/2814/2599 2592/2818/2603 2593/2817/2602
f 2595/2819/2604 2593/2817/2602 2592/2818/2603
f 2592/2818/2603 2594/2820/2605 2595/2819/2604
f 2589/2815/2600 2596/2821/2606 2592/2818/2603
f 2592/2818/2603 2590/2814/2599 2589/2815/2600
f 2596/2821/2606 2597/2822/2607 2594/2820/2605
f 2594/2820/2605 2592/2818/2603 2596/2821/2606
f 2601/2823/2608 2598/2824/2609 2599/2825/2610
f 2599/2825/2610 2600/2826/2611 2601/2823/2608
f 2597/2822/2607 2601/2823/2608 2600/2826/2611
f 2600/2826/2611 2594/2820/2605 2597/2822/2607
f 2603/2827/2612 2602/2828/2613 2600/2826/2611
f 2600/2826/2611 2599/2825/2610 2603/2827/2612
f 2602/2828/2613 2595/2819/2604 2594/2820/2605
f 2594/2820/2605 2600/2826/2611 2602/2828/2613
f 2607/2829/2614 2604/2830/2615 2605/2831/2616
f 2605/2831/2616 2606/2832/2617 2607/2829/2614
f 2609/2833/2618 2607/2829/2614 2606/2832/2617
f 2606/2832/2617 2608/2834/2619 2609/2833/2618
f 2611/2835/2620 2610/2836/2621 2606/2832/2617
f 2606/2832/2617 2605/2831/2616 2611/2835/2620
f 2610/2836/2621 2612/2837/2622 2608/2834/2619
f 2608/2834/2619 2606/2832/2617 2610/2836/2621
f 2616/2838/2623 2613/2839/2624 2614/2840/2625
f 2614/2840/2625 2615/2841/2626 2616/2838/2623
f 2612/2837/2622 2616/2838/2623 2615/2841/2626
f 2615/2841/2626 2608/2834/2619 2612/2837/2622
f 2618/2842/2627 2617/2843/2628 2615/2841/2626
f 2615/2841/2626 2614/2840/2625 2618/2842/2627
f 2617/2843/2628 2609/2833/2618 2608/2834/2619
f 2608/2834/2619 2615/2841/2626 2617/2843/2628
f 2620/2844/2629 2618/2842/2627 2614/2840/2625
f 2614/2840/2625 2619/2845/2630 2620/2844/2629
f 2622/2846/2631 2620/2844/2629 2619/2845/2630
f 2619/2845/2630 2621/2847/2632 2622/2846/2631
f 2613/2839/2624 2623/2848/2633 2619/2845/2630
f 2619/2845/2630 2614/2840/2625 2613/2839/2624
f 2623/2848/2633 2624/2849/2634 2621/2847/2632
f 2621/2847/2632 2619/2845/2630 2623/2848/2633
f 2626/2850/2635 2051/2268/2053 2050/2265/2050
f 2050/2265/2050 2625/2851/2636 2626/2850/2635
f 2624/2849/2634 2626/2850/2635 2625/2851/2636
f 2625/2851/2636 2621/2847/2632 2624/2849/2634
f 2625/2851/2636 2050/2265/2050 2049/2267/2052
f 2049/2267/2052 2622/2846/2631 2621/2847/2632
f 2621/2847/2632 2625/2851/2636 2049/2267/2052
f 2630/2852/2637 2627/2853/2638 2628/2854/2639
f 2628/2854/2639 2629/2855/2640 2630/2852/2637
f 2632/2856/2641 2630/2852/2637 2629/2855/2640
f 2629/2855/2640 2631/2857/2642 2632/2856/2641
f 2634/2858/2643 2633/2859/2644 2629/2855/2640
f 2629/2855/2640 2628/2854/2639 2634/2858/2643
f 2633/2859/2644 2635/2860/2645 2631/2857/2642
f 2631/2857/2642 2629/2855/2640 2633/2859/2644
f 2639/2861/2646 2636/2862/2647 2637/2863/2648
f 2637/2863/2648 2638/2864/2649 2639/2861/2646
f 2635/2860/2645 2639/2861/2646 2638/2864/2649
f 2638/2864/2649 2631/2857/2642 2635/2860/2645
f 2641/2865/2650 2640/2866/2651 2638/2864/2649
f 2638/2864/2649 2637/2863/2648 2641/2865/2650
f 2640/2866/2651 2632/2856/2641 2631/2857/2642
f 2631/2857/2642 2638/2864/2649 2640/2866/2651
f 2643/2867/2652 2641/2865/2650 2637/2863/2648
f 2637/2863/2648 2642/2868/2653 2643/2867/2652
f 2645/2869/2654 2643/2867/2652 2642/2868/2653
f 2642/2868/2653 2644/2870/2655 2645/2869/2654
f 2636/2862/2647 2646/2871/2656 2642/2868/2653
f 2642/2868/2653 2637/2863/2648 2636/2862/2647
f 2646/2871/2656 2647/2872/2657 2644/2870/2655
f 2644/2870/2655 2642/2868/2653 2646/2871/2656
f 2651/2873/2658 2648/2874/2659 2649/2875/2660
f 2649/2875/2660 2650/2876/2661 2651/2873/2658
f 2647/2872/2657 2651/2873/2658 2650/2876/2661
f 2650/2876/2661 2644/2870/2655 2647/2872/2657
f 2653/2877/2662 2652/2878/2663 2650/2876/2661
f 2650/2876/2661 2649/2875/2660 2653/2877/2662
f 2652/2878/2663 2645/2869/2654 2644/2870/2655
f 2644/2870/2655 2650/2876/2661 2652/2878/2663
f 2655/2879/2664 2656/2880/2665 2654/2881/2666
f 2657/2882/2667 2654/2881/2666 2656/2880/2665
f 2656/2880/2665 2655/2879/2664 2658/2883/2668
f 2658/2883/2668 2659/2884/2669 2656/2880/2665
f 2661/2885/2670 2457/2681/2466 2451/2677/2462
f 2451/2677/2462 2660/2886/2671 2661/2885/2670
f 2659/2884/2669 2661/2885/2670 2660/2886/2671
f 2660/2886/2671 2656/2880/2665 2659/2884/2669
f 2450/2676/2461 2662/2887/2672 2660/2886/2671
f 2660/2886/2671 2451/2677/2462 2450/2676/2461
f 2662/2887/2672 2657/2882/2667 2656/2880/2665
f 2656/2880/2665 2660/2886/2671 2662/2887/2672
f 2666/2888/2673 2663/2889/2674 2664/2890/2675
f 2664/2890/2675 2665/2891/2676 2666/2888/2673
f 2665/2891/2676 2664/2890/2675 2667/2892/2677
f 2667/2892/2677 2668/2893/2678 2665/2891/2676
f 2670/2894/2679 2666/2888/2673 2665/2891/2676
f 2665/2891/2676 2669/2895/2680 2670/2894/2679
f 2669/2895/2680 2665/2891/2676 2668/2893/2678
f 2668/2893/2678 2671/2896/2681 2669/2895/2680
f 2675/2897/2682 2672/2898/2683 2673/2899/2684
f 2673/2899/2684 2674/2900/2685 2675/2897/2682
f 2677/2901/2686 2675/2897/2682 2674/2900/2685
f 2674/2900/2685 2676/2902/2687 2677/2901/2686
f 2668/2893/2678 2667/2892/2677 2672/2898/2683
f 2672/2898/2683 2675/2897/2682 2668/2893/2678
f 2671/2896/2681 2668/2893/2678 2675/2897/2682
f 2675/2897/2682 2677/2901/2686 2671/2896/2681
f 2681/2903/2688 2678/2904/2689 2679/2905/2690
f 2679/2905/2690 2680/2906/2691 2681/2903/2688
f 2680/2906/2691 2679/2905/2690 2682/2907/2692
f 2682/2907/2692 2683/2908/2693 2680/2906/2691
f 2676/2902/2687 2681/2903/2688 2680/2906/2691
f 2680/2906/2691 2677/2901/2686 2676/2902/2687
f 2677/2901/2686 2680/2906/2691 2683/2908/2693
f 2683/2908/2693 2671/2896/2681 2677/2901/2686
f 2687/2909/2694 2684/2910/2695 2685/2911/2696
f 2685/2911/2696 2686/2912/2697 2687/2909/2694
f 2669/2895/2680 2687/2909/2694 2686/2912/2697
f 2686/2912/2697 2670/2894/2679 2669/2895/2680
f 2683/2908/2693 2682/2907/2692 2684/2910/2695
f 2684/2910/2695 2687/2909/2694 2683/2908/2693
f 2671/2896/2681 2683/2908/2693 2687/2909/2694
f 2687/2909/2694 2669/2895/2680 2671/2896/2681
f 2689/2913/2698 2685/2911/2696 2684/2910/2695
f 2684/2910/2695 2688/2914/2699 2689/2913/2698
f 2688/2914/2699 2684/2910/2695 2682/2907/2692
f 2682/2907/2692 2690/2915/2700 2688/2914/2699
f 2692/2916/2701 2689/2913/2698 2688/2914/2699
f 2688/2914/2699 2691/2917/2702 2692/2916/2701
f 2691/2917/2702 2688/2914/2699 2690/2915/2700
f 2690/2915/2700 2693/2918/2703 2691/2917/2702
f 2695/2919/2704 2679/2905/2690 2678/2904/2689
f 2678/2904/2689 2694/2920/2705 2695/2919/2704
f 2693/2918/2703 2695/2919/2704 2694/2920/2705
f 2694/2920/2705 2696/2921/2706 2693/2918/2703
f 2690/2915/2700 2682/2907/2692 2679/2905/2690
f 2679/2905/2690 2695/2919/2704 2690/2915/2700
f 2693/2918/2703 2690/2915/2700 2695/2919/2704
f 2700/2922/2707 2697/2923/2708 2698/2924/2709
f 2698/2924/2709 2699/2925/2710 2700/2922/2707
f 2696/2921/2706 2700/2922/2707 2699/2925/2710
f 2699/2925/2710 2693/2918/2703 2696/2921/2706
f 2704/2926/2711 2701/2927/2712 2702/2928/2713
f 2702/2928/2713 2703/2929/2714 2704/2926/2711
f 2691/2917/2702 2704/2926/2711 2703/2929/2714
f 2703/2929/2714 2692/2916/2701 2691/2917/2702
f 2699/2925/2710 2698/2924/2709 2701/2927/2712
f 2701/2927/2712 2704/2926/2711 2699/2925/2710
f 2693/2918/2703 2699/2925/2710 2704/2926/2711
f 2704/2926/2711 2691/2917/2702 2693/2918/2703
f 2706/2930/2715 2702/2928/2713 2701/2927/2712
f 2701/2927/2712 2705/2931/2716 2706/2930/2715
f 2705/2931/2716 2701/2927/2712 2698/2924/2709
f 2698/2924/2709 2707/2932/2717 2705/2931/2716
f 2709/2933/2718 2706/2930/2715 2705/2931/2716
f 2705/2931/2716 2708/2934/2719 2709/2933/2718
f 2708/2934/2719 2705/2931/2716 2707/2932/2717
f 2707/2932/2717 2710/2935/2720 2708/2934/2719
f 2707/2932/2717 2698/2924/2709 2697/2923/2708
f 2697/2923/2708 2711/2936/2721 2707/2932/2717
f 2710/2935/2720 2707/2932/2717 2711/2936/2721
f 2711/2936/2721 2712/2937/2722 2710/2935/2720
f 2716/2938/2723 2713/2939/2724 2714/2940/2725
f 2714/2940/2725 2715/2941/2726 2716/2938/2723
f 2715/2941/2726 2714/2940/2725 2717/2942/2727
f 2717/2942/2727 2718/2943/2728 2715/2941/2726
f 2712/2937/2722 2716/2938/2723 2715/2941/2726
f 2715/2941/2726 2710/2935/2720 2712/2937/2722
f 2710/2935/2720 2715/2941/2726 2718/2943/2728
f 2722/2944/2729 2719/2945/2730 2720/2946/2731
f 2720/2946/2731 2721/2947/2732 2722/2944/2729
f 2708/2934/2719 2722/2944/2729 2721/2947/2732
f 2721/2947/2732 2709/2933/2718 2708/2934/2719
f 2718/2943/2728 2717/2942/2727 2719/2945/2730
f 2719/2945/2730 2722/2944/2729 2718/2943/2728
f 2710/2935/2720 2718/2943/2728 2722/2944/2729
f 2722/2944/2729 2708/2934/2719 2710/2935/2720
f 2724/2948/2733 2720/2946/2731 2719/2945/2730
f 2719/2945/2730 2723/2949/2734 2724/2948/2733
f 2723/2949/2734 2719/2945/2730 2717/2942/2727
f 2717/2942/2727 2725/2950/2735 2723/2949/2734
f 2727/2951/2736 2724/2948/2733 2723/2949/2734
f 2723/2949/2734 2726/2952/2737 2727/2951/2736
f 2726/2952/2737 2723/2949/2734 2725/2950/2735
f 2725/2950/2735 2728/2953/2738 2726/2952/2737
f 2730/2954/2739 2714/2940/2725 2713/2939/2724
f 2713/2939/2724 2729/2955/2740 2730/2954/2739
f 2732/2956/2741 2730/2954/2739 2729/2955/2740
f 2729/2955/2740 2731/2957/2742 2732/2956/2741
f 2725/2950/2735 2717/2942/2727 2714/2940/2725
f 2714/2940/2725 2730/2954/2739 2725/2950/2735
f 2728/2953/2738 2725/2950/2735 2730/2954/2739
f 2730/2954/2739 2732/2956/2741 2728/2953/2738
f 2735/2958/2743 2733/2959/2164 2734/2960/2166
f 2731/2957/2742 2735/2958/2743 2734/2960/2166
f 2734/2960/2166 2732/2956/2741 2731/2957/2742
f 2732/2956/2741 2734/2960/2166 2736/2961/2163
f 2736/2961/2163 2728/2953/2738 2732/2956/2741
f 2726/2952/2737 2737/2962/2161 2738/2963/2160
f 2738/2963/2160 2727/2951/2736 2726/2952/2737
f 2728/2953/2738 2736/2961/2163 2737/2962/2161
f 2737/2962/2161 2726/2952/2737 2728/2953/2738
f 2742/2964/2744 2739/2965/2745 2740/2966/2746
f 2740/2966/2746 2741/2967/2747 2742/2964/2744
f 2741/2967/2747 2740/2966/2746 2743/2968/2748
f 2743/2968/2748 2744/2969/2749 2741/2967/2747
f 2746/2970/2750 2742/2964/2744 2741/2967/2747
f 2741/2967/2747 2745/2971/2751 2746/2970/2750
f 2745/2971/2751 2741/2967/2747 2744/2969/2749
f 2744/2969/2749 2747/2972/2752 2745/2971/2751
f 2751/2973/2753 2748/2974/2754 2749/2975/2755
f 2749/2975/2755 2750/2976/2756 2751/2973/2753
f 2753/2977/2757 2751/2973/2753 2750/2976/2756
f 2750/2976/2756 2752/2978/2758 2753/2977/2757
f 2744/2969/2749 2743/2968/2748 2748/2974/2754
f 2748/2974/2754 2751/2973/2753 2744/2969/2749
f 2747/2972/2752 2744/2969/2749 2751/2973/2753
f 2751/2973/2753 2753/2977/2757 2747/2972/2752
f 2757/2979/2759 2754/2980/2760 2755/2981/2761
f 2755/2981/2761 2756/2982/2762 2757/2979/2759
f 2756/2982/2762 2755/2981/2761 2758/2983/2763
f 2758/2983/2763 2759/2984/2764 2756/2982/2762
f 2752/2978/2758 2757/2979/2759 2756/2982/2762
f 2756/2982/2762 2753/2977/2757 2752/2978/2758
f 2753/2977/2757 2756/2982/2762 2759/2984/2764
f 2759/2984/2764 2747/2972/2752 2753/2977/2757
f 2763/2985/2765 2760/2986/2766 2761/2987/2767
f 2761/2987/2767 2762/2988/2768 2763/2985/2765
f 2745/2971/2751 2763/2985/2765 2762/2988/2768
f 2762/2988/2768 2746/2970/2750 2745/2971/2751
f 2759/2984/2764 2758/2983/2763 2760/2986/2766
f 2760/2986/2766 2763/2985/2765 2759/2984/2764
f 2747/2972/2752 2759/2984/2764 2763/2985/2765
f 2763/2985/2765 2745/2971/2751 2747/2972/2752
f 2765/2989/2769 2761/2987/2767 2760/2986/2766
f 2760/2986/2766 2764/2990/2770 2765/2989/2769
f 2764/2990/2770 2760/2986/2766 2758/2983/2763
f 2758/2983/2763 2766/2991/2771 2764/2990/2770
f 2768/2992/2772 2765/2989/2769 2764/2990/2770
f 2764/2990/2770 2767/2993/2773 2768/2992/2772
f 2767/2993/2773 2764/2990/2770 2766/2991/2771
f 2766/2991/2771 2769/2994/2774 2767/2993/2773
f 2766/2991/2771 2755/2981/2761 2754/2980/2760
f 2754/2980/2760 2770/2995/2775 2766/2991/2771
f 2769/2994/2774 2766/2991/2771 2770/2995/2775
f 2770/2995/2775 2771/2996/2776 2769/2994/2774
f 2766/2991/2771 2758/2983/2763 2755/2981/2761
f 2771/2996/2776 2772/2997/2777 2773/2998/2778
f 2773/2998/2778 2769/2994/2774 2771/2996/2776
f 2769/2994/2774 2773/2998/2778 2774/2999/2779
f 2767/2993/2773 2775/3000/2780 2776/3001/2781
f 2776/3001/2781 2768/2992/2772 2767/2993/2773
f 2769/2994/2774 2774/2999/2779 2775/3000/2780
f 2775/3000/2780 2767/2993/2773 2769/2994/2774
f 2780/3002/2782 2777/3003/2783 2778/3004/2784
f 2778/3004/2784 2779/3005/2785 2780/3002/2782
f 2779/3005/2785 2778/3004/2784 2781/3006/2786
f 2781/3006/2786 2782/3007/2787 2779/3005/2785
f 2784/3008/2788 2780/3002/2782 2779/3005/2785
f 2779/3005/2785 2783/3009/2789 2784/3008/2788
f 2783/3009/2789 2779/3005/2785 2782/3007/2787
f 2782/3007/2787 2785/3010/2790 2783/3009/2789
f 2789/3011/2791 2786/3012/2792 2787/3013/2793
f 2787/3013/2793 2788/3014/2794 2789/3011/2791
f 2791/3015/2795 2789/3011/2791 2788/3014/2794
f 2788/3014/2794 2790/3016/2796 2791/3015/2795
f 2782/3007/2787 2781/3006/2786 2786/3012/2792
f 2786/3012/2792 2789/3011/2791 2782/3007/2787
f 2785/3010/2790 2782/3007/2787 2789/3011/2791
f 2789/3011/2791 2791/3015/2795 2785/3010/2790
f 2795/3017/2797 2792/3018/2798 2793/3019/2799
f 2793/3019/2799 2794/3020/2800 2795/3017/2797
f 2794/3020/2800 2793/3019/2799 2796/3021/2801
f 2796/3021/2801 2797/3022/2802 2794/3020/2800
f 2790/3016/2796 2795/3017/2797 2794/3020/2800
f 2794/3020/2800 2791/3015/2795 2790/3016/2796
f 2791/3015/2795 2794/3020/2800 2797/3022/2802
f 2797/3022/2802 2785/3010/2790 2791/3015/2795
f 2801/3023/2803 2798/3024/2804 2799/3025/2805
f 2799/3025/2805 2800/3026/2806 2801/3023/2803
f 2783/3009/2789 2801/3023/2803 2800/3026/2806
f 2800/3026/2806 2784/3008/2788 2783/3009/2789
f 2797/3022/2802 2796/3021/2801 2798/3024/2804
f 2798/3024/2804 2801/3023/2803 2797/3022/2802
f 2785/3010/2790 2797/3022/2802 2801/3023/2803
f 2801/3023/2803 2783/3009/2789 2785/3010/2790
f 2803/3027/2807 2799/3025/2805 2798/3024/2804
f 2798/3024/2804 2802/3028/2808 2803/3027/2807
f 2802/3028/2808 2798/3024/2804 2796/3021/2801
f 2796/3021/2801 2804/3029/2809 2802/3028/2808
f 2806/3030/2810 2803/3027/2807 2802/3028/2808
f 2802/3028/2808 2805/3031/2811 2806/3030/2810
f 2805/3031/2811 2802/3028/2808 2804/3029/2809
f 2804/3029/2809 2807/3032/2812 2805/3031/2811
f 2809/3033/2813 2793/3019/2799 2792/3018/2798
f 2792/3018/2798 2808/3034/2814 2809/3033/2813
f 2811/3035/2815 2809/3033/2813 2808/3034/2814
f 2808/3034/2814 2810/3036/2816 2811/3035/2815
f 2804/3029/2809 2796/3021/2801 2793/3019/2799
f 2793/3019/2799 2809/3033/2813 2804/3029/2809
f 2807/3032/2812 2804/3029/2809 2809/3033/2813
f 2809/3033/2813 2811/3035/2815 2807/3032/2812
f 2815/3037/2817 2812/3038/2818 2813/3039/2819
f 2813/3039/2819 2814/3040/2820 2815/3037/2817
f 2814/3040/2820 2813/3039/2819 2816/3041/2821
f 2816/3041/2821 2817/3042/2822 2814/3040/2820
f 2810/3036/2816 2815/3037/2817 2814/3040/2820
f 2814/3040/2820 2811/3035/2815 2810/3036/2816
f 2811/3035/2815 2814/3040/2820 2817/3042/2822
f 2817/3042/2822 2807/3032/2812 2811/3035/2815
f 2821/3043/2823 2818/3044/2824 2819/3045/2825
f 2819/3045/2825 2820/3046/2826 2821/3043/2823
f 2805/3031/2811 2821/3043/2823 2820/3046/2826
f 2820/3046/2826 2806/3030/2810 2805/3031/2811
f 2817/3042/2822 2816/3041/2821 2818/3044/2824
f 2818/3044/2824 2821/3043/2823 2817/3042/2822
f 2807/3032/2812 2817/3042/2822 2821/3043/2823
f 2821/3043/2823 2805/3031/2811 2807/3032/2812
f 2823/3047/2827 2819/3045/2825 2818/3044/2824
f 2818/3044/2824 2822/3048/2828 2823/3047/2827
f 2822/3048/2828 2818/3044/2824 2816/3041/2821
f 2816/3041/2821 2824/3049/2829 2822/3048/2828
f 2826/3050/2830 2823/3047/2827 2822/3048/2828
f 2822/3048/2828 2825/3051/2831 2826/3050/2830
f 2825/3051/2831 2822/3048/2828 2824/3049/2829
f 2824/3049/2829 2827/3052/2832 2825/3051/2831
f 2829/3053/2833 2813/3039/2819 2812/3038/2818
f 2812/3038/2818 2828/3054/2834 2829/3053/2833
f 2831/3055/2835 2829/3053/2833 2828/3054/2834
f 2828/3054/2834 2830/3056/2836 2831/3055/2835
f 2824/3049/2829 2816/3041/2821 2813/3039/2819
f 2813/3039/2819 2829/3053/2833 2824/3049/2829
f 2827/3052/2832 2824/3049/2829 2829/3053/2833
f 2829/3053/2833 2831/3055/2835 2827/3052/2832
f 2833/3057/2837 2673/2899/2684 2672/2898/2683
f 2672/2898/2683 2832/3058/2838 2833/3057/2837
f 2832/3058/2838 2672/2898/2683 2667/2892/2677
f 2667/2892/2677 2834/3059/2839 2832/3058/2838
f 2830/3056/2836 2833/3057/2837 2832/3058/2838
f 2832/3058/2838 2831/3055/2835 2830/3056/2836
f 2831/3055/2835 2832/3058/2838 2834/3059/2839
f 2834/3059/2839 2827/3052/2832 2831/3055/2835
f 2836/3060/2840 2664/2890/2675 2663/2889/2674
f 2663/2889/2674 2835/3061/2841 2836/3060/2840
f 2825/3051/2831 2836/3060/2840 2835/3061/2841
f 2835/3061/2841 2826/3050/2830 2825/3051/2831
f 2834/3059/2839 2667/2892/2677 2664/2890/2675
f 2664/2890/2675 2836/3060/2840 2834/3059/2839
f 2827/3052/2832 2834/3059/2839 2836/3060/2840
f 2836/3060/2840 2825/3051/2831 2827/3052/2832
f 2264/3062/2271 2838/3063/2842 2837/3064/2272
f 2840/3065/2843 2837/3064/2272 2838/3063/2842
f 2838/3063/2842 2839/3066/2844 2840/3065/2843
f 2271/3067/2280 2841/3068/2845 2838/3063/2842
f 2838/3063/2842 2264/3062/2271 2271/3067/2280
f 2841/3068/2845 2842/3069/2846 2839/3066/2844
f 2839/3066/2844 2838/3063/2842 2841/3068/2845
f 2844/3070/2847 2409/2633/2418 2403/2629/2414
f 2403/2629/2414 2843/3071/2848 2844/3070/2847
f 2842/3069/2846 2844/3070/2847 2843/3071/2848
f 2843/3071/2848 2839/3066/2844 2842/3069/2846
f 2402/2628/2413 2845/3072/2849 2843/3071/2848
f 2843/3071/2848 2403/2629/2414 2402/2628/2413
f 2845/3072/2849 2840/3065/2843 2839/3066/2844
f 2839/3066/2844 2843/3071/2848 2845/3072/2849
f 2274/2496/2281 2846/3073/2850 2272/2497/2282
f 2847/3074/2851 2272/2497/2282 2846/3073/2850
f 2281/2505/2290 2848/3075/2852 2846/3073/2850
f 2846/3073/2850 2274/2496/2281 2281/2505/2290
f 2848/3075/2852 2849/3076/2853 2846/3073/2850
f 2851/3077/2854 2527/2751/2536 2521/2747/2532
f 2521/2747/2532 2850/3078/2855 2851/3077/2854
f 2849/3076/2853 2851/3077/2854 2850/3078/2855
f 2850/3078/2855 2846/3073/2850 2849/3076/2853
f 2520/2746/2531 2852/3079/2856 2850/3078/2855
f 2850/3078/2855 2521/2747/2532 2520/2746/2531
f 2852/3079/2856 2847/3074/2851 2846/3073/2850
f 2846/3073/2850 2850/3078/2855 2852/3079/2856
f 2854/3080/2857 2282/2507/2292 2283/2506/2291
f 2283/2506/2291 2853/3081/2858 2854/3080/2857
f 2856/3082/2859 2854/3080/2857 2853/3081/2858
f 2853/3081/2858 2855/3083/2860 2856/3082/2859
f 2853/3081/2858 2283/2506/2291 2291/2515/2300
f 2291/2515/2300 2857/3084/2861 2855/3083/2860
f 2855/3083/2860 2853/3081/2858 2291/2515/2300
f 2859/3085/2862 2634/2858/2643 2628/2854/2639
f 2628/2854/2639 2858/3086/2863 2859/3085/2862
f 2857/3084/2861 2859/3085/2862 2858/3086/2863
f 2858/3086/2863 2855/3083/2860 2857/3084/2861
f 2627/2853/2638 2860/3087/2864 2858/3086/2863
f 2858/3086/2863 2628/2854/2639 2627/2853/2638
f 2860/3087/2864 2856/3082/2859 2855/3083/2860
f 2855/3083/2860 2858/3086/2863 2860/3087/2864
f 2862/3088/2865 2292/2517/2302 2293/2516/2301
f 2293/2516/2301 2861/3089/2866 2862/3088/2865
f 2861/3089/2866 2293/2516/2301 2297/2521/2306
f 2864/3090/2867 2862/3088/2865 2861/3089/2866
f 2861/3089/2866 2863/3091/2868 2864/3090/2867
f 2863/3091/2868 2861/3089/2866 2297/2521/2306
f 2297/2521/2306 2865/3092/2869 2863/3091/2868
f 2866/3093/2870 2308/2530/2315 2307/2532/2317
f 2868/3094/2871 2866/3093/2870 2307/2532/2317
f 2307/2532/2317 2867/3095/2872 2868/3094/2871
f 2308/2530/2315 2866/3093/2870 2297/2521/2306
f 2865/3092/2869 2297/2521/2306 2866/3093/2870
f 2866/3093/2870 2868/3094/2871 2865/3092/2869
f 2870/3096/2873 2749/2975/2755 2748/2974/2754
f 2748/2974/2754 2869/3097/2874 2870/3096/2873
f 2869/3097/2874 2748/2974/2754 2743/2968/2748
f 2743/2968/2748 2871/3098/2875 2869/3097/2874
f 2867/3095/2872 2870/3096/2873 2869/3097/2874
f 2869/3097/2874 2868/3094/2871 2867/3095/2872
f 2868/3094/2871 2869/3097/2874 2871/3098/2875
f 2871/3098/2875 2865/3092/2869 2868/3094/2871
f 2873/3099/2876 2740/2966/2746 2739/2965/2745
f 2739/2965/2745 2872/3100/2877 2873/3099/2876
f 2863/3091/2868 2873/3099/2876 2872/3100/2877
f 2872/3100/2877 2864/3090/2867 2863/3091/2868
f 2871/3098/2875 2743/2968/2748 2740/2966/2746
f 2740/2966/2746 2873/3099/2876 2871/3098/2875
f 2865/3092/2869 2871/3098/2875 2873/3099/2876
f 2873/3099/2876 2863/3091/2868 2865/3092/2869
f 2877/3101/2878 2874/3102/2879 2875/3103/2880
f 2875/3103/2880 2876/3104/2881 2877/3101/2878
f 2879/3105/2882 2877/3101/2878 2876/3104/2881
f 2876/3104/2881 2878/2623/2408 2879/3105/2882
f 2881/3106/2883 2880/3107/2884 2876/3104/2881
f 2876/3104/2881 2875/3103/2880 2881/3106/2883
f 2880/3107/2884 2882/3108/2885 2878/2623/2408
f 2878/2623/2408 2876/3104/2881 2880/3107/2884
f 2882/3108/2885 2398/2625/2410 2878/2623/2408
f 2396/2622/2407 2879/3105/2882 2878/2623/2408
f 2886/3109/2886 2883/3110/2887 2884/3111/2888
f 2884/3111/2888 2885/3112/2889 2886/3109/2886
f 2888/3113/2890 2886/3109/2886 2885/3112/2889
f 2885/3112/2889 2887/3114/2891 2888/3113/2890
f 2890/3115/2892 2889/3116/2893 2885/3112/2889
f 2885/3112/2889 2884/3111/2888 2890/3115/2892
f 2889/3116/2893 2891/3117/2894 2887/3114/2891
f 2887/3114/2891 2885/3112/2889 2889/3116/2893
f 2893/3118/2895 2611/2835/2620 2605/2831/2616
f 2605/2831/2616 2892/3119/2896 2893/3118/2895
f 2891/3117/2894 2893/3118/2895 2892/3119/2896
f 2892/3119/2896 2887/3114/2891 2891/3117/2894
f 2604/2830/2615 2894/3120/2897 2892/3119/2896
f 2892/3119/2896 2605/2831/2616 2604/2830/2615
f 2894/3120/2897 2888/3113/2890 2887/3114/2891
f 2887/3114/2891 2892/3119/2896 2894/3120/2897
f 2898/3121/2898 2895/3122/2899 2896/3123/2900
f 2896/3123/2900 2897/3124/2901 2898/3121/2898
f 2900/3125/2902 2898/3121/2898 2897/3124/2901
f 2897/3124/2901 2899/3126/2903 2900/3125/2902
f 2902/3127/2904 2901/3128/2905 2897/3124/2901
f 2897/3124/2901 2896/3123/2900 2902/3127/2904
f 2901/3128/2905 2903/3129/2906 2899/3126/2903
f 2899/3126/2903 2897/3124/2901 2901/3128/2905
f 2905/3130/2907 2658/2883/2668 2655/2879/2664
f 2655/2879/2664 2904/3131/2908 2905/3130/2907
f 2903/3129/2906 2905/3130/2907 2904/3131/2908
f 2904/3131/2908 2899/3126/2903 2903/3129/2906
f 2654/2881/2666 2906/3132/2909 2904/3131/2908
f 2904/3131/2908 2655/2879/2664 2654/2881/2666
f 2906/3132/2909 2900/3125/2902 2899/3126/2903
f 2899/3126/2903 2904/3131/2908 2906/3132/2909
f 2908/3133/2910 3972/3134/2911 3973/3135/2912
f 3973/3135/2912 2907/3136/2913 2908/3133/2910
f 2907/3136/2913 3973/3135/2912 2909/3137/2914
f 2911/3138/2915 2908/3133/2910 2907/3136/2913
f 2907/3136/2913 2910/3139/2916 2911/3138/2915
f 2910/3139/2916 2907/3136/2913 2909/3137/2914
f 2909/3137/2914 2912/3140/2917 2910/3139/2916
f 2914/3141/2918 3975/3142/2919 3974/3143/2920
f 3974/3143/2920 2913/3144/2921 2914/3141/2918
f 2916/3145/2922 2914/3141/2918 2913/3144/2921
f 2913/3144/2921 2915/3146/2923 2916/3145/2922
f 3975/3142/2919 2914/3141/2918 2909/3137/2914
f 2912/3140/2917 2909/3137/2914 2914/3141/2918
f 2914/3141/2918 2916/3145/2922 2912/3140/2917
f 2918/3147/2924 2787/3013/2793 2786/3012/2792
f 2786/3012/2792 2917/3148/2925 2918/3147/2924
f 2917/3148/2925 2786/3012/2792 2781/3006/2786
f 2781/3006/2786 2919/3149/2926 2917/3148/2925
f 2915/3146/2923 2918/3147/2924 2917/3148/2925
f 2917/3148/2925 2916/3145/2922 2915/3146/2923
f 2916/3145/2922 2917/3148/2925 2919/3149/2926
f 2919/3149/2926 2912/3140/2917 2916/3145/2922
f 2921/3150/2927 2778/3004/2784 2777/3003/2783
f 2777/3003/2783 2920/3151/2928 2921/3150/2927
f 2910/3139/2916 2921/3150/2927 2920/3151/2928
f 2920/3151/2928 2911/3138/2915 2910/3139/2916
f 2919/3149/2926 2781/3006/2786 2778/3004/2784
f 2778/3004/2784 2921/3150/2927 2919/3149/2926
f 2912/3140/2917 2919/3149/2926 2921/3150/2927
f 2921/3150/2927 2910/3139/2916 2912/3140/2917
f 2924/3152/2929 1811/2027/1812 2922/3153/2930
f 2922/3153/2930 2923/3154/2931 2924/3152/2929
f 2926/3155/2932 2924/3152/2929 2923/3154/2931
f 2923/3154/2931 2925/3156/2933 2926/3155/2932
f 2930/3157/2934 2927/3158/2935 2928/3159/2936
f 2928/3159/2936 2929/3160/2937 2930/3157/2934
f 2923/3154/2931 2922/3153/2930 2927/3158/2935
f 2925/3156/2933 2923/3154/2931 2927/3158/2935
f 2927/3158/2935 2930/3157/2934 2925/3156/2933
f 2934/3161/2938 2931/3162/2939 2932/3163/2940
f 2932/3163/2940 2933/3164/2941 2934/3161/2938
f 2933/3164/2941 2932/3163/2940 2935/3165/2942
f 2935/3165/2942 2936/3166/2943 2933/3164/2941
f 2929/3160/2937 2934/3161/2938 2933/3164/2941
f 2933/3164/2941 2930/3157/2934 2929/3160/2937
f 2930/3157/2934 2933/3164/2941 2936/3166/2943
f 2936/3166/2943 2925/3156/2933 2930/3157/2934
f 2938/3167/2944 2937/3168/2945 2936/3166/2943
f 2936/3166/2943 2935/3165/2942 2938/3167/2944
f 2937/3168/2945 2926/3155/2932 2925/3156/2933
f 2925/3156/2933 2936/3166/2943 2937/3168/2945
f 2941/3169/2946 1814/2029/1814 2939/3170/2947
f 2939/3170/2947 2940/3171/2948 2941/3169/2946
f 2940/3171/2948 2939/3170/2947 2942/3172/2949
f 2942/3172/2949 2943/3173/2950 2940/3171/2948
f 2947/3174/2951 2944/3175/2952 2945/3176/2953
f 2945/3176/2953 2946/3177/2954 2947/3174/2951
f 2943/3173/2950 2942/3172/2949 2944/3175/2952
f 2944/3175/2952 2947/3174/2951 2943/3173/2950
f 2949/3178/2955 2962/3179/2956 2965/3180/2957
f 2965/3180/2957 2948/3181/2958 2949/3178/2955
f 2948/3181/2958 2965/3180/2957 2960/3182/2959
f 2960/3182/2959 2950/3183/2960 2948/3181/2958
f 2946/3177/2954 2949/3178/2955 2948/3181/2958
f 2948/3181/2958 2947/3174/2951 2946/3177/2954
f 2947/3174/2951 2948/3181/2958 2950/3183/2960
f 2950/3183/2960 2943/3173/2950 2947/3174/2951
f 2952/3184/2961 2941/3169/2946 2940/3171/2948
f 2950/3183/2960 2960/3182/2959 2951/3185/2962
f 2951/3185/2962 2952/3184/2961 2950/3183/2960
f 2943/3173/2950 2950/3183/2960 2952/3184/2961
f 2952/3184/2961 2940/3171/2948 2943/3173/2950
f 2955/3186/2963 2022/2240/2025 2953/3187/2964
f 2953/3187/2964 2954/3188/2965 2955/3186/2963
f 2957/3189/2966 2955/3186/2963 2954/3188/2965
f 2954/3188/2965 2956/3190/2967 2957/3189/2966
f 2959/3191/2968 2958/3192/2969 2951/3193/2962
f 2961/3194/2970 2959/3191/2968 2951/3193/2962
f 2951/3193/2962 2960/3195/2959 2961/3194/2970
f 2954/3188/2965 2953/3187/2964 2958/3192/2969
f 2958/3192/2969 2959/3191/2968 2954/3188/2965
f 2956/3190/2967 2954/3188/2965 2959/3191/2968
f 2959/3191/2968 2961/3194/2970 2956/3190/2967
f 2965/3196/2957 2962/3197/2956 2963/3198/2971
f 2963/3198/2971 2964/3199/2972 2965/3196/2957
f 2964/3199/2972 2963/3198/2971 2966/3200/2973
f 2966/3200/2973 2967/3201/2974 2964/3199/2972
f 2960/3195/2959 2965/3196/2957 2964/3199/2972
f 2964/3199/2972 2961/3194/2970 2960/3195/2959
f 2961/3194/2970 2964/3199/2972 2967/3201/2974
f 2967/3201/2974 2956/3190/2967 2961/3194/2970
f 2969/3202/2975 2968/3203/2976 2967/3201/2974
f 2967/3201/2974 2966/3200/2973 2969/3202/2975
f 2968/3203/2976 2957/3189/2966 2956/3190/2967
f 2956/3190/2967 2967/3201/2974 2968/3203/2976
f 2972/3204/2977 2074/2292/2077 2970/3205/2978
f 2970/3205/2978 2971/3206/2979 2972/3204/2977
f 2973/3207/2980 2972/3204/2977 2971/3206/2979
f 2977/3208/2981 2974/3209/2982 2975/3210/2983
f 2975/3210/2983 2976/3211/2984 2977/3208/2981
f 2978/3212/2985 2977/3208/2981 2976/3211/2984
f 2976/3211/2984 2994/3213/2986 2978/3212/2985
f 2971/3206/2979 2970/3205/2978 2974/3209/2982
f 2974/3209/2982 2977/3208/2981 2971/3206/2979
f 2977/3208/2981 2978/3212/2985 2971/3206/2979
f 2992/3214/2987 2931/3215/2939 2979/3216/2988
f 2979/3216/2988 2980/3217/2989 2992/3214/2987
f 2980/3217/2989 2979/3216/2988 2981/3218/2990
f 2981/3218/2990 2982/3219/2991 2980/3217/2989
f 2994/3213/2986 2992/3214/2987 2980/3217/2989
f 2980/3217/2989 2978/3212/2985 2994/3213/2986
f 2978/3212/2985 2980/3217/2989 2982/3219/2991
f 2982/3219/2991 2971/3206/2979 2978/3212/2985
f 2984/3220/2992 2983/3221/2993 2982/3219/2991
f 2982/3219/2991 2981/3218/2990 2984/3220/2992
f 2983/3221/2993 2973/3207/2980 2971/3206/2979
f 2971/3206/2979 2982/3219/2991 2983/3221/2993
f 2987/3222/2994 2309/2534/2319 2985/3223/2995
f 2985/3223/2995 2986/3224/2996 2987/3222/2994
f 2986/3224/2996 2985/3223/2995 2988/3225/2997
f 2988/3225/2997 2989/3226/2998 2986/3224/2996
f 2991/3227/2999 2990/3228/3000 2938/3167/2944
f 2938/3167/2944 2935/3165/2942 2991/3227/2999
f 2989/3226/2998 2988/3225/2997 2990/3228/3000
f 2990/3228/3000 2991/3227/2999 2989/3226/2998
f 2932/3163/2940 2931/3162/2939 2992/3229/2987
f 2992/3229/2987 2993/3230/3001 2932/3163/2940
f 2993/3230/3001 2992/3229/2987 2994/3231/2986
f 2994/3231/2986 2995/3232/3002 2993/3230/3001
f 2935/3165/2942 2932/3163/2940 2993/3230/3001
f 2993/3230/3001 2991/3227/2999 2935/3165/2942
f 2991/3227/2999 2993/3230/3001 2995/3232/3002
f 2995/3232/3002 2989/3226/2998 2991/3227/2999
f 2997/3233/3003 2976/3234/2984 2975/3235/2983
f 2975/3235/2983 2996/3236/3004 2997/3233/3003
f 2986/3224/2996 2997/3233/3003 2996/3236/3004
f 2996/3236/3004 2987/3222/2994 2986/3224/2996
f 2995/3232/3002 2994/3231/2986 2976/3234/2984
f 2976/3234/2984 2997/3233/3003 2995/3232/3002
f 2989/3226/2998 2995/3232/3002 2997/3233/3003
f 2997/3233/3003 2986/3224/2996 2989/3226/2998
f 3000/3237/3005 2317/2540/2325 2998/3238/3006
f 2998/3238/3006 2999/3239/3007 3000/3237/3005
f 3002/3240/3008 3000/3237/3005 2999/3239/3007
f 2999/3239/3007 3001/3241/3009 3002/3240/3008
f 3005/3242/3010 3003/3243/3011 3020/3244/3012
f 3020/3244/3012 3004/3245/3013 3005/3242/3010
f 3007/3246/3014 3005/3242/3010 3004/3245/3013
f 3004/3245/3013 3006/3247/3015 3007/3246/3014
f 2999/3239/3007 2998/3238/3006 3003/3243/3011
f 3003/3243/3011 3005/3242/3010 2999/3239/3007
f 3001/3241/3009 2999/3239/3007 3005/3242/3010
f 3005/3242/3010 3007/3246/3014 3001/3241/3009
f 3009/3248/3016 2962/3179/2956 2949/3178/2955
f 2949/3178/2955 3008/3249/3017 3009/3248/3016
f 3008/3249/3017 2949/3178/2955 2946/3177/2954
f 2946/3177/2954 3010/3250/3018 3008/3249/3017
f 3006/3247/3015 3009/3248/3016 3008/3249/3017
f 3008/3249/3017 3007/3246/3014 3006/3247/3015
f 3007/3246/3014 3008/3249/3017 3010/3250/3018
f 3010/3250/3018 3001/3241/3009 3007/3246/3014
f 2945/3176/2953 3011/3251/3019 3010/3250/3018
f 3010/3250/3018 2946/3177/2954 2945/3176/2953
f 3011/3251/3019 3002/3240/3008 3001/3241/3009
f 3001/3241/3009 3010/3250/3018 3011/3251/3019
f 3014/3252/3020 2318/2542/2327 3012/3253/3021
f 3012/3253/3021 3013/3254/3022 3014/3252/3020
f 3013/3254/3022 3012/3253/3021 3015/3255/3023
f 3017/3256/3024 3016/3257/3025 2969/3202/2975
f 2969/3202/2975 2966/3200/2973 3017/3256/3024
f 3013/3254/3022 3015/3255/3023 3016/3257/3025
f 3016/3257/3025 3017/3256/3024 3013/3254/3022
f 2963/3198/2971 2962/3197/2956 3009/3258/3016
f 3009/3258/3016 3018/3259/3026 2963/3198/2971
f 3018/3259/3026 3009/3258/3016 3006/3260/3015
f 3006/3260/3015 3019/3261/3027 3018/3259/3026
f 2966/3200/2973 2963/3198/2971 3018/3259/3026
f 3018/3259/3026 3017/3256/3024 2966/3200/2973
f 3017/3256/3024 3018/3259/3026 3019/3261/3027
f 3019/3261/3027 3013/3254/3022 3017/3256/3024
f 3022/3262/3028 3004/3263/3013 3020/3264/3012
f 3020/3264/3012 3021/3265/3029 3022/3262/3028
f 3013/3254/3022 3022/3262/3028 3021/3265/3029
f 3021/3265/3029 3014/3252/3020 3013/3254/3022
f 3019/3261/3027 3006/3260/3015 3004/3263/3013
f 3004/3263/3013 3022/3262/3028 3019/3261/3027
f 3013/3254/3022 3019/3261/3027 3022/3262/3028
f 3025/3266/3030 2330/2554/2339 3023/3267/3031
f 3023/3267/3031 3024/3268/3032 3025/3266/3030
f 3024/3268/3032 3023/3267/3031 3026/3269/3033
f 3026/3269/3033 3027/3270/3034 3024/3268/3032
f 3029/3271/3035 3028/3272/3036 2984/3220/2992
f 2984/3220/2992 2981/3218/2990 3029/3271/3035
f 3027/3270/3034 3026/3269/3033 3028/3272/3036
f 3028/3272/3036 3029/3271/3035 3027/3270/3034
f 2979/3216/2988 2931/3215/2939 2934/3273/2938
f 2934/3273/2938 3030/3274/3037 2979/3216/2988
f 3030/3274/3037 2934/3273/2938 2929/3275/2937
f 2929/3275/2937 3031/3276/3038 3030/3274/3037
f 2981/3218/2990 2979/3216/2988 3030/3274/3037
f 3030/3274/3037 3029/3271/3035 2981/3218/2990
f 3029/3271/3035 3030/3274/3037 3031/3276/3038
f 3031/3276/3038 3027/3270/3034 3029/3271/3035
f 2928/3277/2936 3032/3278/3039 3033/3279/3040
f 3024/3268/3032 3033/3279/3040 3032/3278/3039
f 3032/3278/3039 3025/3266/3030 3024/3268/3032
f 3031/3276/3038 2929/3275/2937 2928/3277/2936
f 2928/3277/2936 3033/3279/3040 3031/3276/3038
f 3027/3270/3034 3031/3276/3038 3033/3279/3040
f 3033/3279/3040 3024/3268/3032 3027/3270/3034
f 3036/3280/3041 2390/2616/2401 3034/3281/3042
f 3034/3281/3042 3035/3282/3043 3036/3280/3041
f 3038/3283/3044 3036/3280/3041 3035/3282/3043
f 3035/3282/3043 3037/3284/3045 3038/3283/3044
f 3040/3285/3046 3039/3286/3047 3077/3287/3048
f 3077/3287/3048 3075/3288/3049 3040/3285/3046
f 3035/3282/3043 3034/3281/3042 3039/3286/3047
f 3037/3284/3045 3035/3282/3043 3039/3286/3047
f 3039/3286/3047 3040/3285/3046 3037/3284/3045
f 3044/3289/3050 3041/3290/3051 3042/3291/3052
f 3042/3291/3052 3043/3292/3053 3044/3289/3050
f 3043/3292/3053 3042/3291/3052 3045/3293/3054
f 3045/3293/3054 3046/3294/3055 3043/3292/3053
f 3075/3288/3049 3044/3289/3050 3043/3292/3053
f 3043/3292/3053 3040/3285/3046 3075/3288/3049
f 3040/3285/3046 3043/3292/3053 3046/3294/3055
f 3046/3294/3055 3037/3284/3045 3040/3285/3046
f 3048/3295/3056 3047/3296/3057 3046/3294/3055
f 3046/3294/3055 3045/3293/3054 3048/3295/3056
f 3047/3296/3057 3038/3283/3044 3037/3284/3045
f 3037/3284/3045 3046/3294/3055 3047/3296/3057
f 3051/3297/3058 2395/2619/2404 3049/3298/3059
f 3049/3298/3059 3050/3299/3060 3051/3297/3058
f 3050/3299/3060 3049/3298/3059 3052/3300/3061
f 3052/3300/3061 3053/3301/3062 3050/3299/3060
f 3057/3302/3063 3054/3303/3064 3055/3304/3065
f 3055/3304/3065 3056/3305/3066 3057/3302/3063
f 3053/3301/3062 3052/3300/3061 3054/3303/3064
f 3054/3303/3064 3057/3302/3063 3053/3301/3062
f 3059/3306/3067 3088/3307/3068 3143/3308/3069
f 3143/3308/3069 3058/3309/3070 3059/3306/3067
f 3058/3309/3070 3143/3308/3069 3060/3310/3071
f 3060/3310/3071 3061/3311/3072 3058/3309/3070
f 3056/3305/3066 3059/3306/3067 3058/3309/3070
f 3058/3309/3070 3057/3302/3063 3056/3305/3066
f 3057/3302/3063 3058/3309/3070 3061/3311/3072
f 3061/3311/3072 3053/3301/3062 3057/3302/3063
f 3063/3312/3073 3051/3297/3058 3050/3299/3060
f 3061/3311/3072 3060/3310/3071 3062/3313/3074
f 3062/3313/3074 3063/3312/3073 3061/3311/3072
f 3053/3301/3062 3061/3311/3072 3063/3312/3073
f 3063/3312/3073 3050/3299/3060 3053/3301/3062
f 3066/3314/3075 2603/2827/2612 3064/3315/3076
f 3064/3315/3076 3065/3316/3077 3066/3314/3075
f 3065/3316/3077 3064/3315/3076 3067/3317/3078
f 3067/3317/3078 3068/3318/3079 3065/3316/3077
f 3072/3319/3080 3069/3320/3081 3070/3321/3082
f 3070/3321/3082 3071/3322/3083 3072/3319/3080
f 3068/3318/3079 3067/3317/3078 3069/3320/3081
f 3069/3320/3081 3072/3319/3080 3068/3318/3079
f 3074/3323/3084 3041/3324/3051 3044/3325/3050
f 3044/3325/3050 3073/3326/3085 3074/3323/3084
f 3073/3326/3085 3044/3325/3050 3075/3327/3049
f 3075/3327/3049 3076/3328/3086 3073/3326/3085
f 3071/3322/3083 3074/3323/3084 3073/3326/3085
f 3073/3326/3085 3072/3319/3080 3071/3322/3083
f 3072/3319/3080 3073/3326/3085 3076/3328/3086
f 3076/3328/3086 3068/3318/3079 3072/3319/3080
f 3077/3329/3048 3078/3330/3087 3079/3331/3088
f 3065/3316/3077 3079/3331/3088 3078/3330/3087
f 3078/3330/3087 3066/3314/3075 3065/3316/3077
f 3076/3328/3086 3075/3327/3049 3077/3329/3048
f 3077/3329/3048 3079/3331/3088 3076/3328/3086
f 3068/3318/3079 3076/3328/3086 3079/3331/3088
f 3079/3331/3088 3065/3316/3077 3068/3318/3079
f 3082/3332/3089 2653/2877/2662 3080/3333/3090
f 3080/3333/3090 3081/3334/3091 3082/3332/3089
f 3081/3334/3091 3080/3333/3090 3083/3335/3092
f 3087/3336/3093 3084/3337/3094 3085/3338/3095
f 3085/3338/3095 3086/3339/3096 3087/3336/3093
f 3081/3334/3091 3083/3335/3092 3084/3337/3094
f 3084/3337/3094 3087/3336/3093 3081/3334/3091
f 3090/3340/3097 3088/3341/3068 3106/3342/3098
f 3106/3342/3098 3089/3343/3099 3090/3340/3097
f 3089/3343/3099 3106/3342/3098 3091/3344/3100
f 3091/3344/3100 3092/3345/3101 3089/3343/3099
f 3086/3339/3096 3090/3340/3097 3089/3343/3099
f 3089/3343/3099 3087/3336/3093 3086/3339/3096
f 3087/3336/3093 3089/3343/3099 3092/3345/3101
f 3092/3345/3101 3081/3334/3091 3087/3336/3093
f 3094/3346/3102 3102/3347/3103 3101/3348/3104
f 3101/3348/3104 3093/3349/3105 3094/3346/3102
f 3081/3334/3091 3094/3346/3102 3093/3349/3105
f 3093/3349/3105 3082/3332/3089 3081/3334/3091
f 3092/3345/3101 3091/3344/3100 3102/3347/3103
f 3102/3347/3103 3094/3346/3102 3092/3345/3101
f 3081/3334/3091 3092/3345/3101 3094/3346/3102
f 3097/3350/3106 2874/3102/2879 3095/3351/3107
f 3095/3351/3107 3096/3352/3108 3097/3350/3106
f 3099/3353/3109 3097/3350/3106 3096/3352/3108
f 3096/3352/3108 3098/3354/3110 3099/3353/3109
f 3103/3355/3111 3100/3356/3112 3101/3357/3104
f 3101/3357/3104 3102/3358/3103 3103/3355/3111
f 3104/3359/3113 3103/3355/3111 3102/3358/3103
f 3102/3358/3103 3091/3360/3100 3104/3359/3113
f 3096/3352/3108 3095/3351/3107 3100/3356/3112
f 3100/3356/3112 3103/3355/3111 3096/3352/3108
f 3098/3354/3110 3096/3352/3108 3103/3355/3111
f 3103/3355/3111 3104/3359/3113 3098/3354/3110
f 3106/3361/3098 3088/3307/3068 3059/3306/3067
f 3059/3306/3067 3105/3362/3114 3106/3361/3098
f 3105/3362/3114 3059/3306/3067 3056/3305/3066
f 3056/3305/3066 3107/3363/3115 3105/3362/3114
f 3091/3360/3100 3106/3361/3098 3105/3362/3114
f 3105/3362/3114 3104/3359/3113 3091/3360/3100
f 3104/3359/3113 3105/3362/3114 3107/3363/3115
f 3107/3363/3115 3098/3354/3110 3104/3359/3113
f 3055/3304/3065 3108/3364/3116 3107/3363/3115
f 3107/3363/3115 3056/3305/3066 3055/3304/3065
f 3108/3364/3116 3099/3353/3109 3098/3354/3110
f 3098/3354/3110 3107/3363/3115 3108/3364/3116
f 3111/3365/3117 2881/3106/2883 3109/3366/3118
f 3109/3366/3118 3110/3367/3119 3111/3365/3117
f 3110/3367/3119 3109/3366/3118 3112/3368/3120
f 3112/3368/3120 3113/3369/3121 3110/3367/3119
f 3115/3370/3122 3114/3371/3123 3048/3295/3056
f 3048/3295/3056 3045/3293/3054 3115/3370/3122
f 3113/3369/3121 3112/3368/3120 3114/3371/3123
f 3114/3371/3123 3115/3370/3122 3113/3369/3121
f 3042/3291/3052 3041/3290/3051 3116/3372/3124
f 3116/3372/3124 3117/3373/3125 3042/3291/3052
f 3117/3373/3125 3116/3372/3124 3118/3374/3126
f 3118/3374/3126 3119/3375/3127 3117/3373/3125
f 3045/3293/3054 3042/3291/3052 3117/3373/3125
f 3117/3373/3125 3115/3370/3122 3045/3293/3054
f 3115/3370/3122 3117/3373/3125 3119/3375/3127
f 3119/3375/3127 3113/3369/3121 3115/3370/3122
f 3121/3376/3128 3128/3377/3129 3127/3378/3130
f 3127/3378/3130 3120/3379/3131 3121/3376/3128
f 3110/3367/3119 3121/3376/3128 3120/3379/3131
f 3120/3379/3131 3111/3365/3117 3110/3367/3119
f 3119/3375/3127 3118/3374/3126 3128/3377/3129
f 3128/3377/3129 3121/3376/3128 3119/3375/3127
f 3113/3369/3121 3119/3375/3127 3121/3376/3128
f 3121/3376/3128 3110/3367/3119 3113/3369/3121
f 3124/3380/3132 2883/3110/2887 3122/3381/3133
f 3122/3381/3133 3123/3382/3134 3124/3380/3132
f 3125/3383/3135 3124/3380/3132 3123/3382/3134
f 3129/3384/3136 3126/3385/3137 3127/3386/3130
f 3127/3386/3130 3128/3387/3129 3129/3384/3136
f 3130/3388/3138 3129/3384/3136 3128/3387/3129
f 3128/3387/3129 3118/3389/3126 3130/3388/3138
f 3123/3382/3134 3122/3381/3133 3126/3385/3137
f 3126/3385/3137 3129/3384/3136 3123/3382/3134
f 3129/3384/3136 3130/3388/3138 3123/3382/3134
f 3116/3390/3124 3041/3324/3051 3074/3323/3084
f 3074/3323/3084 3131/3391/3139 3116/3390/3124
f 3131/3391/3139 3074/3323/3084 3071/3322/3083
f 3071/3322/3083 3132/3392/3140 3131/3391/3139
f 3118/3389/3126 3116/3390/3124 3131/3391/3139
f 3131/3391/3139 3130/3388/3138 3118/3389/3126
f 3130/3388/3138 3131/3391/3139 3132/3392/3140
f 3132/3392/3140 3123/3382/3134 3130/3388/3138
f 3070/3321/3082 3133/3393/3141 3132/3392/3140
f 3132/3392/3140 3071/3322/3083 3070/3321/3082
f 3133/3393/3141 3125/3383/3135 3123/3382/3134
f 3123/3382/3134 3132/3392/3140 3133/3393/3141
f 3136/3394/3142 2895/3122/2899 3134/3395/3143
f 3134/3395/3143 3135/3396/3144 3136/3394/3142
f 3138/3397/3145 3136/3394/3142 3135/3396/3144
f 3135/3396/3144 3137/3398/3146 3138/3397/3145
f 3140/3399/3147 3139/3400/3148 3062/3401/3074
f 3141/3402/3149 3140/3399/3147 3062/3401/3074
f 3062/3401/3074 3060/3403/3071 3141/3402/3149
f 3135/3396/3144 3134/3395/3143 3139/3400/3148
f 3139/3400/3148 3140/3399/3147 3135/3396/3144
f 3137/3398/3146 3135/3396/3144 3140/3399/3147
f 3140/3399/3147 3141/3402/3149 3137/3398/3146
f 3143/3404/3069 3088/3341/3068 3090/3340/3097
f 3090/3340/3097 3142/3405/3150 3143/3404/3069
f 3142/3405/3150 3090/3340/3097 3086/3339/3096
f 3086/3339/3096 3144/3406/3151 3142/3405/3150
f 3060/3403/3071 3143/3404/3069 3142/3405/3150
f 3142/3405/3150 3141/3402/3149 3060/3403/3071
f 3141/3402/3149 3142/3405/3150 3144/3406/3151
f 3144/3406/3151 3137/3398/3146 3141/3402/3149
f 3085/3338/3095 3145/3407/3152 3144/3406/3151
f 3144/3406/3151 3086/3339/3096 3085/3338/3095
f 3145/3407/3152 3138/3397/3145 3137/3398/3146
f 3137/3398/3146 3144/3406/3151 3145/3407/3152
f 3147/3408/3153 1786/2002/1787 1785/2001/1786
f 1785/2001/1786 3146/3409/3154 3147/3408/3153
f 3146/3409/3154 1785/2001/1786 1783/1998/1783
f 1783/1998/1783 3148/3410/3155 3146/3409/3154
f 3150/3411/3156 1780/1996/1781 1779/1995/1780
f 1779/1995/1780 3149/3412/3157 3150/3411/3156
f 3148/3410/3155 1783/1998/1783 1780/1996/1781
f 1780/1996/1781 3150/3411/3156 3148/3410/3155
f 3152/3413/3158 3329/3414/3159 3328/3415/3160
f 3328/3415/3160 3151/3416/3161 3152/3413/3158
f 3151/3416/3161 3328/3415/3160 3153/3417/3162
f 3153/3417/3162 3154/3418/3163 3151/3416/3161
f 3149/3412/3157 3152/3413/3158 3151/3416/3161
f 3151/3416/3161 3150/3411/3156 3149/3412/3157
f 3150/3411/3156 3151/3416/3161 3154/3418/3163
f 3154/3418/3163 3148/3410/3155 3150/3411/3156
f 3157/3419/3164 3324/3420/3165 3155/3421/3166
f 3155/3421/3166 3156/3422/3167 3157/3419/3164
f 3146/3409/3154 3157/3419/3164 3156/3422/3167
f 3156/3422/3167 3147/3408/3153 3146/3409/3154
f 3154/3418/3163 3153/3417/3162 3324/3420/3165
f 3324/3420/3165 3157/3419/3164 3154/3418/3163
f 3148/3410/3155 3154/3418/3163 3157/3419/3164
f 3157/3419/3164 3146/3409/3154 3148/3410/3155
f 3159/3423/3168 1793/2008/1793 1792/2007/1792
f 1792/2007/1792 3158/3424/3169 3159/3423/3168
f 3158/3424/3169 1792/2007/1792 1791/2006/1791
f 1791/2006/1791 3160/3425/3170 3158/3424/3169
f 3162/3426/3171 1790/2005/1790 1789/2004/1789
f 1789/2004/1789 3161/3427/3172 3162/3426/3171
f 3160/3425/3170 1791/2006/1791 1790/2005/1790
f 1790/2005/1790 3162/3426/3171 3160/3425/3170
f 3164/3428/3173 3433/3429/3174 3432/3430/3175
f 3432/3430/3175 3163/3431/3176 3164/3428/3173
f 3163/3431/3176 3432/3430/3175 3430/3432/3177
f 3430/3432/3177 3165/3433/3178 3163/3431/3176
f 3161/3427/3172 3164/3428/3173 3163/3431/3176
f 3163/3431/3176 3162/3426/3171 3161/3427/3172
f 3162/3426/3171 3163/3431/3176 3165/3433/3178
f 3165/3433/3178 3160/3425/3170 3162/3426/3171
f 3169/3434/3179 3166/3435/3180 3167/3436/3181
f 3167/3436/3181 3168/3437/3182 3169/3434/3179
f 3158/3424/3169 3169/3434/3179 3168/3437/3182
f 3168/3437/3182 3159/3423/3168 3158/3424/3169
f 3165/3433/3178 3430/3432/3177 3166/3435/3180
f 3166/3435/3180 3169/3434/3179 3165/3433/3178
f 3160/3425/3170 3165/3433/3178 3169/3434/3179
f 3169/3434/3179 3158/3424/3169 3160/3425/3170
f 3171/3438/3183 1799/2015/1800 1798/2014/1799
f 1798/2014/1799 3170/3439/3184 3171/3438/3183
f 3170/3439/3184 1798/2014/1799 1796/2011/1796
f 1796/2011/1796 3172/3440/3185 3170/3439/3184
f 3173/3441/3186 1794/2009/1794 1786/2002/1787
f 1786/2002/1787 3147/3408/3153 3173/3441/3186
f 3172/3440/3185 1796/2011/1796 1794/2009/1794
f 1794/2009/1794 3173/3441/3186 3172/3440/3185
f 3156/3422/3167 3155/3421/3166 3520/3442/3187
f 3520/3442/3187 3174/3443/3188 3156/3422/3167
f 3174/3443/3188 3520/3442/3187 3175/3444/3189
f 3175/3444/3189 3176/3445/3190 3174/3443/3188
f 3147/3408/3153 3156/3422/3167 3174/3443/3188
f 3174/3443/3188 3173/3441/3186 3147/3408/3153
f 3173/3441/3186 3174/3443/3188 3176/3445/3190
f 3176/3445/3190 3172/3440/3185 3173/3441/3186
f 3179/3446/3191 3175/3444/3189 3177/3447/3192
f 3177/3447/3192 3178/3448/3193 3179/3446/3191
f 3170/3439/3184 3179/3446/3191 3178/3448/3193
f 3178/3448/3193 3171/3438/3183 3170/3439/3184
f 3175/3444/3189 3179/3446/3191 3176/3445/3190
f 3172/3440/3185 3176/3445/3190 3179/3446/3191
f 3179/3446/3191 3170/3439/3184 3172/3440/3185
f 3161/3427/3172 1789/2004/1789 1805/2020/1805
f 1805/2020/1805 3180/3449/3194 3161/3427/3172
f 3180/3449/3194 1805/2020/1805 1804/2019/1804
f 1804/2019/1804 3181/3450/3195 3180/3449/3194
f 3183/3451/3196 1803/2018/1803 1802/2017/1802
f 1802/2017/1802 3182/3452/3197 3183/3451/3196
f 3181/3450/3195 1804/2019/1804 1803/2018/1803
f 1803/2018/1803 3183/3451/3196 3181/3450/3195
f 3185/3453/3198 3444/3454/3199 3442/3455/3200
f 3442/3455/3200 3184/3456/3201 3185/3453/3198
f 3442/3455/3200 3186/3457/3202 3184/3456/3201
f 3182/3452/3197 3185/3453/3198 3184/3456/3201
f 3184/3456/3201 3183/3451/3196 3182/3452/3197
f 3183/3451/3196 3184/3456/3201 3186/3457/3202
f 3186/3457/3202 3181/3450/3195 3183/3451/3196
f 3187/3458/3203 3440/3459/3204 3433/3429/3174
f 3433/3429/3174 3164/3428/3173 3187/3458/3203
f 3180/3449/3194 3187/3458/3203 3164/3428/3173
f 3164/3428/3173 3161/3427/3172 3180/3449/3194
f 3186/3457/3202 3442/3455/3200 3440/3459/3204
f 3440/3459/3204 3187/3458/3203 3186/3457/3202
f 3181/3450/3195 3186/3457/3202 3187/3458/3203
f 3187/3458/3203 3180/3449/3194 3181/3450/3195
f 2922/3153/2930 1811/2027/1812 1810/2026/1811
f 1810/2026/1811 3188/3460/3205 2922/3153/2930
f 3188/3460/3205 1810/2026/1811 1808/2023/1808
f 1808/2023/1808 3189/3461/3206 3188/3460/3205
f 3190/3462/3207 1806/2021/1806 1799/2015/1800
f 1799/2015/1800 3171/3438/3183 3190/3462/3207
f 3189/3461/3206 1808/2023/1808 1806/2021/1806
f 1806/2021/1806 3190/3462/3207 3189/3461/3206
f 3178/3448/3193 3177/3447/3192 3191/3463/3208
f 3191/3463/3208 3192/3464/3209 3178/3448/3193
f 3192/3464/3209 3191/3463/3208 3193/3465/3210
f 3193/3465/3210 3194/3466/3211 3192/3464/3209
f 3171/3438/3183 3178/3448/3193 3192/3464/3209
f 3192/3464/3209 3190/3462/3207 3171/3438/3183
f 3190/3462/3207 3192/3464/3209 3194/3466/3211
f 3194/3466/3211 3189/3461/3206 3190/3462/3207
f 3196/3467/3212 3195/3468/3213 2928/3159/2936
f 2928/3159/2936 2927/3158/2935 3196/3467/3212
f 3188/3460/3205 3196/3467/3212 2927/3158/2935
f 2927/3158/2935 2922/3153/2930 3188/3460/3205
f 3194/3466/3211 3193/3465/3210 3195/3468/3213
f 3195/3468/3213 3196/3467/3212 3194/3466/3211
f 3189/3461/3206 3194/3466/3211 3196/3467/3212
f 3196/3467/3212 3188/3460/3205 3189/3461/3206
f 2939/3170/2947 1814/2029/1814 1812/2028/1813
f 1812/2028/1813 3197/3469/3214 2939/3170/2947
f 2942/3172/2949 2939/3170/2947 3197/3469/3214
f 3197/3469/3214 3198/3470/3215 2942/3172/2949
f 1811/2027/1812 2924/3152/2929 3197/3469/3214
f 3197/3469/3214 1812/2028/1813 1811/2027/1812
f 2924/3152/2929 2926/3155/2932 3198/3470/3215
f 3198/3470/3215 3197/3469/3214 2924/3152/2929
f 2937/3168/2945 2938/3167/2944 3199/3471/3216
f 3199/3471/3216 3200/3472/3217 2937/3168/2945
f 2926/3155/2932 2937/3168/2945 3200/3472/3217
f 3200/3472/3217 3198/3470/3215 2926/3155/2932
f 2945/3176/2953 2944/3175/2952 3200/3472/3217
f 3200/3472/3217 3199/3471/3216 2945/3176/2953
f 2944/3175/2952 2942/3172/2949 3198/3470/3215
f 3198/3470/3215 3200/3472/3217 2944/3175/2952
f 3182/3452/3197 1802/2017/1802 1817/2032/1817
f 1817/2032/1817 3201/3473/3218 3182/3452/3197
f 3201/3473/3218 1817/2032/1817 1816/2031/1816
f 1816/2031/1816 3202/3474/3219 3201/3473/3218
f 3203/3475/3220 1815/2030/1815 1814/2029/1814
f 1814/2029/1814 2941/3169/2946 3203/3475/3220
f 3202/3474/3219 1816/2031/1816 1815/2030/1815
f 1815/2030/1815 3203/3475/3220 3202/3474/3219
f 2952/3184/2961 2951/3185/2962 3204/3476/3221
f 3204/3476/3221 3205/3477/3222 2952/3184/2961
f 3205/3477/3222 3204/3476/3221 3206/3478/3223
f 3206/3478/3223 3207/3479/3224 3205/3477/3222
f 2941/3169/2946 2952/3184/2961 3205/3477/3222
f 3205/3477/3222 3203/3475/3220 2941/3169/2946
f 3203/3475/3220 3205/3477/3222 3207/3479/3224
f 3207/3479/3224 3202/3474/3219 3203/3475/3220
f 3208/3480/3225 3450/3481/3226 3444/3454/3199
f 3444/3454/3199 3185/3453/3198 3208/3480/3225
f 3201/3473/3218 3208/3480/3225 3185/3453/3198
f 3185/3453/3198 3182/3452/3197 3201/3473/3218
f 3207/3479/3224 3206/3478/3223 3450/3481/3226
f 3450/3481/3226 3208/3480/3225 3207/3479/3224
f 3202/3474/3219 3207/3479/3224 3208/3480/3225
f 3208/3480/3225 3201/3473/3218 3202/3474/3219
f 3210/3482/3227 1819/2036/1821 1818/2033/1818
f 1818/2033/1818 3209/3483/3228 3210/3482/3227
f 1818/2033/1818 3211/3484/3229 3212/3485/3230
f 1818/2033/1818 3212/3485/3230 3209/3483/3228
f 3214/3486/3231 3495/3487/3232 3494/3488/3233
f 3494/3488/3233 3213/3489/3234 3214/3486/3231
f 3213/3489/3234 3494/3488/3233 3215/3490/3235
f 3215/3490/3235 3216/3491/3236 3213/3489/3234
f 3211/3484/3229 3214/3486/3231 3213/3489/3234
f 3213/3489/3234 3212/3485/3230 3211/3484/3229
f 3212/3485/3230 3213/3489/3234 3216/3491/3236
f 3216/3491/3236 3209/3483/3228 3212/3485/3230
f 3219/3492/3237 3217/3493/3238 3490/3494/3239
f 3490/3494/3239 3218/3495/3240 3219/3492/3237
f 3209/3483/3228 3219/3492/3237 3218/3495/3240
f 3218/3495/3240 3210/3482/3227 3209/3483/3228
f 3216/3491/3236 3215/3490/3235 3217/3493/3238
f 3217/3493/3238 3219/3492/3237 3216/3491/3236
f 3209/3483/3228 3216/3491/3236 3219/3492/3237
f 3221/3496/3241 1823/2039/1824 1822/2038/1823
f 1822/2038/1823 3220/3497/3242 3221/3496/3241
f 1822/2038/1823 3222/3498/3243 3220/3497/3242
f 1821/2037/1822 3223/3499/3244 3224/3500/3245
f 3222/3498/3243 1822/2038/1823 1821/2037/1822
f 1821/2037/1822 3224/3500/3245 3222/3498/3243
f 3227/3501/3246 3472/3502/3247 3225/3503/3248
f 3225/3503/3248 3226/3504/3249 3227/3501/3246
f 3226/3504/3249 3225/3503/3248 3228/3505/3250
f 3228/3505/3250 3229/3506/3251 3226/3504/3249
f 3223/3499/3244 3227/3501/3246 3226/3504/3249
f 3226/3504/3249 3224/3500/3245 3223/3499/3244
f 3224/3500/3245 3226/3504/3249 3229/3506/3251
f 3229/3506/3251 3222/3498/3243 3224/3500/3245
f 3231/3507/3252 3468/3508/3253 3467/3509/3254
f 3467/3509/3254 3230/3510/3255 3231/3507/3252
f 3220/3497/3242 3231/3507/3252 3230/3510/3255
f 3230/3510/3255 3221/3496/3241 3220/3497/3242
f 3229/3506/3251 3228/3505/3250 3468/3508/3253
f 3468/3508/3253 3231/3507/3252 3229/3506/3251
f 3222/3498/3243 3229/3506/3251 3231/3507/3252
f 3231/3507/3252 3220/3497/3242 3222/3498/3243
f 1819/2036/1821 3232/3511/3256 3692/3512/3257
f 1819/2036/1821 3210/3482/3227 3232/3511/3256
f 3218/3495/3240 3490/3494/3239 3556/3513/3258
f 3556/3513/3258 3233/3514/3259 3218/3495/3240
f 3233/3514/3259 3556/3513/3258 3234/3515/3260
f 3234/3515/3260 3235/3516/3261 3233/3514/3259
f 3210/3482/3227 3218/3495/3240 3233/3514/3259
f 3210/3482/3227 3233/3514/3259 3235/3516/3261
f 3235/3516/3261 3232/3511/3256 3210/3482/3227
f 3553/3517/3262 3236/3518/3263 3237/3519/3264
f 3232/3511/3256 3237/3519/3264 3236/3518/3263
f 3236/3518/3263 3692/3512/3257 3232/3511/3256
f 3235/3516/3261 3234/3515/3260 3553/3517/3262
f 3553/3517/3262 3237/3519/3264 3235/3516/3261
f 3232/3511/3256 3235/3516/3261 3237/3519/3264
f 1821/2037/1822 3238/3520/3265 3223/3499/3244
f 3238/3520/3265 1821/2037/1822 2399/2040/1825
f 3239/3521/3266 3482/3522/3267 3480/3523/3268
f 3480/3523/3268 3240/3524/3269 3239/3521/3266
f 3238/3520/3265 3239/3521/3266 3240/3524/3269
f 3242/3525/3270 3241/3526/3271 3472/3502/3247
f 3472/3502/3247 3227/3501/3246 3242/3525/3270
f 3223/3499/3244 3242/3525/3270 3227/3501/3246
f 3240/3524/3269 3480/3523/3268 3241/3526/3271
f 3241/3526/3271 3242/3525/3270 3240/3524/3269
f 3238/3520/3265 3240/3524/3269 3242/3525/3270
f 3242/3525/3270 3223/3499/3244 3238/3520/3265
f 3244/3527/3272 1831/2049/1834 1830/2048/1833
f 1830/2048/1833 3243/3528/3273 3244/3527/3272
f 3243/3528/3273 1830/2048/1833 1828/2045/1830
f 1828/2045/1830 3245/3529/3274 3243/3528/3273
f 3247/3530/3275 1825/2043/1828 1824/2042/1827
f 1824/2042/1827 3246/3531/3276 3247/3530/3275
f 3245/3529/3274 1828/2045/1830 1825/2043/1828
f 1825/2043/1828 3247/3530/3275 3245/3529/3274
f 3249/3532/3277 3371/3533/3278 3370/3534/3279
f 3370/3534/3279 3248/3535/3280 3249/3532/3277
f 3248/3535/3280 3370/3534/3279 3250/3536/3281
f 3250/3536/3281 3251/3537/3282 3248/3535/3280
f 3246/3531/3276 3249/3532/3277 3248/3535/3280
f 3248/3535/3280 3247/3530/3275 3246/3531/3276
f 3247/3530/3275 3248/3535/3280 3251/3537/3282
f 3251/3537/3282 3245/3529/3274 3247/3530/3275
f 3253/3538/3283 3367/3539/3284 3360/3540/3285
f 3360/3540/3285 3252/3541/3286 3253/3538/3283
f 3243/3528/3273 3253/3538/3283 3252/3541/3286
f 3252/3541/3286 3244/3527/3272 3243/3528/3273
f 3251/3537/3282 3250/3536/3281 3367/3539/3284
f 3367/3539/3284 3253/3538/3283 3251/3537/3282
f 3245/3529/3274 3251/3537/3282 3253/3538/3283
f 3253/3538/3283 3243/3528/3273 3245/3529/3274
f 3255/3542/3287 1838/2055/1840 1837/2054/1839
f 1837/2054/1839 3254/3543/3288 3255/3542/3287
f 3254/3543/3288 1837/2054/1839 1836/2053/1838
f 1836/2053/1838 3256/3544/3289 3254/3543/3288
f 3258/3545/3290 1835/2052/1837 1834/2051/1836
f 1834/2051/1836 3257/3546/3291 3258/3545/3290
f 3256/3544/3289 1836/2053/1838 1835/2052/1837
f 1835/2052/1837 3258/3545/3290 3256/3544/3289
f 3261/3547/3292 3259/3548/3293 3390/3549/3294
f 3390/3549/3294 3260/3550/3295 3261/3547/3292
f 3260/3550/3295 3390/3549/3294 3262/3551/3296
f 3262/3551/3296 3263/3552/3297 3260/3550/3295
f 3257/3546/3291 3261/3547/3292 3260/3550/3295
f 3260/3550/3295 3258/3545/3290 3257/3546/3291
f 3258/3545/3290 3260/3550/3295 3263/3552/3297
f 3263/3552/3297 3256/3544/3289 3258/3545/3290
f 3266/3553/3298 3386/3554/3299 3264/3555/3300
f 3264/3555/3300 3265/3556/3301 3266/3553/3298
f 3254/3543/3288 3266/3553/3298 3265/3556/3301
f 3265/3556/3301 3255/3542/3287 3254/3543/3288
f 3263/3552/3297 3262/3551/3296 3386/3554/3299
f 3386/3554/3299 3266/3553/3298 3263/3552/3297
f 3256/3544/3289 3263/3552/3297 3266/3553/3298
f 3266/3553/3298 3254/3543/3288 3256/3544/3289
f 3268/3557/3302 1844/2062/1847 1843/2061/1846
f 1843/2061/1846 3267/3558/3303 3268/3557/3302
f 3267/3558/3303 1843/2061/1846 1841/2058/1843
f 1841/2058/1843 3269/3559/3304 3267/3558/3303
f 3270/3560/3305 1839/2056/1841 1831/2049/1834
f 1831/2049/1834 3244/3527/3272 3270/3560/3305
f 3269/3559/3304 1841/2058/1843 1839/2056/1841
f 1839/2056/1841 3270/3560/3305 3269/3559/3304
f 3252/3541/3286 3360/3540/3285 3359/3561/3306
f 3359/3561/3306 3271/3562/3307 3252/3541/3286
f 3271/3562/3307 3359/3561/3306 3272/3563/3308
f 3272/3563/3308 3273/3564/3309 3271/3562/3307
f 3244/3527/3272 3252/3541/3286 3271/3562/3307
f 3271/3562/3307 3270/3560/3305 3244/3527/3272
f 3270/3560/3305 3271/3562/3307 3273/3564/3309
f 3273/3564/3309 3269/3559/3304 3270/3560/3305
f 3276/3565/3310 3274/3566/3311 3350/3567/3312
f 3350/3567/3312 3275/3568/3313 3276/3565/3310
f 3267/3558/3303 3276/3565/3310 3275/3568/3313
f 3275/3568/3313 3268/3557/3302 3267/3558/3303
f 3273/3564/3309 3272/3563/3308 3274/3566/3311
f 3274/3566/3311 3276/3565/3310 3273/3564/3309
f 3269/3559/3304 3273/3564/3309 3276/3565/3310
f 3276/3565/3310 3267/3558/3303 3269/3559/3304
f 3257/3546/3291 1834/2051/1836 1850/2067/1852
f 1850/2067/1852 3277/3569/3314 3257/3546/3291
f 3277/3569/3314 1850/2067/1852 1849/2066/1851
f 1849/2066/1851 3278/3570/3315 3277/3569/3314
f 3280/3571/3316 1848/2065/1850 1847/2064/1849
f 1847/2064/1849 3279/3572/3317 3280/3571/3316
f 3278/3570/3315 1849/2066/1851 1848/2065/1850
f 1848/2065/1850 3280/3571/3316 3278/3570/3315
f 3283/3573/3318 3399/3574/3319 3281/3575/3320
f 3281/3575/3320 3282/3576/3321 3283/3573/3318
f 3282/3576/3321 3281/3575/3320 3284/3577/3322
f 3284/3577/3322 3285/3578/3323 3282/3576/3321
f 3279/3572/3317 3283/3573/3318 3282/3576/3321
f 3282/3576/3321 3280/3571/3316 3279/3572/3317
f 3280/3571/3316 3282/3576/3321 3285/3578/3323
f 3285/3578/3323 3278/3570/3315 3280/3571/3316
f 3287/3579/3324 3286/3580/3325 3259/3548/3293
f 3259/3548/3293 3261/3547/3292 3287/3579/3324
f 3277/3569/3314 3287/3579/3324 3261/3547/3292
f 3261/3547/3292 3257/3546/3291 3277/3569/3314
f 3285/3578/3323 3284/3577/3322 3286/3580/3325
f 3286/3580/3325 3287/3579/3324 3285/3578/3323
f 3278/3570/3315 3285/3578/3323 3287/3579/3324
f 3287/3579/3324 3277/3569/3314 3278/3570/3315
f 3289/3581/3326 1856/2074/1859 1855/2073/1858
f 1855/2073/1858 3288/3582/3327 3289/3581/3326
f 3288/3582/3327 1855/2073/1858 1853/2070/1855
f 1853/2070/1855 3290/3583/3328 3288/3582/3327
f 3291/3584/3329 1851/2068/1853 1844/2062/1847
f 1844/2062/1847 3268/3557/3302 3291/3584/3329
f 3290/3583/3328 1853/2070/1855 1851/2068/1853
f 1851/2068/1853 3291/3584/3329 3290/3583/3328
f 3275/3568/3313 3350/3567/3312 3349/3585/3330
f 3349/3585/3330 3292/3586/3331 3275/3568/3313
f 3292/3586/3331 3349/3585/3330 3347/3587/3332
f 3347/3587/3332 3293/3588/3333 3292/3586/3331
f 3268/3557/3302 3275/3568/3313 3292/3586/3331
f 3292/3586/3331 3291/3584/3329 3268/3557/3302
f 3291/3584/3329 3292/3586/3331 3293/3588/3333
f 3293/3588/3333 3290/3583/3328 3291/3584/3329
f 3296/3589/3334 3294/3590/3335 3339/3591/3336
f 3339/3591/3336 3295/3592/3337 3296/3589/3334
f 3288/3582/3327 3296/3589/3334 3295/3592/3337
f 3295/3592/3337 3289/3581/3326 3288/3582/3327
f 3293/3588/3333 3347/3587/3332 3294/3590/3335
f 3294/3590/3335 3296/3589/3334 3293/3588/3333
f 3290/3583/3328 3293/3588/3333 3296/3589/3334
f 3296/3589/3334 3288/3582/3327 3290/3583/3328
f 3279/3572/3317 1847/2064/1849 1862/2079/1864
f 1862/2079/1864 3297/3593/3338 3279/3572/3317
f 3297/3593/3338 1862/2079/1864 1861/2078/1863
f 1861/2078/1863 3298/3594/3339 3297/3593/3338
f 3300/3595/3340 1860/2077/1862 1859/2076/1861
f 1859/2076/1861 3299/3596/3341 3300/3595/3340
f 3298/3594/3339 1861/2078/1863 1860/2077/1862
f 1860/2077/1862 3300/3595/3340 3298/3594/3339
f 3302/3597/3342 3411/3598/3343 3410/3599/3344
f 3410/3599/3344 3301/3600/3345 3302/3597/3342
f 3301/3600/3345 3410/3599/3344 3408/3601/3346
f 3408/3601/3346 3303/3602/3347 3301/3600/3345
f 3299/3596/3341 3302/3597/3342 3301/3600/3345
f 3301/3600/3345 3300/3595/3340 3299/3596/3341
f 3300/3595/3340 3301/3600/3345 3303/3602/3347
f 3303/3602/3347 3298/3594/3339 3300/3595/3340
f 3304/3603/3348 3406/3604/3349 3399/3574/3319
f 3399/3574/3319 3283/3573/3318 3304/3603/3348
f 3297/3593/3338 3304/3603/3348 3283/3573/3318
f 3283/3573/3318 3279/3572/3317 3297/3593/3338
f 3303/3602/3347 3408/3601/3346 3406/3604/3349
f 3406/3604/3349 3304/3603/3348 3303/3602/3347
f 3298/3594/3339 3303/3602/3347 3304/3603/3348
f 3304/3603/3348 3297/3593/3338 3298/3594/3339
f 3149/3412/3157 1779/1995/1780 1867/2085/1870
f 1867/2085/1870 3305/3605/3350 3149/3412/3157
f 3305/3605/3350 1867/2085/1870 1865/2082/1867
f 1865/2082/1867 3306/3606/3351 3305/3605/3350
f 3307/3607/3352 1863/2080/1865 1856/2074/1859
f 1856/2074/1859 3289/3581/3326 3307/3607/3352
f 3306/3606/3351 1865/2082/1867 1863/2080/1865
f 1863/2080/1865 3307/3607/3352 3306/3606/3351
f 3295/3592/3337 3339/3591/3336 3308/3608/3353
f 3308/3608/3353 3309/3609/3354 3295/3592/3337
f 3309/3609/3354 3308/3608/3353 3310/3610/3355
f 3310/3610/3355 3311/3611/3356 3309/3609/3354
f 3289/3581/3326 3295/3592/3337 3309/3609/3354
f 3309/3609/3354 3307/3607/3352 3289/3581/3326
f 3307/3607/3352 3309/3609/3354 3311/3611/3356
f 3311/3611/3356 3306/3606/3351 3307/3607/3352
f 3312/3612/3357 3336/3613/3358 3329/3414/3159
f 3329/3414/3159 3152/3413/3158 3312/3612/3357
f 3305/3605/3350 3312/3612/3357 3152/3413/3158
f 3152/3413/3158 3149/3412/3157 3305/3605/3350
f 3311/3611/3356 3310/3610/3355 3336/3613/3358
f 3336/3613/3358 3312/3612/3357 3311/3611/3356
f 3306/3606/3351 3311/3611/3356 3312/3612/3357
f 3312/3612/3357 3305/3605/3350 3306/3606/3351
f 3299/3596/3341 1859/2076/1861 1871/2088/1873
f 1871/2088/1873 3313/3614/3359 3299/3596/3341
f 3313/3614/3359 1871/2088/1873 1870/2087/1872
f 1870/2087/1872 3314/3615/3360 3313/3614/3359
f 3315/3616/3361 1869/2086/1871 1793/2008/1793
f 1793/2008/1793 3159/3423/3168 3315/3616/3361
f 3314/3615/3360 1870/2087/1872 1869/2086/1871
f 1869/2086/1871 3315/3616/3361 3314/3615/3360
f 3168/3437/3182 3167/3436/3181 3422/3617/3362
f 3422/3617/3362 3316/3618/3363 3168/3437/3182
f 3316/3618/3363 3422/3617/3362 3420/3619/3364
f 3420/3619/3364 3317/3620/3365 3316/3618/3363
f 3159/3423/3168 3168/3437/3182 3316/3618/3363
f 3316/3618/3363 3315/3616/3361 3159/3423/3168
f 3315/3616/3361 3316/3618/3363 3317/3620/3365
f 3317/3620/3365 3314/3615/3360 3315/3616/3361
f 3318/3621/3366 3418/3622/3367 3411/3598/3343
f 3411/3598/3343 3302/3597/3342 3318/3621/3366
f 3313/3614/3359 3318/3621/3366 3302/3597/3342
f 3302/3597/3342 3299/3596/3341 3313/3614/3359
f 3317/3620/3365 3420/3619/3364 3418/3622/3367
f 3418/3622/3367 3318/3621/3366 3317/3620/3365
f 3314/3615/3360 3317/3620/3365 3318/3621/3366
f 3318/3621/3366 3313/3614/3359 3314/3615/3360
f 3320/3623/3368 1879/2097/1882 1878/2096/1881
f 1878/2096/1881 3319/3624/3369 3320/3623/3368
f 3319/3624/3369 1878/2096/1881 1876/2093/1878
f 1876/2093/1878 3321/3625/3370 3319/3624/3369
f 3323/3626/3371 1873/2091/1876 1872/2090/1875
f 1872/2090/1875 3322/3627/3372 3323/3626/3371
f 3321/3625/3370 1876/2093/1878 1873/2091/1876
f 1873/2091/1876 3323/3626/3371 3321/3625/3370
f 3326/3628/3373 3155/3629/3166 3324/3630/3165
f 3324/3630/3165 3325/3631/3374 3326/3628/3373
f 3325/3631/3374 3324/3630/3165 3153/3632/3162
f 3153/3632/3162 3327/3633/3375 3325/3631/3374
f 3322/3627/3372 3326/3628/3373 3325/3631/3374
f 3325/3631/3374 3323/3626/3371 3322/3627/3372
f 3323/3626/3371 3325/3631/3374 3327/3633/3375
f 3327/3633/3375 3321/3625/3370 3323/3626/3371
f 3331/3634/3376 3328/3635/3160 3329/3636/3159
f 3329/3636/3159 3330/3637/3377 3331/3634/3376
f 3319/3624/3369 3331/3634/3376 3330/3637/3377
f 3330/3637/3377 3320/3623/3368 3319/3624/3369
f 3327/3633/3375 3153/3632/3162 3328/3635/3160
f 3328/3635/3160 3331/3634/3376 3327/3633/3375
f 3321/3625/3370 3327/3633/3375 3331/3634/3376
f 3331/3634/3376 3319/3624/3369 3321/3625/3370
f 3333/3638/3378 1892/2110/1895 1891/2109/1894
f 1891/2109/1894 3332/3639/3379 3333/3638/3378
f 3332/3639/3379 1891/2109/1894 1889/2106/1891
f 1889/2106/1891 3334/3640/3380 3332/3639/3379
f 3335/3641/3381 1887/2104/1889 1879/2097/1882
f 1879/2097/1882 3320/3623/3368 3335/3641/3381
f 3334/3640/3380 1889/2106/1891 1887/2104/1889
f 1887/2104/1889 3335/3641/3381 3334/3640/3380
f 3330/3637/3377 3329/3636/3159 3336/3642/3358
f 3336/3642/3358 3337/3643/3382 3330/3637/3377
f 3337/3643/3382 3336/3642/3358 3310/3644/3355
f 3310/3644/3355 3338/3645/3383 3337/3643/3382
f 3320/3623/3368 3330/3637/3377 3337/3643/3382
f 3337/3643/3382 3335/3641/3381 3320/3623/3368
f 3335/3641/3381 3337/3643/3382 3338/3645/3383
f 3338/3645/3383 3334/3640/3380 3335/3641/3381
f 3341/3646/3384 3308/3647/3353 3339/3648/3336
f 3339/3648/3336 3340/3649/3385 3341/3646/3384
f 3332/3639/3379 3341/3646/3384 3340/3649/3385
f 3340/3649/3385 3333/3638/3378 3332/3639/3379
f 3338/3645/3383 3310/3644/3355 3308/3647/3353
f 3308/3647/3353 3341/3646/3384 3338/3645/3383
f 3334/3640/3380 3338/3645/3383 3341/3646/3384
f 3341/3646/3384 3332/3639/3379 3334/3640/3380
f 3343/3650/3386 1904/2122/1907 1903/2121/1906
f 1903/2121/1906 3342/3651/3387 3343/3650/3386
f 3342/3651/3387 1903/2121/1906 1901/2118/1903
f 1901/2118/1903 3344/3652/3388 3342/3651/3387
f 3345/3653/3389 1899/2116/1901 1892/2110/1895
f 1892/2110/1895 3333/3638/3378 3345/3653/3389
f 3344/3652/3388 1901/2118/1903 1899/2116/1901
f 1899/2116/1901 3345/3653/3389 3344/3652/3388
f 3340/3649/3385 3339/3648/3336 3294/3654/3335
f 3294/3654/3335 3346/3655/3390 3340/3649/3385
f 3346/3655/3390 3294/3654/3335 3347/3656/3332
f 3347/3656/3332 3348/3657/3391 3346/3655/3390
f 3333/3638/3378 3340/3649/3385 3346/3655/3390
f 3346/3655/3390 3345/3653/3389 3333/3638/3378
f 3345/3653/3389 3346/3655/3390 3348/3657/3391
f 3348/3657/3391 3344/3652/3388 3345/3653/3389
f 3352/3658/3392 3349/3659/3330 3350/3660/3312
f 3350/3660/3312 3351/3661/3393 3352/3658/3392
f 3342/3651/3387 3352/3658/3392 3351/3661/3393
f 3351/3661/3393 3343/3650/3386 3342/3651/3387
f 3348/3657/3391 3347/3656/3332 3349/3659/3330
f 3349/3659/3330 3352/3658/3392 3348/3657/3391
f 3344/3652/3388 3348/3657/3391 3352/3658/3392
f 3352/3658/3392 3342/3651/3387 3344/3652/3388
f 3354/3662/3394 1916/2134/1919 1915/2133/1918
f 1915/2133/1918 3353/3663/3395 3354/3662/3394
f 3353/3663/3395 1915/2133/1918 1913/2130/1915
f 1913/2130/1915 3355/3664/3396 3353/3663/3395
f 3356/3665/3397 1911/2128/1913 1904/2122/1907
f 1904/2122/1907 3343/3650/3386 3356/3665/3397
f 3355/3664/3396 1913/2130/1915 1911/2128/1913
f 1911/2128/1913 3356/3665/3397 3355/3664/3396
f 3351/3661/3393 3350/3660/3312 3274/3666/3311
f 3274/3666/3311 3357/3667/3398 3351/3661/3393
f 3357/3667/3398 3274/3666/3311 3272/3668/3308
f 3272/3668/3308 3358/3669/3399 3357/3667/3398
f 3343/3650/3386 3351/3661/3393 3357/3667/3398
f 3357/3667/3398 3356/3665/3397 3343/3650/3386
f 3356/3665/3397 3357/3667/3398 3358/3669/3399
f 3358/3669/3399 3355/3664/3396 3356/3665/3397
f 3362/3670/3400 3359/3671/3306 3360/3672/3285
f 3360/3672/3285 3361/3673/3401 3362/3670/3400
f 3353/3663/3395 3362/3670/3400 3361/3673/3401
f 3361/3673/3401 3354/3662/3394 3353/3663/3395
f 3358/3669/3399 3272/3668/3308 3359/3671/3306
f 3359/3671/3306 3362/3670/3400 3358/3669/3399
f 3355/3664/3396 3358/3669/3399 3362/3670/3400
f 3362/3670/3400 3353/3663/3395 3355/3664/3396
f 3364/3674/3402 1928/2146/1931 1927/2145/1930
f 1927/2145/1930 3363/3675/3403 3364/3674/3402
f 3363/3675/3403 1927/2145/1930 1925/2142/1927
f 1925/2142/1927 3365/3676/3404 3363/3675/3403
f 3366/3677/3405 1923/2140/1925 1916/2134/1919
f 1916/2134/1919 3354/3662/3394 3366/3677/3405
f 3365/3676/3404 1925/2142/1927 1923/2140/1925
f 1923/2140/1925 3366/3677/3405 3365/3676/3404
f 3361/3673/3401 3360/3672/3285 3367/3678/3284
f 3367/3678/3284 3368/3679/3406 3361/3673/3401
f 3368/3679/3406 3367/3678/3284 3250/3680/3281
f 3250/3680/3281 3369/3681/3407 3368/3679/3406
f 3354/3662/3394 3361/3673/3401 3368/3679/3406
f 3368/3679/3406 3366/3677/3405 3354/3662/3394
f 3366/3677/3405 3368/3679/3406 3369/3681/3407
f 3369/3681/3407 3365/3676/3404 3366/3677/3405
f 3373/3682/3408 3370/3683/3279 3371/3684/3278
f 3371/3684/3278 3372/3685/3409 3373/3682/3408
f 3363/3675/3403 3373/3682/3408 3372/3685/3409
f 3372/3685/3409 3364/3674/3402 3363/3675/3403
f 3369/3681/3407 3250/3680/3281 3370/3683/3279
f 3370/3683/3279 3373/3682/3408 3369/3681/3407
f 3365/3676/3404 3369/3681/3407 3373/3682/3408
f 3373/3682/3408 3363/3675/3403 3365/3676/3404
f 3374/3686/3410 1939/2156/1941 1937/2154/1939
f 1937/2154/1939 3375/3687/3411 3374/3686/3410
f 3376/3688/3412 1935/2152/1937 1928/2146/1931
f 1928/2146/1931 3364/3674/3402 3376/3688/3412
f 3375/3687/3411 1937/2154/1939 1935/2152/1937
f 1935/2152/1937 3376/3688/3412 3375/3687/3411
f 3372/3685/3409 3371/3684/3278 3529/3689/3413
f 3529/3689/3413 3377/3690/3414 3372/3685/3409
f 3377/3690/3414 3529/3689/3413 3378/3691/3415
f 3378/3691/3415 3379/3692/3416 3377/3690/3414
f 3364/3674/3402 3372/3685/3409 3377/3690/3414
f 3377/3690/3414 3376/3688/3412 3364/3674/3402
f 3376/3688/3412 3377/3690/3414 3379/3692/3416
f 3379/3692/3416 3375/3687/3411 3376/3688/3412
f 3379/3692/3416 3378/3691/3415 3526/3693/3417
f 3526/3693/3417 3380/3694/3418 3379/3692/3416
f 3375/3687/3411 3379/3692/3416 3380/3694/3418
f 3380/3694/3418 3374/3686/3410 3375/3687/3411
f 3382/3695/3419 1952/2170/1955 1951/2169/1954
f 1951/2169/1954 3381/3696/3420 3382/3695/3419
f 3381/3696/3420 1951/2169/1954 1949/2166/1951
f 1949/2166/1951 3383/3697/3421 3381/3696/3420
f 3385/3698/3422 1946/2164/1949 1945/2163/1948
f 1945/2163/1948 3384/3699/3423 3385/3698/3422
f 3383/3697/3421 1949/2166/1951 1946/2164/1949
f 1946/2164/1949 3385/3698/3422 3383/3697/3421
f 3388/3700/3424 3264/3701/3300 3386/3702/3299
f 3386/3702/3299 3387/3703/3425 3388/3700/3424
f 3387/3703/3425 3386/3702/3299 3262/3704/3296
f 3262/3704/3296 3389/3705/3426 3387/3703/3425
f 3384/3699/3423 3388/3700/3424 3387/3703/3425
f 3387/3703/3425 3385/3698/3422 3384/3699/3423
f 3385/3698/3422 3387/3703/3425 3389/3705/3426
f 3389/3705/3426 3383/3697/3421 3385/3698/3422
f 3392/3706/3427 3390/3707/3294 3259/3708/3293
f 3259/3708/3293 3391/3709/3428 3392/3706/3427
f 3381/3696/3420 3392/3706/3427 3391/3709/3428
f 3391/3709/3428 3382/3695/3419 3381/3696/3420
f 3389/3705/3426 3262/3704/3296 3390/3707/3294
f 3390/3707/3294 3392/3706/3427 3389/3705/3426
f 3383/3697/3421 3389/3705/3426 3392/3706/3427
f 3392/3706/3427 3381/3696/3420 3383/3697/3421
f 3394/3710/3429 1965/2183/1968 1964/2182/1967
f 1964/2182/1967 3393/3711/3430 3394/3710/3429
f 3393/3711/3430 1964/2182/1967 1962/2179/1964
f 1962/2179/1964 3395/3712/3431 3393/3711/3430
f 3396/3713/3432 1960/2177/1962 1952/2170/1955
f 1952/2170/1955 3382/3695/3419 3396/3713/3432
f 3395/3712/3431 1962/2179/1964 1960/2177/1962
f 1960/2177/1962 3396/3713/3432 3395/3712/3431
f 3391/3709/3428 3259/3708/3293 3286/3714/3325
f 3286/3714/3325 3397/3715/3433 3391/3709/3428
f 3397/3715/3433 3286/3714/3325 3284/3716/3322
f 3284/3716/3322 3398/3717/3434 3397/3715/3433
f 3382/3695/3419 3391/3709/3428 3397/3715/3433
f 3397/3715/3433 3396/3713/3432 3382/3695/3419
f 3396/3713/3432 3397/3715/3433 3398/3717/3434
f 3398/3717/3434 3395/3712/3431 3396/3713/3432
f 3401/3718/3435 3281/3719/3320 3399/3720/3319
f 3399/3720/3319 3400/3721/3436 3401/3718/3435
f 3393/3711/3430 3401/3718/3435 3400/3721/3436
f 3400/3721/3436 3394/3710/3429 3393/3711/3430
f 3398/3717/3434 3284/3716/3322 3281/3719/3320
f 3281/3719/3320 3401/3718/3435 3398/3717/3434
f 3395/3712/3431 3398/3717/3434 3401/3718/3435
f 3401/3718/3435 3393/3711/3430 3395/3712/3431
f 3403/3722/3437 1977/2195/1980 1976/2194/1979
f 1976/2194/1979 3402/3723/3438 3403/3722/3437
f 3402/3723/3438 1976/2194/1979 1974/2191/1976
f 1974/2191/1976 3404/3724/3439 3402/3723/3438
f 3405/3725/3440 1972/2189/1974 1965/2183/1968
f 1965/2183/1968 3394/3710/3429 3405/3725/3440
f 3404/3724/3439 1974/2191/1976 1972/2189/1974
f 1972/2189/1974 3405/3725/3440 3404/3724/3439
f 3400/3721/3436 3399/3720/3319 3406/3726/3349
f 3406/3726/3349 3407/3727/3441 3400/3721/3436
f 3407/3727/3441 3406/3726/3349 3408/3728/3346
f 3408/3728/3346 3409/3729/3442 3407/3727/3441
f 3394/3710/3429 3400/3721/3436 3407/3727/3441
f 3407/3727/3441 3405/3725/3440 3394/3710/3429
f 3405/3725/3440 3407/3727/3441 3409/3729/3442
f 3409/3729/3442 3404/3724/3439 3405/3725/3440
f 3413/3730/3443 3410/3731/3344 3411/3732/3343
f 3411/3732/3343 3412/3733/3444 3413/3730/3443
f 3402/3723/3438 3413/3730/3443 3412/3733/3444
f 3412/3733/3444 3403/3722/3437 3402/3723/3438
f 3409/3729/3442 3408/3728/3346 3410/3731/3344
f 3410/3731/3344 3413/3730/3443 3409/3729/3442
f 3404/3724/3439 3409/3729/3442 3413/3730/3443
f 3413/3730/3443 3402/3723/3438 3404/3724/3439
f 3415/3734/3445 1989/2207/1992 1988/2206/1991
f 1988/2206/1991 3414/3735/3446 3415/3734/3445
f 3414/3735/3446 1988/2206/1991 1986/2203/1988
f 1986/2203/1988 3416/3736/3447 3414/3735/3446
f 3417/3737/3448 1984/2201/1986 1977/2195/1980
f 1977/2195/1980 3403/3722/3437 3417/3737/3448
f 3416/3736/3447 1986/2203/1988 1984/2201/1986
f 1984/2201/1986 3417/3737/3448 3416/3736/3447
f 3412/3733/3444 3411/3732/3343 3418/3738/3367
f 3418/3738/3367 3419/3739/3449 3412/3733/3444
f 3419/3739/3449 3418/3738/3367 3420/3740/3364
f 3420/3740/3364 3421/3741/3450 3419/3739/3449
f 3403/3722/3437 3412/3733/3444 3419/3739/3449
f 3419/3739/3449 3417/3737/3448 3403/3722/3437
f 3417/3737/3448 3419/3739/3449 3421/3741/3450
f 3421/3741/3450 3416/3736/3447 3417/3737/3448
f 3424/3742/3451 3422/3743/3362 3167/3744/3181
f 3167/3744/3181 3423/3745/3452 3424/3742/3451
f 3414/3735/3446 3424/3742/3451 3423/3745/3452
f 3423/3745/3452 3415/3734/3445 3414/3735/3446
f 3421/3741/3450 3420/3740/3364 3422/3743/3362
f 3422/3743/3362 3424/3742/3451 3421/3741/3450
f 3416/3736/3447 3421/3741/3450 3424/3742/3451
f 3424/3742/3451 3414/3735/3446 3416/3736/3447
f 3426/3746/3453 2001/2219/2004 2000/2218/2003
f 2000/2218/2003 3425/3747/3454 3426/3746/3453
f 3425/3747/3454 2000/2218/2003 1998/2215/2000
f 1998/2215/2000 3427/3748/3455 3425/3747/3454
f 3428/3749/3456 1996/2213/1998 1989/2207/1992
f 1989/2207/1992 3415/3734/3445 3428/3749/3456
f 3427/3748/3455 1998/2215/2000 1996/2213/1998
f 1996/2213/1998 3428/3749/3456 3427/3748/3455
f 3423/3745/3452 3167/3744/3181 3166/3750/3180
f 3166/3750/3180 3429/3751/3457 3423/3745/3452
f 3429/3751/3457 3166/3750/3180 3430/3752/3177
f 3430/3752/3177 3431/3753/3458 3429/3751/3457
f 3415/3734/3445 3423/3745/3452 3429/3751/3457
f 3429/3751/3457 3428/3749/3456 3415/3734/3445
f 3428/3749/3456 3429/3751/3457 3431/3753/3458
f 3431/3753/3458 3427/3748/3455 3428/3749/3456
f 3435/3754/3459 3432/3755/3175 3433/3756/3174
f 3433/3756/3174 3434/3757/3460 3435/3754/3459
f 3425/3747/3454 3435/3754/3459 3434/3757/3460
f 3434/3757/3460 3426/3746/3453 3425/3747/3454
f 3431/3753/3458 3430/3752/3177 3432/3755/3175
f 3432/3755/3175 3435/3754/3459 3431/3753/3458
f 3427/3748/3455 3431/3753/3458 3435/3754/3459
f 3435/3754/3459 3425/3747/3454 3427/3748/3455
f 2012/2229/2014 3436/3758/3461 3437/3759/3462
f 3436/3758/3461 2012/2229/2014 2010/2227/2012
f 2010/2227/2012 3438/3760/3463 3436/3758/3461
f 3439/3761/3464 2008/2225/2010 2001/2219/2004
f 2001/2219/2004 3426/3746/3453 3439/3761/3464
f 3438/3760/3463 2010/2227/2012 2008/2225/2010
f 2008/2225/2010 3439/3761/3464 3438/3760/3463
f 3434/3757/3460 3433/3756/3174 3440/3762/3204
f 3440/3762/3204 3441/3763/3465 3434/3757/3460
f 3441/3763/3465 3440/3762/3204 3442/3764/3200
f 3442/3764/3200 3443/3765/3466 3441/3763/3465
f 3426/3746/3453 3434/3757/3460 3441/3763/3465
f 3441/3763/3465 3439/3761/3464 3426/3746/3453
f 3439/3761/3464 3441/3763/3465 3443/3765/3466
f 3443/3765/3466 3438/3760/3463 3439/3761/3464
f 3446/3766/3467 3442/3764/3200 3444/3767/3199
f 3444/3767/3199 3445/3768/3468 3446/3766/3467
f 3436/3758/3461 3446/3766/3467 3445/3768/3468
f 3445/3768/3468 3437/3759/3462 3436/3758/3461
f 3442/3764/3200 3446/3766/3467 3443/3765/3466
f 3438/3760/3463 3443/3765/3466 3446/3766/3467
f 3446/3766/3467 3436/3758/3461 3438/3760/3463
f 2953/3187/2964 2022/2240/2025 2021/2239/2024
f 2021/2239/2024 3447/3769/3469 2953/3187/2964
f 3447/3769/3469 2021/2239/2024 2019/2236/2021
f 2019/2236/2021 3448/3770/3470 3447/3769/3469
f 3449/3771/3471 2017/2234/2019 2012/2229/2014
f 2012/2229/2014 3437/3759/3462 3449/3771/3471
f 3448/3770/3470 2019/2236/2021 2017/2234/2019
f 2017/2234/2019 3449/3771/3471 3448/3770/3470
f 3445/3768/3468 3444/3767/3199 3450/3772/3226
f 3450/3772/3226 3451/3773/3472 3445/3768/3468
f 3451/3773/3472 3450/3772/3226 3206/3774/3223
f 3206/3774/3223 3452/3775/3473 3451/3773/3472
f 3437/3759/3462 3445/3768/3468 3451/3773/3472
f 3451/3773/3472 3449/3771/3471 3437/3759/3462
f 3449/3771/3471 3451/3773/3472 3452/3775/3473
f 3452/3775/3473 3448/3770/3470 3449/3771/3471
f 3453/3776/3474 3204/3777/3221 2951/3193/2962
f 2951/3193/2962 2958/3192/2969 3453/3776/3474
f 3447/3769/3469 3453/3776/3474 2958/3192/2969
f 2958/3192/2969 2953/3187/2964 3447/3769/3469
f 3452/3775/3473 3206/3774/3223 3204/3777/3221
f 3204/3777/3221 3453/3776/3474 3452/3775/3473
f 3448/3770/3470 3452/3775/3473 3453/3776/3474
f 3453/3776/3474 3447/3769/3469 3448/3770/3470
f 3455/3778/3475 2025/2242/2027 2023/2241/2026
f 2023/2241/2026 3454/3779/3476 3455/3778/3475
f 3457/3780/3477 3455/3778/3475 3454/3779/3476
f 3454/3779/3476 3456/3781/3478 3457/3780/3477
f 2022/2240/2025 2955/3186/2963 3454/3779/3476
f 3454/3779/3476 2023/2241/2026 2022/2240/2025
f 2955/3186/2963 2957/3189/2966 3456/3781/3478
f 3456/3781/3478 3454/3779/3476 2955/3186/2963
f 2968/3203/2976 2969/3202/2975 3458/3782/3479
f 3458/3782/3479 3459/3783/3480 2968/3203/2976
f 2957/3189/2966 2968/3203/2976 3459/3783/3480
f 3459/3783/3480 3456/3781/3478 2957/3189/2966
f 3461/3784/3481 3460/3785/3482 3459/3783/3480
f 3459/3783/3480 3458/3782/3479 3461/3784/3481
f 3460/3785/3482 3457/3780/3477 3456/3781/3478
f 3456/3781/3478 3459/3783/3480 3460/3785/3482
f 3463/3786/3483 2036/2254/2039 2035/2253/2038
f 2035/2253/2038 3462/3787/3484 3463/3786/3483
f 3462/3787/3484 2035/2253/2038 2033/2250/2035
f 2033/2250/2035 3464/3788/3485 3462/3787/3484
f 3466/3789/3486 2030/2248/2033 2029/2247/2032
f 2029/2247/2032 3465/3790/3487 3466/3789/3486
f 3464/3788/3485 2033/2250/2035 2030/2248/2033
f 2030/2248/2033 3466/3789/3486 3464/3788/3485
f 3470/3791/3488 3467/3792/3254 3468/3793/3253
f 3468/3793/3253 3469/3794/3489 3470/3791/3488
f 3469/3794/3489 3468/3793/3253 3228/3795/3250
f 3228/3795/3250 3471/3796/3490 3469/3794/3489
f 3465/3790/3487 3470/3791/3488 3469/3794/3489
f 3469/3794/3489 3466/3789/3486 3465/3790/3487
f 3466/3789/3486 3469/3794/3489 3471/3796/3490
f 3471/3796/3490 3464/3788/3485 3466/3789/3486
f 3474/3797/3491 3225/3798/3248 3472/3799/3247
f 3472/3799/3247 3473/3800/3492 3474/3797/3491
f 3462/3787/3484 3474/3797/3491 3473/3800/3492
f 3473/3800/3492 3463/3786/3483 3462/3787/3484
f 3471/3796/3490 3228/3795/3250 3225/3798/3248
f 3225/3798/3248 3474/3797/3491 3471/3796/3490
f 3464/3788/3485 3471/3796/3490 3474/3797/3491
f 3474/3797/3491 3462/3787/3484 3464/3788/3485
f 3476/3801/3493 2049/2267/2052 2048/2266/2051
f 2048/2266/2051 3475/3802/3494 3476/3801/3493
f 3475/3802/3494 2048/2266/2051 2046/2263/2048
f 2046/2263/2048 3477/3803/3495 3475/3802/3494
f 3478/3804/3496 2044/2261/2046 2036/2254/2039
f 2036/2254/2039 3463/3786/3483 3478/3804/3496
f 3477/3803/3495 2046/2263/2048 2044/2261/2046
f 2044/2261/2046 3478/3804/3496 3477/3803/3495
f 3473/3800/3492 3472/3799/3247 3241/3805/3271
f 3241/3805/3271 3479/3806/3497 3473/3800/3492
f 3479/3806/3497 3241/3805/3271 3480/3807/3268
f 3480/3807/3268 3481/3808/3498 3479/3806/3497
f 3463/3786/3483 3473/3800/3492 3479/3806/3497
f 3479/3806/3497 3478/3804/3496 3463/3786/3483
f 3478/3804/3496 3479/3806/3497 3481/3808/3498
f 3481/3808/3498 3477/3803/3495 3478/3804/3496
f 3482/3809/3267 3483/3810/3499 3484/3811/3500
f 3475/3802/3494 3484/3811/3500 3483/3810/3499
f 3483/3810/3499 3476/3801/3493 3475/3802/3494
f 3481/3808/3498 3480/3807/3268 3482/3809/3267
f 3482/3809/3267 3484/3811/3500 3481/3808/3498
f 3477/3803/3495 3481/3808/3498 3484/3811/3500
f 3484/3811/3500 3475/3802/3494 3477/3803/3495
f 3486/3812/3501 2061/2279/2064 2060/2278/2063
f 2060/2278/2063 3485/3813/3502 3486/3812/3501
f 3485/3813/3502 2060/2278/2063 2058/2275/2060
f 2058/2275/2060 3487/3814/3503 3485/3813/3502
f 3489/3815/3504 2055/2273/2058 2054/2272/2057
f 2054/2272/2057 3488/3816/3505 3489/3815/3504
f 3487/3814/3503 2058/2275/2060 2055/2273/2058
f 2055/2273/2058 3489/3815/3504 3487/3814/3503
f 3492/3817/3506 3490/3818/3239 3217/3819/3238
f 3217/3819/3238 3491/3820/3507 3492/3817/3506
f 3491/3820/3507 3217/3819/3238 3215/3821/3235
f 3215/3821/3235 3493/3822/3508 3491/3820/3507
f 3488/3816/3505 3492/3817/3506 3491/3820/3507
f 3491/3820/3507 3489/3815/3504 3488/3816/3505
f 3489/3815/3504 3491/3820/3507 3493/3822/3508
f 3493/3822/3508 3487/3814/3503 3489/3815/3504
f 3497/3823/3509 3494/3824/3233 3495/3825/3232
f 3495/3825/3232 3496/3826/3510 3497/3823/3509
f 3485/3813/3502 3497/3823/3509 3496/3826/3510
f 3496/3826/3510 3486/3812/3501 3485/3813/3502
f 3493/3822/3508 3215/3821/3235 3494/3824/3233
f 3494/3824/3233 3497/3823/3509 3493/3822/3508
f 3487/3814/3503 3493/3822/3508 3497/3823/3509
f 3497/3823/3509 3485/3813/3502 3487/3814/3503
f 2970/3205/2978 2074/2292/2077 2073/2291/2076
f 2073/2291/2076 3498/3827/3511 2970/3205/2978
f 3498/3827/3511 2073/2291/2076 2071/2288/2073
f 2071/2288/2073 3499/3828/3512 3498/3827/3511
f 3500/3829/3513 2069/2286/2071 2061/2279/2064
f 2061/2279/2064 3486/3812/3501 3500/3829/3513
f 3499/3828/3512 2071/2288/2073 2069/2286/2071
f 2069/2286/2071 3500/3829/3513 3499/3828/3512
f 3496/3826/3510 3495/3825/3232 3564/3830/3514
f 3564/3830/3514 3501/3831/3515 3496/3826/3510
f 3501/3831/3515 3564/3830/3514 3562/3832/3516
f 3562/3832/3516 3502/3833/3517 3501/3831/3515
f 3486/3812/3501 3496/3826/3510 3501/3831/3515
f 3501/3831/3515 3500/3829/3513 3486/3812/3501
f 3500/3829/3513 3501/3831/3515 3502/3833/3517
f 3502/3833/3517 3499/3828/3512 3500/3829/3513
f 3504/3834/3518 3503/3835/3519 2975/3210/2983
f 2975/3210/2983 2974/3209/2982 3504/3834/3518
f 3498/3827/3511 3504/3834/3518 2974/3209/2982
f 2974/3209/2982 2970/3205/2978 3498/3827/3511
f 3502/3833/3517 3562/3832/3516 3503/3835/3519
f 3503/3835/3519 3504/3834/3518 3502/3833/3517
f 3499/3828/3512 3502/3833/3517 3504/3834/3518
f 3504/3834/3518 3498/3827/3511 3499/3828/3512
f 3506/3836/3520 2077/2294/2079 2075/2293/2078
f 2075/2293/2078 3505/3837/3521 3506/3836/3520
f 3508/3838/3522 3506/3836/3520 3505/3837/3521
f 3505/3837/3521 3507/3839/3523 3508/3838/3522
f 2074/2292/2077 2972/3204/2977 3505/3837/3521
f 3505/3837/3521 2075/2293/2078 2074/2292/2077
f 2972/3204/2977 2973/3207/2980 3507/3839/3523
f 3507/3839/3523 3505/3837/3521 2972/3204/2977
f 2983/3221/2993 2984/3220/2992 3509/3840/3524
f 3509/3840/3524 3510/3841/3525 2983/3221/2993
f 2973/3207/2980 2983/3221/2993 3510/3841/3525
f 3510/3841/3525 3507/3839/3523 2973/3207/2980
f 3512/3842/3526 3511/3843/3527 3510/3841/3525
f 3510/3841/3525 3509/3840/3524 3512/3842/3526
f 3511/3843/3527 3508/3838/3522 3507/3839/3523
f 3507/3839/3523 3510/3841/3525 3511/3843/3527
f 3322/3627/3372 1872/2090/1875 2085/2303/2088
f 2085/2303/2088 3513/3844/3528 3322/3627/3372
f 3513/3844/3528 2085/2303/2088 2084/2301/2086
f 2084/2301/2086 3514/3845/3529 3513/3844/3528
f 2081/2298/2083 3515/3846/3530 3516/3847/3531
f 3514/3845/3529 2084/2301/2086 2081/2298/2083
f 2081/2298/2083 3516/3847/3531 3514/3845/3529
f 3518/3848/3532 3177/3849/3192 3175/3850/3189
f 3175/3850/3189 3517/3851/3533 3518/3848/3532
f 3175/3850/3189 3519/3852/3534 3517/3851/3533
f 3515/3846/3530 3518/3848/3532 3517/3851/3533
f 3517/3851/3533 3516/3847/3531 3515/3846/3530
f 3516/3847/3531 3517/3851/3533 3519/3852/3534
f 3519/3852/3534 3514/3845/3529 3516/3847/3531
f 3521/3853/3535 3520/3854/3187 3155/3629/3166
f 3155/3629/3166 3326/3628/3373 3521/3853/3535
f 3513/3844/3528 3521/3853/3535 3326/3628/3373
f 3326/3628/3373 3322/3627/3372 3513/3844/3528
f 3519/3852/3534 3175/3850/3189 3520/3854/3187
f 3520/3854/3187 3521/3853/3535 3519/3852/3534
f 3514/3845/3529 3519/3852/3534 3521/3853/3535
f 3521/3853/3535 3513/3844/3528 3514/3845/3529
f 3522/2581/2366 2199/2421/2206 3602/2423/2208
f 2195/2417/2202 3523/2565/2350 2196/2418/2203
f 3246/3531/3276 1824/2042/1827 2267/2492/2277
f 2267/2492/2277 3524/3855/3536 3246/3531/3276
f 3524/3855/3536 2267/2492/2277 2265/2489/2274
f 2265/2489/2274 3525/3856/3537 3524/3855/3536
f 3984/3857/3538 2263/2488/2273 2837/2487/2272
f 3525/3856/3537 2265/2489/2274 2263/2488/2273
f 2263/2488/2273 3984/3857/3538 3525/3856/3537
f 3527/3858/3539 3526/3859/3417 3378/3860/3415
f 3378/3860/3415 3528/3861/3540 3527/3858/3539
f 3984/3857/3538 3527/3858/3539 3528/3861/3540
f 3528/3861/3540 3525/3856/3537 3984/3857/3538
f 3530/3862/3541 3529/3863/3413 3371/3533/3278
f 3371/3533/3278 3249/3532/3277 3530/3862/3541
f 3524/3855/3536 3530/3862/3541 3249/3532/3277
f 3249/3532/3277 3246/3531/3276 3524/3855/3536
f 3528/3861/3540 3378/3860/3415 3529/3863/3413
f 3529/3863/3413 3530/3862/3541 3528/3861/3540
f 3525/3856/3537 3528/3861/3540 3530/3862/3541
f 3530/3862/3541 3524/3855/3536 3525/3856/3537
f 2271/2495/2280 3531/3864/3542 3532/3865/3543
f 3531/3864/3542 2271/2495/2280 2270/2494/2279
f 2270/2494/2279 3533/3866/3544 3531/3864/3542
f 3534/3867/3545 2269/2493/2278 1838/2055/1840
f 1838/2055/1840 3255/3542/3287 3534/3867/3545
f 3533/3866/3544 2270/2494/2279 2269/2493/2278
f 2269/2493/2278 3534/3867/3545 3533/3866/3544
f 3265/3556/3301 3264/3555/3300 3548/3868/3546
f 3548/3868/3546 3535/3869/3547 3265/3556/3301
f 3535/3869/3547 3548/3868/3546 3546/3870/3548
f 3546/3870/3548 3536/3871/3549 3535/3869/3547
f 3255/3542/3287 3265/3556/3301 3535/3869/3547
f 3535/3869/3547 3534/3867/3545 3255/3542/3287
f 3534/3867/3545 3535/3869/3547 3536/3871/3549
f 3536/3871/3549 3533/3866/3544 3534/3867/3545
f 3539/3872/3550 3537/3873/3551 3538/3874/3552
f 3538/3874/3552 3978/3875/3553 3539/3872/3550
f 3531/3864/3542 3539/3872/3550 3978/3875/3553
f 3978/3875/3553 3532/3865/3543 3531/3864/3542
f 3536/3871/3549 3546/3870/3548 3537/3873/3551
f 3537/3873/3551 3539/3872/3550 3536/3871/3549
f 3533/3866/3544 3536/3871/3549 3539/3872/3550
f 3539/3872/3550 3531/3864/3542 3533/3866/3544
f 3384/3699/3423 1945/2163/1948 2276/2501/2286
f 2276/2501/2286 3540/3876/3554 3384/3699/3423
f 3540/3876/3554 2276/2501/2286 2273/2498/2283
f 2273/2498/2283 3541/3877/3555 3540/3876/3554
f 3543/3878/3556 2273/2498/2283 2272/2497/2282
f 2272/2497/2282 3542/3879/3557 3543/3878/3556
f 2273/2498/2283 3543/3878/3556 3541/3877/3555
f 3545/3880/3558 3538/3881/3552 3537/3882/3551
f 3537/3882/3551 3544/3883/3559 3545/3880/3558
f 3544/3883/3559 3537/3882/3551 3546/3884/3548
f 3546/3884/3548 3547/3885/3560 3544/3883/3559
f 3542/3879/3557 3545/3880/3558 3544/3883/3559
f 3544/3883/3559 3543/3878/3556 3542/3879/3557
f 3543/3878/3556 3544/3883/3559 3547/3885/3560
f 3547/3885/3560 3541/3877/3555 3543/3878/3556
f 3549/3886/3561 3548/3887/3546 3264/3701/3300
f 3264/3701/3300 3388/3700/3424 3549/3886/3561
f 3540/3876/3554 3549/3886/3561 3388/3700/3424
f 3388/3700/3424 3384/3699/3423 3540/3876/3554
f 3547/3885/3560 3546/3884/3548 3548/3887/3546
f 3548/3887/3546 3549/3886/3561 3547/3885/3560
f 3541/3877/3555 3547/3885/3560 3549/3886/3561
f 3549/3886/3561 3540/3876/3554 3541/3877/3555
f 3488/3816/3505 2054/2272/2057 2286/2511/2296
f 2286/2511/2296 3550/3888/3562 3488/3816/3505
f 3550/3888/3562 2286/2511/2296 2284/2508/2293
f 2284/2508/2293 3551/3889/3563 3550/3888/3562
f 3551/3889/3563 2284/2508/2293 2282/2507/2292
f 2282/2507/2292 3552/3890/3564 3551/3889/3563
f 3554/3891/3565 3553/3892/3262 3234/3893/3260
f 3234/3893/3260 3555/3894/3566 3554/3891/3565
f 3552/3890/3564 3554/3891/3565 3555/3894/3566
f 3555/3894/3566 3551/3889/3563 3552/3890/3564
f 3557/3895/3567 3556/3896/3258 3490/3818/3239
f 3490/3818/3239 3492/3817/3506 3557/3895/3567
f 3550/3888/3562 3557/3895/3567 3492/3817/3506
f 3492/3817/3506 3488/3816/3505 3550/3888/3562
f 3555/3894/3566 3234/3893/3260 3556/3896/3258
f 3556/3896/3258 3557/3895/3567 3555/3894/3566
f 3551/3889/3563 3555/3894/3566 3557/3895/3567
f 3557/3895/3567 3550/3888/3562 3551/3889/3563
f 3211/3484/3229 1818/2033/1818 2313/2537/2322
f 2313/2537/2322 3558/3897/3568 3211/3484/3229
f 2313/2537/2322 3559/3898/3569 3558/3897/3568
f 3560/3899/3570 2310/2535/2320 2309/2534/2319
f 2309/2534/2319 2987/3222/2994 3560/3899/3570
f 3559/3898/3569 2313/2537/2322 2310/2535/2320
f 2310/2535/2320 3560/3899/3570 3559/3898/3569
f 2996/3236/3004 2975/3235/2983 3503/3900/3519
f 3503/3900/3519 3561/3901/3571 2996/3236/3004
f 3561/3901/3571 3503/3900/3519 3562/3902/3516
f 3562/3902/3516 3563/3903/3572 3561/3901/3571
f 2987/3222/2994 2996/3236/3004 3561/3901/3571
f 3561/3901/3571 3560/3899/3570 2987/3222/2994
f 3560/3899/3570 3561/3901/3571 3563/3903/3572
f 3563/3903/3572 3559/3898/3569 3560/3899/3570
f 3565/3904/3573 3564/3905/3514 3495/3487/3232
f 3495/3487/3232 3214/3486/3231 3565/3904/3573
f 3558/3897/3568 3565/3904/3573 3214/3486/3231
f 3214/3486/3231 3211/3484/3229 3558/3897/3568
f 3563/3903/3572 3562/3902/3516 3564/3905/3514
f 3564/3905/3514 3565/3904/3573 3563/3903/3572
f 3559/3898/3569 3563/3903/3572 3565/3904/3573
f 3565/3904/3573 3558/3897/3568 3559/3898/3569
f 2998/3238/3006 2317/2540/2325 2316/2539/2324
f 2316/2539/2324 3566/3906/3574 2998/3238/3006
f 3566/3906/3574 2316/2539/2324 2315/2538/2323
f 2315/2538/2323 3567/3907/3575 3566/3906/3574
f 1823/2039/1824 3221/3496/3241 3568/3908/3576
f 3567/3907/3575 2315/2538/2323 1823/2039/1824
f 1823/2039/1824 3568/3908/3576 3567/3907/3575
f 3230/3510/3255 3467/3509/3254 3569/3909/3577
f 3569/3909/3577 3570/3910/3578 3230/3510/3255
f 3570/3910/3578 3569/3909/3577 3581/3911/3579
f 3581/3911/3579 3571/3912/3580 3570/3910/3578
f 3221/3496/3241 3230/3510/3255 3570/3910/3578
f 3570/3910/3578 3568/3908/3576 3221/3496/3241
f 3568/3908/3576 3570/3910/3578 3571/3912/3580
f 3571/3912/3580 3567/3907/3575 3568/3908/3576
f 3573/3913/3581 3572/3914/3582 3020/3244/3012
f 3020/3244/3012 3003/3243/3011 3573/3913/3581
f 3566/3906/3574 3573/3913/3581 3003/3243/3011
f 3003/3243/3011 2998/3238/3006 3566/3906/3574
f 3571/3912/3580 3581/3911/3579 3572/3914/3582
f 3572/3914/3582 3573/3913/3581 3571/3912/3580
f 3567/3907/3575 3571/3912/3580 3573/3913/3581
f 3573/3913/3581 3566/3906/3574 3567/3907/3575
f 2985/3223/2995 2309/2534/2319 2312/2533/2318
f 2312/2533/2318 3574/3915/3583 2985/3223/2995
f 2988/3225/2997 2985/3223/2995 3574/3915/3583
f 3574/3915/3583 3575/3916/3584 2988/3225/2997
f 2317/2540/2325 3000/3237/3005 3574/3915/3583
f 3574/3915/3583 2312/2533/2318 2317/2540/2325
f 3000/3237/3005 3002/3240/3008 3575/3916/3584
f 3575/3916/3584 3574/3915/3583 3000/3237/3005
f 3011/3251/3019 2945/3176/2953 3199/3471/3216
f 3199/3471/3216 3576/3917/3585 3011/3251/3019
f 3002/3240/3008 3011/3251/3019 3576/3917/3585
f 3576/3917/3585 3575/3916/3584 3002/3240/3008
f 2938/3167/2944 2990/3228/3000 3576/3917/3585
f 3576/3917/3585 3199/3471/3216 2938/3167/2944
f 2990/3228/3000 2988/3225/2997 3575/3916/3584
f 3575/3916/3584 3576/3917/3585 2990/3228/3000
f 3465/3790/3487 2029/2247/2032 2324/2548/2333
f 2324/2548/2333 3577/3918/3586 3465/3790/3487
f 3577/3918/3586 2324/2548/2333 2322/2545/2330
f 2322/2545/2330 3578/3919/3587 3577/3918/3586
f 3579/3920/3588 2319/2543/2328 2318/2542/2327
f 2318/2542/2327 3014/3252/3020 3579/3920/3588
f 3578/3919/3587 2322/2545/2330 2319/2543/2328
f 2319/2543/2328 3579/3920/3588 3578/3919/3587
f 3021/3265/3029 3020/3264/3012 3572/3921/3582
f 3572/3921/3582 3580/3922/3589 3021/3265/3029
f 3580/3922/3589 3572/3921/3582 3581/3923/3579
f 3581/3923/3579 3582/3924/3590 3580/3922/3589
f 3014/3252/3020 3021/3265/3029 3580/3922/3589
f 3580/3922/3589 3579/3920/3588 3014/3252/3020
f 3579/3920/3588 3580/3922/3589 3582/3924/3590
f 3582/3924/3590 3578/3919/3587 3579/3920/3588
f 3583/3925/3591 3569/3926/3577 3467/3792/3254
f 3467/3792/3254 3470/3791/3488 3583/3925/3591
f 3577/3918/3586 3583/3925/3591 3470/3791/3488
f 3470/3791/3488 3465/3790/3487 3577/3918/3586
f 3582/3924/3590 3581/3923/3579 3569/3926/3577
f 3569/3926/3577 3583/3925/3591 3582/3924/3590
f 3578/3919/3587 3582/3924/3590 3583/3925/3591
f 3583/3925/3591 3577/3918/3586 3578/3919/3587
f 3012/3253/3021 2318/2542/2327 2321/2541/2326
f 2321/2541/2326 3584/3927/3592 3012/3253/3021
f 3015/3255/3023 3012/3253/3021 3584/3927/3592
f 3584/3927/3592 3585/3928/3593 3015/3255/3023
f 2329/2552/2337 3586/3929/3594 3584/3927/3592
f 3584/3927/3592 2321/2541/2326 2329/2552/2337
f 3586/3929/3594 3587/3930/3595 3585/3928/3593
f 3585/3928/3593 3584/3927/3592 3586/3929/3594
f 3589/3931/3596 3461/3784/3481 3458/3782/3479
f 3458/3782/3479 3588/3932/3597 3589/3931/3596
f 3587/3930/3595 3589/3931/3596 3588/3932/3597
f 3588/3932/3597 3585/3928/3593 3587/3930/3595
f 2969/3202/2975 3016/3257/3025 3588/3932/3597
f 3588/3932/3597 3458/3782/3479 2969/3202/2975
f 3016/3257/3025 3015/3255/3023 3585/3928/3593
f 3585/3928/3593 3588/3932/3597 3016/3257/3025
f 3515/3846/3530 2081/2298/2083 2336/2560/2345
f 2336/2560/2345 3590/3933/3598 3515/3846/3530
f 3590/3933/3598 2336/2560/2345 2334/2557/2342
f 2334/2557/2342 3591/3934/3599 3590/3933/3598
f 3592/3935/3600 2331/2555/2340 2330/2554/2339
f 2330/2554/2339 3025/3266/3030 3592/3935/3600
f 3591/3934/3599 2334/2557/2342 2331/2555/2340
f 2331/2555/2340 3592/3935/3600 3591/3934/3599
f 3032/3278/3039 2928/3277/2936 3195/3936/3213
f 3195/3936/3213 3593/3937/3601 3032/3278/3039
f 3593/3937/3601 3195/3936/3213 3193/3938/3210
f 3193/3938/3210 3594/3939/3602 3593/3937/3601
f 3025/3266/3030 3032/3278/3039 3593/3937/3601
f 3593/3937/3601 3592/3935/3600 3025/3266/3030
f 3592/3935/3600 3593/3937/3601 3594/3939/3602
f 3594/3939/3602 3591/3934/3599 3592/3935/3600
f 3595/3940/3603 3191/3941/3208 3177/3849/3192
f 3177/3849/3192 3518/3848/3532 3595/3940/3603
f 3590/3933/3598 3595/3940/3603 3518/3848/3532
f 3518/3848/3532 3515/3846/3530 3590/3933/3598
f 3594/3939/3602 3193/3938/3210 3191/3941/3208
f 3191/3941/3208 3595/3940/3603 3594/3939/3602
f 3591/3934/3599 3594/3939/3602 3595/3940/3603
f 3595/3940/3603 3590/3933/3598 3591/3934/3599
f 3023/3267/3031 2330/2554/2339 2333/2553/2338
f 2333/2553/2338 3596/3942/3604 3023/3267/3031
f 3026/3269/3033 3023/3267/3031 3596/3942/3604
f 3596/3942/3604 3597/3943/3605 3026/3269/3033
f 2341/2564/2349 3598/3944/3606 3596/3942/3604
f 3596/3942/3604 2333/2553/2338 2341/2564/2349
f 3598/3944/3606 3599/3945/3607 3597/3943/3605
f 3597/3943/3605 3596/3942/3604 3598/3944/3606
f 3601/3946/3608 3512/3842/3526 3509/3840/3524
f 3509/3840/3524 3600/3947/3609 3601/3946/3608
f 3599/3945/3607 3601/3946/3608 3600/3947/3609
f 3600/3947/3609 3597/3943/3605 3599/3945/3607
f 2984/3220/2992 3028/3272/3036 3600/3947/3609
f 3600/3947/3609 3509/3840/3524 2984/3220/2992
f 3028/3272/3036 3026/3269/3033 3597/3943/3605
f 3597/3943/3605 3600/3947/3609 3028/3272/3036
f 2346/2570/2355 2198/2420/2205 2196/2418/2203
f 3602/2423/2208 2356/2579/2364 3522/2581/2366
f 2356/2579/2364 3602/2423/2208 2346/2570/2355
f 2198/2420/2205 2346/2570/2355 3602/2423/2208
f 3604/3948/3610 2366/2592/2377 2369/2591/2376
f 2369/2591/2376 3603/3949/3611 3604/3948/3610
f 3603/3949/3611 2369/2591/2376 2365/2590/2375
f 2365/2590/2375 3605/3950/3612 3603/3949/3611
f 3607/3951/3613 2363/2589/2374 2364/2588/2373
f 2364/2588/2373 3606/3952/3614 3607/3951/3613
f 3605/3950/3612 2365/2590/2375 2363/2589/2374
f 2363/2589/2374 3607/3951/3613 3605/3950/3612
f 3610/3953/3615 3873/3954/3616 3608/3955/3617
f 3608/3955/3617 3609/3956/3618 3610/3953/3615
f 3609/3956/3618 3608/3955/3617 3887/3957/3619
f 3887/3957/3619 3611/3958/3620 3609/3956/3618
f 3606/3952/3614 3610/3953/3615 3609/3956/3618
f 3609/3956/3618 3607/3951/3613 3606/3952/3614
f 3607/3951/3613 3609/3956/3618 3611/3958/3620
f 3611/3958/3620 3605/3950/3612 3607/3951/3613
f 3613/3959/3621 3884/3960/3622 3883/3961/3623
f 3883/3961/3623 3612/3962/3624 3613/3959/3621
f 3603/3949/3611 3613/3959/3621 3612/3962/3624
f 3612/3962/3624 3604/3948/3610 3603/3949/3611
f 3611/3958/3620 3887/3957/3619 3884/3960/3622
f 3884/3960/3622 3613/3959/3621 3611/3958/3620
f 3605/3950/3612 3611/3958/3620 3613/3959/3621
f 3613/3959/3621 3603/3949/3611 3605/3950/3612
f 3615/3963/3625 2357/2583/2368 2360/2582/2367
f 2360/2582/2367 3614/3964/3626 3615/3963/3625
f 3614/3964/3626 2360/2582/2367 2362/2586/2371
f 2362/2586/2371 3616/3965/3627 3614/3964/3626
f 3618/3966/3628 2370/2596/2381 2371/2595/2380
f 2371/2595/2380 3617/3967/3629 3618/3966/3628
f 3616/3965/3627 2362/2586/2371 2370/2596/2381
f 2370/2596/2381 3618/3966/3628 3616/3965/3627
f 3620/3968/3630 3788/3969/3631 3787/3970/3632
f 3787/3970/3632 3619/3971/3633 3620/3968/3630
f 3619/3971/3633 3787/3970/3632 3785/3972/3634
f 3785/3972/3634 3621/3973/3635 3619/3971/3633
f 3617/3967/3629 3620/3968/3630 3619/3971/3633
f 3619/3971/3633 3618/3966/3628 3617/3967/3629
f 3618/3966/3628 3619/3971/3633 3621/3973/3635
f 3621/3973/3635 3616/3965/3627 3618/3966/3628
f 3624/3974/3636 3622/3975/3637 3782/3976/3638
f 3782/3976/3638 3623/3977/3639 3624/3974/3636
f 3614/3964/3626 3624/3974/3636 3623/3977/3639
f 3623/3977/3639 3615/3963/3625 3614/3964/3626
f 3621/3973/3635 3785/3972/3634 3622/3975/3637
f 3622/3975/3637 3624/3974/3636 3621/3973/3635
f 3616/3965/3627 3621/3973/3635 3624/3974/3636
f 3624/3974/3636 3614/3964/3626 3616/3965/3627
f 3626/3978/3640 2378/2604/2389 2381/2603/2388
f 2381/2603/2388 3625/3979/3641 3626/3978/3640
f 3625/3979/3641 2381/2603/2388 2377/2602/2387
f 2377/2602/2387 3627/3980/3642 3625/3979/3641
f 3628/3981/3643 2376/2601/2386 2366/2592/2377
f 2366/2592/2377 3604/3948/3610 3628/3981/3643
f 3627/3980/3642 2377/2602/2387 2376/2601/2386
f 2376/2601/2386 3628/3981/3643 3627/3980/3642
f 3612/3962/3624 3883/3961/3623 3629/3982/3644
f 3629/3982/3644 3630/3983/3645 3612/3962/3624
f 3630/3983/3645 3629/3982/3644 3632/3984/3646
f 3632/3984/3646 3631/3985/3647 3630/3983/3645
f 3604/3948/3610 3612/3962/3624 3630/3983/3645
f 3630/3983/3645 3628/3981/3643 3604/3948/3610
f 3628/3981/3643 3630/3983/3645 3631/3985/3647
f 3631/3985/3647 3627/3980/3642 3628/3981/3643
f 3634/3986/3648 3632/3984/3646 3894/3987/3649
f 3894/3987/3649 3633/3988/3650 3634/3986/3648
f 3625/3979/3641 3634/3986/3648 3633/3988/3650
f 3633/3988/3650 3626/3978/3640 3625/3979/3641
f 3632/3984/3646 3634/3986/3648 3631/3985/3647
f 3627/3980/3642 3631/3985/3647 3634/3986/3648
f 3634/3986/3648 3625/3979/3641 3627/3980/3642
f 3617/3967/3629 2371/2595/2380 2373/2597/2382
f 2373/2597/2382 3635/3989/3651 3617/3967/3629
f 3635/3989/3651 2373/2597/2382 2375/2599/2384
f 2375/2599/2384 3636/3990/3652 3635/3989/3651
f 3638/3991/3653 2382/2608/2393 2383/2607/2392
f 2383/2607/2392 3637/3992/3654 3638/3991/3653
f 3636/3990/3652 2375/2599/2384 2382/2608/2393
f 2382/2608/2393 3638/3991/3653 3636/3990/3652
f 3642/3993/3655 3639/3994/3656 3640/3995/3657
f 3640/3995/3657 3641/3996/3658 3642/3993/3655
f 3640/3995/3657 3643/3997/3659 3641/3996/3658
f 3637/3992/3654 3642/3993/3655 3641/3996/3658
f 3641/3996/3658 3638/3991/3653 3637/3992/3654
f 3638/3991/3653 3641/3996/3658 3643/3997/3659
f 3643/3997/3659 3636/3990/3652 3638/3991/3653
f 3644/3998/3660 3967/3999/3661 3788/3969/3631
f 3788/3969/3631 3620/3968/3630 3644/3998/3660
f 3635/3989/3651 3644/3998/3660 3620/3968/3630
f 3620/3968/3630 3617/3967/3629 3635/3989/3651
f 3643/3997/3659 3640/3995/3657 3967/3999/3661
f 3967/3999/3661 3644/3998/3660 3643/3997/3659
f 3636/3990/3652 3643/3997/3659 3644/3998/3660
f 3644/3998/3660 3635/3989/3651 3636/3990/3652
f 3034/3281/3042 2390/2616/2401 2393/2615/2400
f 2393/2615/2400 3645/4000/3662 3034/3281/3042
f 3645/4000/3662 2393/2615/2400 2389/2614/2399
f 2389/2614/2399 3646/4001/3663 3645/4000/3662
f 3647/4002/3664 2388/2613/2398 2378/2604/2389
f 2378/2604/2389 3626/3978/3640 3647/4002/3664
f 3646/4001/3663 2389/2614/2399 2388/2613/2398
f 2388/2613/2398 3647/4002/3664 3646/4001/3663
f 3633/3988/3650 3894/3987/3649 3648/4003/3665
f 3648/4003/3665 3649/4004/3666 3633/3988/3650
f 3649/4004/3666 3648/4003/3665 3650/4005/3667
f 3650/4005/3667 3651/4006/3668 3649/4004/3666
f 3626/3978/3640 3633/3988/3650 3649/4004/3666
f 3649/4004/3666 3647/4002/3664 3626/3978/3640
f 3647/4002/3664 3649/4004/3666 3651/4006/3668
f 3651/4006/3668 3646/4001/3663 3647/4002/3664
f 3652/4007/3669 3910/4008/3670 3077/3287/3048
f 3077/3287/3048 3039/3286/3047 3652/4007/3669
f 3645/4000/3662 3652/4007/3669 3039/3286/3047
f 3039/3286/3047 3034/3281/3042 3645/4000/3662
f 3651/4006/3668 3650/4005/3667 3910/4008/3670
f 3910/4008/3670 3652/4007/3669 3651/4006/3668
f 3646/4001/3663 3651/4006/3668 3652/4007/3669
f 3652/4007/3669 3645/4000/3662 3646/4001/3663
f 3049/3298/3059 2395/2619/2404 2391/2617/2402
f 2391/2617/2402 3653/4009/3671 3049/3298/3059
f 3052/3300/3061 3049/3298/3059 3653/4009/3671
f 3653/4009/3671 3654/4010/3672 3052/3300/3061
f 2390/2616/2401 3036/3280/3041 3653/4009/3671
f 3653/4009/3671 2391/2617/2402 2390/2616/2401
f 3036/3280/3041 3038/3283/3044 3654/4010/3672
f 3654/4010/3672 3653/4009/3671 3036/3280/3041
f 3047/3296/3057 3048/3295/3056 3655/4011/3673
f 3655/4011/3673 3656/4012/3674 3047/3296/3057
f 3038/3283/3044 3047/3296/3057 3656/4012/3674
f 3656/4012/3674 3654/4010/3672 3038/3283/3044
f 3055/3304/3065 3054/3303/3064 3656/4012/3674
f 3656/4012/3674 3655/4011/3673 3055/3304/3065
f 3054/3303/3064 3052/3300/3061 3654/4010/3672
f 3654/4010/3672 3656/4012/3674 3054/3303/3064
f 3637/3992/3654 2383/2607/2392 2385/2609/2394
f 2385/2609/2394 3657/4013/3675 3637/3992/3654
f 3657/4013/3675 2385/2609/2394 2387/2611/2396
f 2387/2611/2396 3658/4014/3676 3657/4013/3675
f 3659/4015/3677 2394/2620/2405 2395/2619/2404
f 2395/2619/2404 3051/3297/3058 3659/4015/3677
f 3658/4014/3676 2387/2611/2396 2394/2620/2405
f 2394/2620/2405 3659/4015/3677 3658/4014/3676
f 3063/3312/3073 3062/3313/3074 4047/4016/3678
f 4047/4016/3678 3660/4017/3679 3063/3312/3073
f 3660/4017/3679 4047/4016/3678 3661/4018/3680
f 3661/4018/3680 3662/4019/3681 3660/4017/3679
f 3051/3297/3058 3063/3312/3073 3660/4017/3679
f 3660/4017/3679 3659/4015/3677 3051/3297/3058
f 3659/4015/3677 3660/4017/3679 3662/4019/3681
f 3662/4019/3681 3658/4014/3676 3659/4015/3677
f 3664/4020/3682 3663/4021/3683 3639/3994/3656
f 3639/3994/3656 3642/3993/3655 3664/4020/3682
f 3657/4013/3675 3664/4020/3682 3642/3993/3655
f 3642/3993/3655 3637/3992/3654 3657/4013/3675
f 3662/4019/3681 3661/4018/3680 3663/4021/3683
f 3663/4021/3683 3664/4020/3682 3662/4019/3681
f 3658/4014/3676 3662/4019/3681 3664/4020/3682
f 3664/4020/3682 3657/4013/3675 3658/4014/3676
f 3666/4022/3684 2399/2040/1825 2398/2625/2410
f 2398/2625/2410 3665/4023/3685 3666/4022/3684
f 2398/2625/2410 3667/4024/3686 3668/4025/3687
f 2398/2625/2410 3668/4025/3687 3665/4023/3685
f 3671/4026/3688 3669/4027/3689 3924/4028/3690
f 3924/4028/3690 3670/4029/3691 3671/4026/3688
f 3670/4029/3691 3924/4028/3690 3922/4030/3692
f 3922/4030/3692 3672/4031/3693 3670/4029/3691
f 3667/4024/3686 3671/4026/3688 3670/4029/3691
f 3670/4029/3691 3668/4025/3687 3667/4024/3686
f 3668/4025/3687 3670/4029/3691 3672/4031/3693
f 3672/4031/3693 3665/4023/3685 3668/4025/3687
f 3675/4032/3694 3919/4033/3695 3673/4034/3696
f 3673/4034/3696 3674/4035/3697 3675/4032/3694
f 3665/4023/3685 3675/4032/3694 3674/4035/3697
f 3674/4035/3697 3666/4022/3684 3665/4023/3685
f 3672/4031/3693 3922/4030/3692 3919/4033/3695
f 3919/4033/3695 3675/4032/3694 3672/4031/3693
f 3665/4023/3685 3672/4031/3693 3675/4032/3694
f 3677/4036/3698 2396/2622/2407 2397/2621/2406
f 2397/2621/2406 3676/4037/3699 3677/4036/3698
f 2397/2621/2406 3678/4038/3700 3676/4037/3699
f 2401/2626/2411 3679/4039/3701 3680/4040/3702
f 3678/4038/3700 2397/2621/2406 2401/2626/2411
f 2401/2626/2411 3680/4040/3702 3678/4038/3700
f 3682/4041/3703 3944/4042/3704 3943/4043/3705
f 3943/4043/3705 3681/4044/3706 3682/4041/3703
f 3681/4044/3706 3943/4043/3705 3941/4045/3707
f 3941/4045/3707 3683/4046/3708 3681/4044/3706
f 3679/4039/3701 3682/4041/3703 3681/4044/3706
f 3681/4044/3706 3680/4040/3702 3679/4039/3701
f 3680/4040/3702 3681/4044/3706 3683/4046/3708
f 3683/4046/3708 3678/4038/3700 3680/4040/3702
f 3687/4047/3709 3684/4048/3710 3685/4049/3711
f 3685/4049/3711 3686/4050/3712 3687/4047/3709
f 3676/4037/3699 3687/4047/3709 3686/4050/3712
f 3686/4050/3712 3677/4036/3698 3676/4037/3699
f 3683/4046/3708 3941/4045/3707 3684/4048/3710
f 3684/4048/3710 3687/4047/3709 3683/4046/3708
f 3678/4038/3700 3683/4046/3708 3687/4047/3709
f 3687/4047/3709 3676/4037/3699 3678/4038/3700
f 2399/2040/1825 3688/4051/3713 3238/3520/3265
f 2399/2040/1825 3666/4022/3684 3688/4051/3713
f 3674/4035/3697 3673/4034/3696 3932/4052/3714
f 3932/4052/3714 3689/4053/3715 3674/4035/3697
f 3689/4053/3715 3932/4052/3714 3930/4054/3716
f 3930/4054/3716 3690/4055/3717 3689/4053/3715
f 3666/4022/3684 3674/4035/3697 3689/4053/3715
f 3666/4022/3684 3689/4053/3715 3690/4055/3717
f 3690/4055/3717 3688/4051/3713 3666/4022/3684
f 3691/4056/3718 3929/4057/3719 3482/3522/3267
f 3482/3522/3267 3239/3521/3266 3691/4056/3718
f 3688/4051/3713 3691/4056/3718 3239/3521/3266
f 3239/3521/3266 3238/3520/3265 3688/4051/3713
f 3690/4055/3717 3930/4054/3716 3929/4057/3719
f 3929/4057/3719 3691/4056/3718 3690/4055/3717
f 3688/4051/3713 3690/4055/3717 3691/4056/3718
f 2401/2626/2411 3692/3512/3257 3679/4039/3701
f 3692/3512/3257 2401/2626/2411 1819/2036/1821
f 3236/3518/3263 3553/3517/3262 4003/4058/3720
f 3236/3518/3263 4003/4058/3720 4001/4059/3721
f 4001/4059/3721 3693/4060/3722 3236/3518/3263
f 3692/3512/3257 3236/3518/3263 3693/4060/3722
f 3694/4061/3723 3999/4062/3724 3944/4042/3704
f 3944/4042/3704 3682/4041/3703 3694/4061/3723
f 3679/4039/3701 3694/4061/3723 3682/4041/3703
f 3693/4060/3722 4001/4059/3721 3999/4062/3724
f 3999/4062/3724 3694/4061/3723 3693/4060/3722
f 3692/3512/3257 3693/4060/3722 3694/4061/3723
f 3694/4061/3723 3679/4039/3701 3692/3512/3257
f 3696/4063/3725 2411/2637/2422 2414/2636/2421
f 2414/2636/2421 3695/4064/3726 3696/4063/3725
f 3695/4064/3726 2414/2636/2421 2410/2635/2420
f 2410/2635/2420 3697/4065/3727 3695/4064/3726
f 3699/4066/3728 2408/2634/2419 2409/2633/2418
f 2409/2633/2418 3698/4067/3729 3699/4066/3728
f 3697/4065/3727 2410/2635/2420 2408/2634/2419
f 2408/2634/2419 3699/4066/3728 3697/4065/3727
f 3702/4068/3730 3847/4069/3731 3700/4070/3732
f 3700/4070/3732 3701/4071/3733 3702/4068/3730
f 3701/4071/3733 3700/4070/3732 3703/4072/3734
f 3703/4072/3734 3704/4073/3735 3701/4071/3733
f 3698/4067/3729 3702/4068/3730 3701/4071/3733
f 3701/4071/3733 3699/4066/3728 3698/4067/3729
f 3699/4066/3728 3701/4071/3733 3704/4073/3735
f 3704/4073/3735 3697/4065/3727 3699/4066/3728
f 3707/4074/3736 3843/4075/3737 3705/4076/3738
f 3705/4076/3738 3706/4077/3739 3707/4074/3736
f 3695/4064/3726 3707/4074/3736 3706/4077/3739
f 3706/4077/3739 3696/4063/3725 3695/4064/3726
f 3704/4073/3735 3703/4072/3734 3843/4075/3737
f 3843/4075/3737 3707/4074/3736 3704/4073/3735
f 3697/4065/3727 3704/4073/3735 3707/4074/3736
f 3707/4074/3736 3695/4064/3726 3697/4065/3727
f 3709/4078/3740 2402/2628/2413 2405/2627/2412
f 2405/2627/2412 3708/4079/3741 3709/4078/3740
f 3708/4079/3741 2405/2627/2412 2407/2631/2416
f 2407/2631/2416 3710/4080/3742 3708/4079/3741
f 3712/4081/3743 2415/2641/2426 2416/2640/2425
f 2416/2640/2425 3711/4082/3744 3712/4081/3743
f 3710/4080/3742 2407/2631/2416 2415/2641/2426
f 2415/2641/2426 3712/4081/3743 3710/4080/3742
f 3715/4083/3745 3713/4084/3746 3829/4085/3747
f 3829/4085/3747 3714/4086/3748 3715/4083/3745
f 3714/4086/3748 3829/4085/3747 3716/4087/3749
f 3716/4087/3749 3717/4088/3750 3714/4086/3748
f 3711/4082/3744 3715/4083/3745 3714/4086/3748
f 3714/4086/3748 3712/4081/3743 3711/4082/3744
f 3712/4081/3743 3714/4086/3748 3717/4088/3750
f 3717/4088/3750 3710/4080/3742 3712/4081/3743
f 3721/4089/3751 3718/4090/3752 3719/4091/3753
f 3719/4091/3753 3720/4092/3754 3721/4089/3751
f 3708/4079/3741 3721/4089/3751 3720/4092/3754
f 3720/4092/3754 3709/4078/3740 3708/4079/3741
f 3717/4088/3750 3716/4087/3749 3718/4090/3752
f 3718/4090/3752 3721/4089/3751 3717/4088/3750
f 3710/4080/3742 3717/4088/3750 3721/4089/3751
f 3721/4089/3751 3708/4079/3741 3710/4080/3742
f 3723/4093/3755 2423/2649/2434 2426/2648/2433
f 2426/2648/2433 3722/4094/3756 3723/4093/3755
f 3722/4094/3756 2426/2648/2433 2422/2647/2432
f 2422/2647/2432 3724/4095/3757 3722/4094/3756
f 3725/4096/3758 2421/2646/2431 2411/2637/2422
f 2411/2637/2422 3696/4063/3725 3725/4096/3758
f 3724/4095/3757 2422/2647/2432 2421/2646/2431
f 2421/2646/2431 3725/4096/3758 3724/4095/3757
f 3706/4077/3739 3705/4076/3738 3726/4097/3759
f 3726/4097/3759 3727/4098/3760 3706/4077/3739
f 3727/4098/3760 3726/4097/3759 3856/4099/3761
f 3856/4099/3761 3728/4100/3762 3727/4098/3760
f 3696/4063/3725 3706/4077/3739 3727/4098/3760
f 3727/4098/3760 3725/4096/3758 3696/4063/3725
f 3725/4096/3758 3727/4098/3760 3728/4100/3762
f 3728/4100/3762 3724/4095/3757 3725/4096/3758
f 3732/4101/3763 3729/4102/3764 3730/4103/3765
f 3730/4103/3765 3731/4104/3766 3732/4101/3763
f 3722/4094/3756 3732/4101/3763 3731/4104/3766
f 3731/4104/3766 3723/4093/3755 3722/4094/3756
f 3728/4100/3762 3856/4099/3761 3729/4102/3764
f 3729/4102/3764 3732/4101/3763 3728/4100/3762
f 3724/4095/3757 3728/4100/3762 3732/4101/3763
f 3732/4101/3763 3722/4094/3756 3724/4095/3757
f 3711/4082/3744 2416/2640/2425 2418/2642/2427
f 2418/2642/2427 3733/4105/3767 3711/4082/3744
f 3733/4105/3767 2418/2642/2427 2420/2644/2429
f 2420/2644/2429 3734/4106/3768 3733/4105/3767
f 3736/4107/3769 2427/2653/2438 2428/2652/2437
f 2428/2652/2437 3735/4108/3770 3736/4107/3769
f 3734/4106/3768 2420/2644/2429 2427/2653/2438
f 2427/2653/2438 3736/4107/3769 3734/4106/3768
f 3739/4109/3771 3737/4110/3772 3820/4111/3773
f 3820/4111/3773 3738/4112/3774 3739/4109/3771
f 3738/4112/3774 3820/4111/3773 3740/4113/3775
f 3740/4113/3775 3741/4114/3776 3738/4112/3774
f 3735/4108/3770 3739/4109/3771 3738/4112/3774
f 3738/4112/3774 3736/4107/3769 3735/4108/3770
f 3736/4107/3769 3738/4112/3774 3741/4114/3776
f 3741/4114/3776 3734/4106/3768 3736/4107/3769
f 3743/4115/3777 3742/4116/3778 3713/4084/3746
f 3713/4084/3746 3715/4083/3745 3743/4115/3777
f 3733/4105/3767 3743/4115/3777 3715/4083/3745
f 3715/4083/3745 3711/4082/3744 3733/4105/3767
f 3741/4114/3776 3740/4113/3775 3742/4116/3778
f 3742/4116/3778 3743/4115/3777 3741/4114/3776
f 3734/4106/3768 3741/4114/3776 3743/4115/3777
f 3743/4115/3777 3733/4105/3767 3734/4106/3768
f 3745/4117/3779 2435/2661/2446 2438/2660/2445
f 2438/2660/2445 3744/4118/3780 3745/4117/3779
f 3744/4118/3780 2438/2660/2445 2434/2659/2444
f 2434/2659/2444 3746/4119/3781 3744/4118/3780
f 3747/4120/3782 2433/2658/2443 2423/2649/2434
f 2423/2649/2434 3723/4093/3755 3747/4120/3782
f 3746/4119/3781 2434/2659/2444 2433/2658/2443
f 2433/2658/2443 3747/4120/3782 3746/4119/3781
f 3731/4104/3766 3730/4103/3765 3748/4121/3783
f 3748/4121/3783 3749/4122/3784 3731/4104/3766
f 3749/4122/3784 3748/4121/3783 3866/4123/3785
f 3866/4123/3785 3750/4124/3786 3749/4122/3784
f 3723/4093/3755 3731/4104/3766 3749/4122/3784
f 3749/4122/3784 3747/4120/3782 3723/4093/3755
f 3747/4120/3782 3749/4122/3784 3750/4124/3786
f 3750/4124/3786 3746/4119/3781 3747/4120/3782
f 3753/4125/3787 3751/4126/3788 3863/4127/3789
f 3863/4127/3789 3752/4128/3790 3753/4125/3787
f 3744/4118/3780 3753/4125/3787 3752/4128/3790
f 3752/4128/3790 3745/4117/3779 3744/4118/3780
f 3750/4124/3786 3866/4123/3785 3751/4126/3788
f 3751/4126/3788 3753/4125/3787 3750/4124/3786
f 3746/4119/3781 3750/4124/3786 3753/4125/3787
f 3753/4125/3787 3744/4118/3780 3746/4119/3781
f 3735/4108/3770 2428/2652/2437 2430/2654/2439
f 2430/2654/2439 3754/4129/3791 3735/4108/3770
f 3754/4129/3791 2430/2654/2439 2432/2656/2441
f 2432/2656/2441 3755/4130/3792 3754/4129/3791
f 3757/4131/3793 2439/2665/2450 2440/2664/2449
f 2440/2664/2449 3756/4132/3794 3757/4131/3793
f 3755/4130/3792 2432/2656/2441 2439/2665/2450
f 2439/2665/2450 3757/4131/3793 3755/4130/3792
f 3759/4133/3795 3795/4134/3796 3811/4135/3797
f 3811/4135/3797 3758/4136/3798 3759/4133/3795
f 3758/4136/3798 3811/4135/3797 3809/4137/3799
f 3809/4137/3799 3760/4138/3800 3758/4136/3798
f 3756/4132/3794 3759/4133/3795 3758/4136/3798
f 3758/4136/3798 3757/4131/3793 3756/4132/3794
f 3757/4131/3793 3758/4136/3798 3760/4138/3800
f 3760/4138/3800 3755/4130/3792 3757/4131/3793
f 3761/4139/3801 3806/4140/3802 3737/4110/3772
f 3737/4110/3772 3739/4109/3771 3761/4139/3801
f 3754/4129/3791 3761/4139/3801 3739/4109/3771
f 3739/4109/3771 3735/4108/3770 3754/4129/3791
f 3760/4138/3800 3809/4137/3799 3806/4140/3802
f 3806/4140/3802 3761/4139/3801 3760/4138/3800
f 3755/4130/3792 3760/4138/3800 3761/4139/3801
f 3761/4139/3801 3754/4129/3791 3755/4130/3792
f 3606/3952/3614 2364/2588/2373 2448/2672/2457
f 2448/2672/2457 3762/4141/3803 3606/3952/3614
f 3762/4141/3803 2448/2672/2457 2446/2671/2456
f 2446/2671/2456 3763/4142/3804 3762/4141/3803
f 3764/4143/3805 2445/2670/2455 2435/2661/2446
f 2435/2661/2446 3745/4117/3779 3764/4143/3805
f 3763/4142/3804 2446/2671/2456 2445/2670/2455
f 2445/2670/2455 3764/4143/3805 3763/4142/3804
f 3752/4128/3790 3863/4127/3789 3765/4144/3806
f 3765/4144/3806 3766/4145/3807 3752/4128/3790
f 3766/4145/3807 3765/4144/3806 3876/4146/3808
f 3876/4146/3808 3767/4147/3809 3766/4145/3807
f 3745/4117/3779 3752/4128/3790 3766/4145/3807
f 3766/4145/3807 3764/4143/3805 3745/4117/3779
f 3764/4143/3805 3766/4145/3807 3767/4147/3809
f 3767/4147/3809 3763/4142/3804 3764/4143/3805
f 3769/4148/3810 3768/4149/3811 3873/3954/3616
f 3873/3954/3616 3610/3953/3615 3769/4148/3810
f 3762/4141/3803 3769/4148/3810 3610/3953/3615
f 3610/3953/3615 3606/3952/3614 3762/4141/3803
f 3767/4147/3809 3876/4146/3808 3768/4149/3811
f 3768/4149/3811 3769/4148/3810 3767/4147/3809
f 3763/4142/3804 3767/4147/3809 3769/4148/3810
f 3769/4148/3810 3762/4141/3803 3763/4142/3804
f 3756/4132/3794 2440/2664/2449 2442/2666/2451
f 2442/2666/2451 3770/4150/3812 3756/4132/3794
f 3770/4150/3812 2442/2666/2451 2444/2668/2453
f 2444/2668/2453 3771/4151/3813 3770/4150/3812
f 3772/4152/3814 2449/2674/2459 2357/2583/2368
f 2357/2583/2368 3615/3963/3625 3772/4152/3814
f 3771/4151/3813 2444/2668/2453 2449/2674/2459
f 2449/2674/2459 3772/4152/3814 3771/4151/3813
f 3623/3977/3639 3782/3976/3638 3800/4153/3815
f 3800/4153/3815 3773/4154/3816 3623/3977/3639
f 3773/4154/3816 3800/4153/3815 3774/4155/3817
f 3774/4155/3817 3775/4156/3818 3773/4154/3816
f 3615/3963/3625 3623/3977/3639 3773/4154/3816
f 3773/4154/3816 3772/4152/3814 3615/3963/3625
f 3772/4152/3814 3773/4154/3816 3775/4156/3818
f 3775/4156/3818 3771/4151/3813 3772/4152/3814
f 3776/4157/3819 3796/4158/3820 3795/4134/3796
f 3795/4134/3796 3759/4133/3795 3776/4157/3819
f 3770/4150/3812 3776/4157/3819 3759/4133/3795
f 3759/4133/3795 3756/4132/3794 3770/4150/3812
f 3775/4156/3818 3774/4155/3817 3796/4158/3820
f 3796/4158/3820 3776/4157/3819 3775/4156/3818
f 3771/4151/3813 3775/4156/3818 3776/4157/3819
f 3776/4157/3819 3770/4150/3812 3771/4151/3813
f 3778/4159/3821 2450/2676/2461 2453/2675/2460
f 2453/2675/2460 3777/4160/3822 3778/4159/3821
f 3777/4160/3822 2453/2675/2460 2455/2679/2464
f 2455/2679/2464 3779/4161/3823 3777/4160/3822
f 3781/4162/3824 2463/2689/2474 2464/2688/2473
f 2464/2688/2473 3780/4163/3825 3781/4162/3824
f 3779/4161/3823 2455/2679/2464 2463/2689/2474
f 2463/2689/2474 3781/4162/3824 3779/4161/3823
f 3784/4164/3826 3782/4165/3638 3622/4166/3637
f 3622/4166/3637 3783/4167/3827 3784/4164/3826
f 3783/4167/3827 3622/4166/3637 3785/4168/3634
f 3785/4168/3634 3786/4169/3828 3783/4167/3827
f 3780/4163/3825 3784/4164/3826 3783/4167/3827
f 3783/4167/3827 3781/4162/3824 3780/4163/3825
f 3781/4162/3824 3783/4167/3827 3786/4169/3828
f 3786/4169/3828 3779/4161/3823 3781/4162/3824
f 3790/4170/3829 3787/4171/3632 3788/4172/3631
f 3788/4172/3631 3789/4173/3830 3790/4170/3829
f 3777/4160/3822 3790/4170/3829 3789/4173/3830
f 3789/4173/3830 3778/4159/3821 3777/4160/3822
f 3786/4169/3828 3785/4168/3634 3787/4171/3632
f 3787/4171/3632 3790/4170/3829 3786/4169/3828
f 3779/4161/3823 3786/4169/3828 3790/4170/3829
f 3790/4170/3829 3777/4160/3822 3779/4161/3823
f 3780/4163/3825 2464/2688/2473 2466/2690/2475
f 2466/2690/2475 3791/4174/3831 3780/4163/3825
f 3791/4174/3831 2466/2690/2475 2468/2692/2477
f 2468/2692/2477 3792/4175/3832 3791/4174/3831
f 3794/4176/3833 2475/2701/2486 2476/2700/2485
f 2476/2700/2485 3793/4177/3834 3794/4176/3833
f 3792/4175/3832 2468/2692/2477 2475/2701/2486
f 2475/2701/2486 3794/4176/3833 3792/4175/3832
f 3798/4178/3835 3795/4179/3796 3796/4180/3820
f 3796/4180/3820 3797/4181/3836 3798/4178/3835
f 3797/4181/3836 3796/4180/3820 3774/4182/3817
f 3774/4182/3817 3799/4183/3837 3797/4181/3836
f 3793/4177/3834 3798/4178/3835 3797/4181/3836
f 3797/4181/3836 3794/4176/3833 3793/4177/3834
f 3794/4176/3833 3797/4181/3836 3799/4183/3837
f 3799/4183/3837 3792/4175/3832 3794/4176/3833
f 3801/4184/3838 3800/4185/3815 3782/4165/3638
f 3782/4165/3638 3784/4164/3826 3801/4184/3838
f 3791/4174/3831 3801/4184/3838 3784/4164/3826
f 3784/4164/3826 3780/4163/3825 3791/4174/3831
f 3799/4183/3837 3774/4182/3817 3800/4185/3815
f 3800/4185/3815 3801/4184/3838 3799/4183/3837
f 3792/4175/3832 3799/4183/3837 3801/4184/3838
f 3801/4184/3838 3791/4174/3831 3792/4175/3832
f 3793/4177/3834 2476/2700/2485 2478/2702/2487
f 2478/2702/2487 3802/4186/3839 3793/4177/3834
f 3802/4186/3839 2478/2702/2487 2480/2704/2489
f 2480/2704/2489 3803/4187/3840 3802/4186/3839
f 3805/4188/3841 2487/2713/2498 2488/2712/2497
f 2488/2712/2497 3804/4189/3842 3805/4188/3841
f 3803/4187/3840 2480/2704/2489 2487/2713/2498
f 2487/2713/2498 3805/4188/3841 3803/4187/3840
f 3808/4190/3843 3737/4191/3772 3806/4192/3802
f 3806/4192/3802 3807/4193/3844 3808/4190/3843
f 3807/4193/3844 3806/4192/3802 3809/4194/3799
f 3809/4194/3799 3810/4195/3845 3807/4193/3844
f 3804/4189/3842 3808/4190/3843 3807/4193/3844
f 3807/4193/3844 3805/4188/3841 3804/4189/3842
f 3805/4188/3841 3807/4193/3844 3810/4195/3845
f 3810/4195/3845 3803/4187/3840 3805/4188/3841
f 3812/4196/3846 3811/4197/3797 3795/4179/3796
f 3795/4179/3796 3798/4178/3835 3812/4196/3846
f 3802/4186/3839 3812/4196/3846 3798/4178/3835
f 3798/4178/3835 3793/4177/3834 3802/4186/3839
f 3810/4195/3845 3809/4194/3799 3811/4197/3797
f 3811/4197/3797 3812/4196/3846 3810/4195/3845
f 3803/4187/3840 3810/4195/3845 3812/4196/3846
f 3812/4196/3846 3802/4186/3839 3803/4187/3840
f 3804/4189/3842 2488/2712/2497 2490/2714/2499
f 2490/2714/2499 3813/4198/3847 3804/4189/3842
f 3813/4198/3847 2490/2714/2499 2492/2716/2501
f 2492/2716/2501 3814/4199/3848 3813/4198/3847
f 3816/4200/3849 2499/2725/2510 2500/2724/2509
f 2500/2724/2509 3815/4201/3850 3816/4200/3849
f 3814/4199/3848 2492/2716/2501 2499/2725/2510
f 2499/2725/2510 3816/4200/3849 3814/4199/3848
f 3818/4202/3851 3713/4203/3746 3742/4204/3778
f 3742/4204/3778 3817/4205/3852 3818/4202/3851
f 3817/4205/3852 3742/4204/3778 3740/4206/3775
f 3740/4206/3775 3819/4207/3853 3817/4205/3852
f 3815/4201/3850 3818/4202/3851 3817/4205/3852
f 3817/4205/3852 3816/4200/3849 3815/4201/3850
f 3816/4200/3849 3817/4205/3852 3819/4207/3853
f 3819/4207/3853 3814/4199/3848 3816/4200/3849
f 3821/4208/3854 3820/4209/3773 3737/4191/3772
f 3737/4191/3772 3808/4190/3843 3821/4208/3854
f 3813/4198/3847 3821/4208/3854 3808/4190/3843
f 3808/4190/3843 3804/4189/3842 3813/4198/3847
f 3819/4207/3853 3740/4206/3775 3820/4209/3773
f 3820/4209/3773 3821/4208/3854 3819/4207/3853
f 3814/4199/3848 3819/4207/3853 3821/4208/3854
f 3821/4208/3854 3813/4198/3847 3814/4199/3848
f 3815/4201/3850 2500/2724/2509 2502/2726/2511
f 2502/2726/2511 3822/4210/3855 3815/4201/3850
f 3822/4210/3855 2502/2726/2511 2504/2728/2513
f 2504/2728/2513 3823/4211/3856 3822/4210/3855
f 3825/4212/3857 2511/2737/2522 2512/2736/2521
f 2512/2736/2521 3824/4213/3858 3825/4212/3857
f 3823/4211/3856 2504/2728/2513 2511/2737/2522
f 2511/2737/2522 3825/4212/3857 3823/4211/3856
f 3827/4214/3859 3719/4215/3753 3718/4216/3752
f 3718/4216/3752 3826/4217/3860 3827/4214/3859
f 3826/4217/3860 3718/4216/3752 3716/4218/3749
f 3716/4218/3749 3828/4219/3861 3826/4217/3860
f 3824/4213/3858 3827/4214/3859 3826/4217/3860
f 3826/4217/3860 3825/4212/3857 3824/4213/3858
f 3825/4212/3857 3826/4217/3860 3828/4219/3861
f 3828/4219/3861 3823/4211/3856 3825/4212/3857
f 3830/4220/3862 3829/4221/3747 3713/4203/3746
f 3713/4203/3746 3818/4202/3851 3830/4220/3862
f 3822/4210/3855 3830/4220/3862 3818/4202/3851
f 3818/4202/3851 3815/4201/3850 3822/4210/3855
f 3828/4219/3861 3716/4218/3749 3829/4221/3747
f 3829/4221/3747 3830/4220/3862 3828/4219/3861
f 3823/4211/3856 3828/4219/3861 3830/4220/3862
f 3830/4220/3862 3822/4210/3855 3823/4211/3856
f 3824/4213/3858 2512/2736/2521 2514/2738/2523
f 2514/2738/2523 3831/4222/3863 3824/4213/3858
f 3831/4222/3863 2514/2738/2523 2516/2740/2525
f 2516/2740/2525 3832/4223/3864 3831/4222/3863
f 3833/4224/3865 2516/2740/2525 1939/2156/1941
f 1939/2156/1941 3374/3686/3410 3833/4224/3865
f 2516/2740/2525 3833/4224/3865 3832/4223/3864
f 3380/3694/3418 3526/3693/3417 3990/4225/3866
f 3990/4225/3866 3834/4226/3867 3380/3694/3418
f 3834/4226/3867 3990/4225/3866 3835/4227/3868
f 3835/4227/3868 3836/4228/3869 3834/4226/3867
f 3374/3686/3410 3380/3694/3418 3834/4226/3867
f 3834/4226/3867 3833/4224/3865 3374/3686/3410
f 3833/4224/3865 3834/4226/3867 3836/4228/3869
f 3836/4228/3869 3832/4223/3864 3833/4224/3865
f 3837/4229/3870 3987/4230/3871 3719/4215/3753
f 3719/4215/3753 3827/4214/3859 3837/4229/3870
f 3831/4222/3863 3837/4229/3870 3827/4214/3859
f 3827/4214/3859 3824/4213/3858 3831/4222/3863
f 3836/4228/3869 3835/4227/3868 3987/4230/3871
f 3987/4230/3871 3837/4229/3870 3836/4228/3869
f 3832/4223/3864 3836/4228/3869 3837/4229/3870
f 3837/4229/3870 3831/4222/3863 3832/4223/3864
f 3839/4231/3872 2520/2746/2531 2523/2745/2530
f 2523/2745/2530 3838/4232/3873 3839/4231/3872
f 3838/4232/3873 2523/2745/2530 2525/2749/2534
f 2525/2749/2534 3840/4233/3874 3838/4232/3873
f 3842/4234/3875 2533/2759/2544 2534/2758/2543
f 2534/2758/2543 3841/4235/3876 3842/4234/3875
f 3840/4233/3874 2525/2749/2534 2533/2759/2544
f 2533/2759/2544 3842/4234/3875 3840/4233/3874
f 3845/4236/3877 3705/4237/3738 3843/4238/3737
f 3843/4238/3737 3844/4239/3878 3845/4236/3877
f 3844/4239/3878 3843/4238/3737 3703/4240/3734
f 3703/4240/3734 3846/4241/3879 3844/4239/3878
f 3841/4235/3876 3845/4236/3877 3844/4239/3878
f 3844/4239/3878 3842/4234/3875 3841/4235/3876
f 3842/4234/3875 3844/4239/3878 3846/4241/3879
f 3846/4241/3879 3840/4233/3874 3842/4234/3875
f 3849/4242/3880 3700/4243/3732 3847/4244/3731
f 3847/4244/3731 3848/4245/3881 3849/4242/3880
f 3838/4232/3873 3849/4242/3880 3848/4245/3881
f 3848/4245/3881 3839/4231/3872 3838/4232/3873
f 3846/4241/3879 3703/4240/3734 3700/4243/3732
f 3700/4243/3732 3849/4242/3880 3846/4241/3879
f 3840/4233/3874 3846/4241/3879 3849/4242/3880
f 3849/4242/3880 3838/4232/3873 3840/4233/3874
f 3841/4235/3876 2534/2758/2543 2536/2760/2545
f 2536/2760/2545 3850/4246/3882 3841/4235/3876
f 3850/4246/3882 2536/2760/2545 2538/2762/2547
f 2538/2762/2547 3851/4247/3883 3850/4246/3882
f 3853/4248/3884 2545/2771/2556 2546/2770/2555
f 2546/2770/2555 3852/4249/3885 3853/4248/3884
f 3851/4247/3883 2538/2762/2547 2545/2771/2556
f 2545/2771/2556 3853/4248/3884 3851/4247/3883
f 3855/4250/3886 3730/4251/3765 3729/4252/3764
f 3729/4252/3764 3854/4253/3887 3855/4250/3886
f 3854/4253/3887 3729/4252/3764 3856/4254/3761
f 3856/4254/3761 3857/4255/3888 3854/4253/3887
f 3852/4249/3885 3855/4250/3886 3854/4253/3887
f 3854/4253/3887 3853/4248/3884 3852/4249/3885
f 3853/4248/3884 3854/4253/3887 3857/4255/3888
f 3857/4255/3888 3851/4247/3883 3853/4248/3884
f 3858/4256/3889 3726/4257/3759 3705/4237/3738
f 3705/4237/3738 3845/4236/3877 3858/4256/3889
f 3850/4246/3882 3858/4256/3889 3845/4236/3877
f 3845/4236/3877 3841/4235/3876 3850/4246/3882
f 3857/4255/3888 3856/4254/3761 3726/4257/3759
f 3726/4257/3759 3858/4256/3889 3857/4255/3888
f 3851/4247/3883 3857/4255/3888 3858/4256/3889
f 3858/4256/3889 3850/4246/3882 3851/4247/3883
f 3852/4249/3885 2546/2770/2555 2548/2772/2557
f 2548/2772/2557 3859/4258/3890 3852/4249/3885
f 3859/4258/3890 2548/2772/2557 2550/2774/2559
f 2550/2774/2559 3860/4259/3891 3859/4258/3890
f 3862/4260/3892 2557/2783/2568 2558/2782/2567
f 2558/2782/2567 3861/4261/3893 3862/4260/3892
f 3860/4259/3891 2550/2774/2559 2557/2783/2568
f 2557/2783/2568 3862/4260/3892 3860/4259/3891
f 3865/4262/3894 3863/4263/3789 3751/4264/3788
f 3751/4264/3788 3864/4265/3895 3865/4262/3894
f 3864/4265/3895 3751/4264/3788 3866/4266/3785
f 3866/4266/3785 3867/4267/3896 3864/4265/3895
f 3861/4261/3893 3865/4262/3894 3864/4265/3895
f 3864/4265/3895 3862/4260/3892 3861/4261/3893
f 3862/4260/3892 3864/4265/3895 3867/4267/3896
f 3867/4267/3896 3860/4259/3891 3862/4260/3892
f 3868/4268/3897 3748/4269/3783 3730/4251/3765
f 3730/4251/3765 3855/4250/3886 3868/4268/3897
f 3859/4258/3890 3868/4268/3897 3855/4250/3886
f 3855/4250/3886 3852/4249/3885 3859/4258/3890
f 3867/4267/3896 3866/4266/3785 3748/4269/3783
f 3748/4269/3783 3868/4268/3897 3867/4267/3896
f 3860/4259/3891 3867/4267/3896 3868/4268/3897
f 3868/4268/3897 3859/4258/3890 3860/4259/3891
f 3861/4261/3893 2558/2782/2567 2560/2784/2569
f 2560/2784/2569 3869/4270/3898 3861/4261/3893
f 3869/4270/3898 2560/2784/2569 2562/2786/2571
f 2562/2786/2571 3870/4271/3899 3869/4270/3898
f 3872/4272/3900 2569/2795/2580 2570/2794/2579
f 2570/2794/2579 3871/4273/3901 3872/4272/3900
f 3870/4271/3899 2562/2786/2571 2569/2795/2580
f 2569/2795/2580 3872/4272/3900 3870/4271/3899
f 3875/4274/3902 3873/4275/3616 3768/4276/3811
f 3768/4276/3811 3874/4277/3903 3875/4274/3902
f 3874/4277/3903 3768/4276/3811 3876/4278/3808
f 3876/4278/3808 3877/4279/3904 3874/4277/3903
f 3871/4273/3901 3875/4274/3902 3874/4277/3903
f 3874/4277/3903 3872/4272/3900 3871/4273/3901
f 3872/4272/3900 3874/4277/3903 3877/4279/3904
f 3877/4279/3904 3870/4271/3899 3872/4272/3900
f 3878/4280/3905 3765/4281/3806 3863/4263/3789
f 3863/4263/3789 3865/4262/3894 3878/4280/3905
f 3869/4270/3898 3878/4280/3905 3865/4262/3894
f 3865/4262/3894 3861/4261/3893 3869/4270/3898
f 3877/4279/3904 3876/4278/3808 3765/4281/3806
f 3765/4281/3806 3878/4280/3905 3877/4279/3904
f 3870/4271/3899 3877/4279/3904 3878/4280/3905
f 3878/4280/3905 3869/4270/3898 3870/4271/3899
f 3871/4273/3901 2570/2794/2579 2572/2796/2581
f 2572/2796/2581 3879/4282/3906 3871/4273/3901
f 3879/4282/3906 2572/2796/2581 2574/2798/2583
f 2574/2798/2583 3880/4283/3907 3879/4282/3906
f 3882/4284/3908 2581/2807/2592 2582/2806/2591
f 2582/2806/2591 3881/4285/3909 3882/4284/3908
f 3880/4283/3907 2574/2798/2583 2581/2807/2592
f 2581/2807/2592 3882/4284/3908 3880/4283/3907
f 3886/4286/3910 3883/4287/3623 3884/4288/3622
f 3884/4288/3622 3885/4289/3911 3886/4286/3910
f 3885/4289/3911 3884/4288/3622 3887/4290/3619
f 3887/4290/3619 3888/4291/3912 3885/4289/3911
f 3881/4285/3909 3886/4286/3910 3885/4289/3911
f 3885/4289/3911 3882/4284/3908 3881/4285/3909
f 3882/4284/3908 3885/4289/3911 3888/4291/3912
f 3888/4291/3912 3880/4283/3907 3882/4284/3908
f 3889/4292/3913 3608/4293/3617 3873/4275/3616
f 3873/4275/3616 3875/4274/3902 3889/4292/3913
f 3879/4282/3906 3889/4292/3913 3875/4274/3902
f 3875/4274/3902 3871/4273/3901 3879/4282/3906
f 3888/4291/3912 3887/4290/3619 3608/4293/3617
f 3608/4293/3617 3889/4292/3913 3888/4291/3912
f 3880/4283/3907 3888/4291/3912 3889/4292/3913
f 3889/4292/3913 3879/4282/3906 3880/4283/3907
f 3881/4285/3909 2582/2806/2591 2584/2808/2593
f 2584/2808/2593 3890/4294/3914 3881/4285/3909
f 3890/4294/3914 2584/2808/2593 2586/2810/2595
f 2586/2810/2595 3891/4295/3915 3890/4294/3914
f 2591/2816/2601 3892/4296/3916 3893/4297/3917
f 3891/4295/3915 2586/2810/2595 2591/2816/2601
f 2591/2816/2601 3893/4297/3917 3891/4295/3915
f 3896/4298/3918 3894/4299/3649 3632/4300/3646
f 3632/4300/3646 3895/4301/3919 3896/4298/3918
f 3632/4300/3646 3897/4302/3920 3895/4301/3919
f 3892/4296/3916 3896/4298/3918 3895/4301/3919
f 3895/4301/3919 3893/4297/3917 3892/4296/3916
f 3893/4297/3917 3895/4301/3919 3897/4302/3920
f 3897/4302/3920 3891/4295/3915 3893/4297/3917
f 3898/4303/3921 3629/4304/3644 3883/4287/3623
f 3883/4287/3623 3886/4286/3910 3898/4303/3921
f 3890/4294/3914 3898/4303/3921 3886/4286/3910
f 3886/4286/3910 3881/4285/3909 3890/4294/3914
f 3897/4302/3920 3632/4300/3646 3629/4304/3644
f 3629/4304/3644 3898/4303/3921 3897/4302/3920
f 3891/4295/3915 3897/4302/3920 3898/4303/3921
f 3898/4303/3921 3890/4294/3914 3891/4295/3915
f 3064/3315/3076 2603/2827/2612 2599/2825/2610
f 2599/2825/2610 3899/4305/3922 3064/3315/3076
f 3067/3317/3078 3064/3315/3076 3899/4305/3922
f 3899/4305/3922 3900/4306/3923 3067/3317/3078
f 2598/2824/2609 3901/4307/3924 3899/4305/3922
f 3899/4305/3922 2599/2825/2610 2598/2824/2609
f 3901/4307/3924 3902/4308/3925 3900/4306/3923
f 3900/4306/3923 3899/4305/3922 3901/4307/3924
f 3906/4309/3926 3903/4310/3927 3904/4311/3928
f 3904/4311/3928 3905/4312/3929 3906/4309/3926
f 3902/4308/3925 3906/4309/3926 3905/4312/3929
f 3905/4312/3929 3900/4306/3923 3902/4308/3925
f 3070/3321/3082 3069/3320/3081 3905/4312/3929
f 3905/4312/3929 3904/4311/3928 3070/3321/3082
f 3069/3320/3081 3067/3317/3078 3900/4306/3923
f 3900/4306/3923 3905/4312/3929 3069/3320/3081
f 3892/4296/3916 2591/2816/2601 2593/2817/2602
f 2593/2817/2602 3907/4313/3930 3892/4296/3916
f 3907/4313/3930 2593/2817/2602 2595/2819/2604
f 2595/2819/2604 3908/4314/3931 3907/4313/3930
f 3909/4315/3932 2602/2828/2613 2603/2827/2612
f 2603/2827/2612 3066/3314/3075 3909/4315/3932
f 3908/4314/3931 2595/2819/2604 2602/2828/2613
f 2602/2828/2613 3909/4315/3932 3908/4314/3931
f 3078/3330/3087 3077/3329/3048 3910/4316/3670
f 3910/4316/3670 3911/4317/3933 3078/3330/3087
f 3911/4317/3933 3910/4316/3670 3650/4318/3667
f 3650/4318/3667 3912/4319/3934 3911/4317/3933
f 3066/3314/3075 3078/3330/3087 3911/4317/3933
f 3911/4317/3933 3909/4315/3932 3066/3314/3075
f 3909/4315/3932 3911/4317/3933 3912/4319/3934
f 3912/4319/3934 3908/4314/3931 3909/4315/3932
f 3913/4320/3935 3648/4321/3665 3894/4299/3649
f 3894/4299/3649 3896/4298/3918 3913/4320/3935
f 3907/4313/3930 3913/4320/3935 3896/4298/3918
f 3896/4298/3918 3892/4296/3916 3907/4313/3930
f 3912/4319/3934 3650/4318/3667 3648/4321/3665
f 3648/4321/3665 3913/4320/3935 3912/4319/3934
f 3908/4314/3931 3912/4319/3934 3913/4320/3935
f 3913/4320/3935 3907/4313/3930 3908/4314/3931
f 3915/4322/3936 2604/2830/2615 2607/2829/2614
f 2607/2829/2614 3914/4323/3937 3915/4322/3936
f 3914/4323/3937 2607/2829/2614 2609/2833/2618
f 2609/2833/2618 3916/4324/3938 3914/4323/3937
f 3918/4325/3939 2617/2843/2628 2618/2842/2627
f 2618/2842/2627 3917/4326/3940 3918/4325/3939
f 3916/4324/3938 2609/2833/2618 2617/2843/2628
f 2617/2843/2628 3918/4325/3939 3916/4324/3938
f 3921/4327/3941 3673/4328/3696 3919/4329/3695
f 3919/4329/3695 3920/4330/3942 3921/4327/3941
f 3920/4330/3942 3919/4329/3695 3922/4331/3692
f 3922/4331/3692 3923/4332/3943 3920/4330/3942
f 3917/4326/3940 3921/4327/3941 3920/4330/3942
f 3920/4330/3942 3918/4325/3939 3917/4326/3940
f 3918/4325/3939 3920/4330/3942 3923/4332/3943
f 3923/4332/3943 3916/4324/3938 3918/4325/3939
f 3926/4333/3944 3924/4334/3690 3669/4335/3689
f 3669/4335/3689 3925/4336/3945 3926/4333/3944
f 3914/4323/3937 3926/4333/3944 3925/4336/3945
f 3925/4336/3945 3915/4322/3936 3914/4323/3937
f 3923/4332/3943 3922/4331/3692 3924/4334/3690
f 3924/4334/3690 3926/4333/3944 3923/4332/3943
f 3916/4324/3938 3923/4332/3943 3926/4333/3944
f 3926/4333/3944 3914/4323/3937 3916/4324/3938
f 3917/4326/3940 2618/2842/2627 2620/2844/2629
f 2620/2844/2629 3927/4337/3946 3917/4326/3940
f 3927/4337/3946 2620/2844/2629 2622/2846/2631
f 2622/2846/2631 3928/4338/3947 3927/4337/3946
f 3928/4338/3947 2622/2846/2631 2049/2267/2052
f 2049/2267/2052 3476/3801/3493 3928/4338/3947
f 3483/3810/3499 3482/3809/3267 3929/4339/3719
f 3483/3810/3499 3929/4339/3719 3930/4340/3716
f 3930/4340/3716 3931/4341/3948 3483/3810/3499
f 3476/3801/3493 3483/3810/3499 3931/4341/3948
f 3931/4341/3948 3928/4338/3947 3476/3801/3493
f 3933/4342/3949 3932/4343/3714 3673/4328/3696
f 3673/4328/3696 3921/4327/3941 3933/4342/3949
f 3927/4337/3946 3933/4342/3949 3921/4327/3941
f 3921/4327/3941 3917/4326/3940 3927/4337/3946
f 3931/4341/3948 3930/4340/3716 3932/4343/3714
f 3932/4343/3714 3933/4342/3949 3931/4341/3948
f 3928/4338/3947 3931/4341/3948 3933/4342/3949
f 3933/4342/3949 3927/4337/3946 3928/4338/3947
f 3935/4344/3950 2627/2853/2638 2630/2852/2637
f 2630/2852/2637 3934/4345/3951 3935/4344/3950
f 3934/4345/3951 2630/2852/2637 2632/2856/2641
f 2632/2856/2641 3936/4346/3952 3934/4345/3951
f 3938/4347/3953 2640/2866/2651 2641/2865/2650
f 2641/2865/2650 3937/4348/3954 3938/4347/3953
f 3936/4346/3952 2632/2856/2641 2640/2866/2651
f 2640/2866/2651 3938/4347/3953 3936/4346/3952
f 3940/4349/3955 3685/4350/3711 3684/4351/3710
f 3684/4351/3710 3939/4352/3956 3940/4349/3955
f 3939/4352/3956 3684/4351/3710 3941/4353/3707
f 3941/4353/3707 3942/4354/3957 3939/4352/3956
f 3937/4348/3954 3940/4349/3955 3939/4352/3956
f 3939/4352/3956 3938/4347/3953 3937/4348/3954
f 3938/4347/3953 3939/4352/3956 3942/4354/3957
f 3942/4354/3957 3936/4346/3952 3938/4347/3953
f 3946/4355/3958 3943/4356/3705 3944/4357/3704
f 3944/4357/3704 3945/4358/3959 3946/4355/3958
f 3934/4345/3951 3946/4355/3958 3945/4358/3959
f 3945/4358/3959 3935/4344/3950 3934/4345/3951
f 3942/4354/3957 3941/4353/3707 3943/4356/3705
f 3943/4356/3705 3946/4355/3958 3942/4354/3957
f 3936/4346/3952 3942/4354/3957 3946/4355/3958
f 3946/4355/3958 3934/4345/3951 3936/4346/3952
f 3080/3333/3090 2653/2877/2662 2649/2875/2660
f 2649/2875/2660 3947/4359/3960 3080/3333/3090
f 3083/3335/3092 3080/3333/3090 3947/4359/3960
f 3947/4359/3960 3948/4360/3961 3083/3335/3092
f 2648/2874/2659 3949/4361/3962 3947/4359/3960
f 3947/4359/3960 2649/2875/2660 2648/2874/2659
f 3949/4361/3962 3950/4362/3963 3948/4360/3961
f 3948/4360/3961 3947/4359/3960 3949/4361/3962
f 3954/4363/3964 3951/4364/3965 3952/4365/3966
f 3952/4365/3966 3953/4366/3967 3954/4363/3964
f 3950/4362/3963 3954/4363/3964 3953/4366/3967
f 3953/4366/3967 3948/4360/3961 3950/4362/3963
f 3085/3338/3095 3084/3337/3094 3953/4366/3967
f 3953/4366/3967 3952/4365/3966 3085/3338/3095
f 3084/3337/3094 3083/3335/3092 3948/4360/3961
f 3948/4360/3961 3953/4366/3967 3084/3337/3094
f 3937/4348/3954 2641/2865/2650 2643/2867/2652
f 2643/2867/2652 3955/4367/3968 3937/4348/3954
f 3955/4367/3968 2643/2867/2652 2645/2869/2654
f 2645/2869/2654 3956/4368/3969 3955/4367/3968
f 3957/4369/3970 2652/2878/2663 2653/2877/2662
f 2653/2877/2662 3082/3332/3089 3957/4369/3970
f 3956/4368/3969 2645/2869/2654 2652/2878/2663
f 2652/2878/2663 3957/4369/3970 3956/4368/3969
f 3093/3349/3105 3101/3348/3104 3958/4370/3971
f 3958/4370/3971 3959/4371/3972 3093/3349/3105
f 3959/4371/3972 3958/4370/3971 3960/4372/3973
f 3960/4372/3973 3961/4373/3974 3959/4371/3972
f 3082/3332/3089 3093/3349/3105 3959/4371/3972
f 3959/4371/3972 3957/4369/3970 3082/3332/3089
f 3957/4369/3970 3959/4371/3972 3961/4373/3974
f 3961/4373/3974 3956/4368/3969 3957/4369/3970
f 3962/4374/3975 4018/4375/3976 3685/4350/3711
f 3685/4350/3711 3940/4349/3955 3962/4374/3975
f 3955/4367/3968 3962/4374/3975 3940/4349/3955
f 3940/4349/3955 3937/4348/3954 3955/4367/3968
f 3961/4373/3974 3960/4372/3973 4018/4375/3976
f 4018/4375/3976 3962/4374/3975 3961/4373/3974
f 3956/4368/3969 3961/4373/3974 3962/4374/3975
f 3962/4374/3975 3955/4367/3968 3956/4368/3969
f 2654/2881/2666 3963/4376/3977 3964/4377/3978
f 3963/4376/3977 2654/2881/2666 2657/2882/2667
f 2657/2882/2667 3965/4378/3979 3963/4376/3977
f 3966/4379/3980 2662/2887/2672 2450/2676/2461
f 2450/2676/2461 3778/4159/3821 3966/4379/3980
f 3965/4378/3979 2657/2882/2667 2662/2887/2672
f 2662/2887/2672 3966/4379/3980 3965/4378/3979
f 3789/4173/3830 3788/4172/3631 3967/4380/3661
f 3967/4380/3661 3968/4381/3981 3789/4173/3830
f 3968/4381/3981 3967/4380/3661 3640/4382/3657
f 3640/4382/3657 3969/4383/3982 3968/4381/3981
f 3778/4159/3821 3789/4173/3830 3968/4381/3981
f 3968/4381/3981 3966/4379/3980 3778/4159/3821
f 3966/4379/3980 3968/4381/3981 3969/4383/3982
f 3969/4383/3982 3965/4378/3979 3966/4379/3980
f 3971/4384/3983 3640/4382/3657 3639/4385/3656
f 3639/4385/3656 3970/4386/3984 3971/4384/3983
f 3963/4376/3977 3971/4384/3983 3970/4386/3984
f 3970/4386/3984 3964/4377/3978 3963/4376/3977
f 3640/4382/3657 3971/4384/3983 3969/4383/3982
f 3965/4378/3979 3969/4383/3982 3971/4384/3983
f 3971/4384/3983 3963/4376/3977 3965/4378/3979
f 3972/3134/2911 2776/3001/2781 2775/3000/2780
f 2775/3000/2780 3973/3135/2912 3972/3134/2911
f 3973/3135/2912 2775/3000/2780 2774/2999/2779
f 3975/3142/2919 2773/2998/2778 2772/2997/2777
f 2772/2997/2777 3974/3143/2920 3975/3142/2919
f 2773/2998/2778 3975/3142/2919 2774/2999/2779
f 3698/4067/3729 2409/2633/2418 2844/3070/2847
f 2844/3070/2847 3976/4387/3985 3698/4067/3729
f 3976/4387/3985 2844/3070/2847 2842/3069/2846
f 2842/3069/2846 3977/4388/3986 3976/4387/3985
f 3532/4389/3543 2841/3068/2845 2271/3067/2280
f 3977/4388/3986 2842/3069/2846 2841/3068/2845
f 2841/3068/2845 3532/4389/3543 3977/4388/3986
f 3978/4390/3553 3538/4391/3552 3979/4392/3987
f 3979/4392/3987 3980/4393/3988 3978/4390/3553
f 3532/4389/3543 3978/4390/3553 3980/4393/3988
f 3980/4393/3988 3977/4388/3986 3532/4389/3543
f 3982/4394/3989 3981/4395/3990 3847/4069/3731
f 3847/4069/3731 3702/4068/3730 3982/4394/3989
f 3976/4387/3985 3982/4394/3989 3702/4068/3730
f 3702/4068/3730 3698/4067/3729 3976/4387/3985
f 3980/4393/3988 3979/4392/3987 3981/4395/3990
f 3981/4395/3990 3982/4394/3989 3980/4393/3988
f 3977/4388/3986 3980/4393/3988 3982/4394/3989
f 3982/4394/3989 3976/4387/3985 3977/4388/3986
f 2837/3064/2272 3983/4396/3991 3984/4397/3538
f 3983/4396/3991 2837/3064/2272 2840/3065/2843
f 2840/3065/2843 3985/4398/3992 3983/4396/3991
f 3986/4399/3993 2845/3072/2849 2402/2628/2413
f 2402/2628/2413 3709/4078/3740 3986/4399/3993
f 3985/4398/3992 2840/3065/2843 2845/3072/2849
f 2845/3072/2849 3986/4399/3993 3985/4398/3992
f 3720/4092/3754 3719/4091/3753 3987/4400/3871
f 3987/4400/3871 3988/4401/3994 3720/4092/3754
f 3988/4401/3994 3987/4400/3871 3835/4402/3868
f 3835/4402/3868 3989/4403/3995 3988/4401/3994
f 3709/4078/3740 3720/4092/3754 3988/4401/3994
f 3988/4401/3994 3986/4399/3993 3709/4078/3740
f 3986/4399/3993 3988/4401/3994 3989/4403/3995
f 3989/4403/3995 3985/4398/3992 3986/4399/3993
f 3991/4404/3996 3990/4405/3866 3526/4406/3417
f 3526/4406/3417 3527/4407/3539 3991/4404/3996
f 3983/4396/3991 3991/4404/3996 3527/4407/3539
f 3527/4407/3539 3984/4397/3538 3983/4396/3991
f 3989/4403/3995 3835/4402/3868 3990/4405/3866
f 3990/4405/3866 3991/4404/3996 3989/4403/3995
f 3985/4398/3992 3989/4403/3995 3991/4404/3996
f 3991/4404/3996 3983/4396/3991 3985/4398/3992
f 3542/3879/3557 2272/2497/2282 2847/3074/2851
f 2847/3074/2851 3992/4408/3997 3542/3879/3557
f 3993/4409/3998 2852/3079/2856 2520/2746/2531
f 2520/2746/2531 3839/4231/3872 3993/4409/3998
f 3992/4408/3997 2847/3074/2851 2852/3079/2856
f 2852/3079/2856 3993/4409/3998 3992/4408/3997
f 3848/4245/3881 3847/4244/3731 3981/4410/3990
f 3981/4410/3990 3994/4411/3999 3848/4245/3881
f 3994/4411/3999 3981/4410/3990 3979/4412/3987
f 3979/4412/3987 3995/4413/4000 3994/4411/3999
f 3839/4231/3872 3848/4245/3881 3994/4411/3999
f 3994/4411/3999 3993/4409/3998 3839/4231/3872
f 3993/4409/3998 3994/4411/3999 3995/4413/4000
f 3995/4413/4000 3992/4408/3997 3993/4409/3998
f 3995/4413/4000 3979/4412/3987 3538/3881/3552
f 3538/3881/3552 3545/3880/3558 3995/4413/4000
f 3992/4408/3997 3995/4413/4000 3545/3880/3558
f 3545/3880/3558 3542/3879/3557 3992/4408/3997
f 3552/3890/3564 2282/2507/2292 2854/3080/2857
f 2854/3080/2857 3996/4414/4001 3552/3890/3564
f 3996/4414/4001 2854/3080/2857 2856/3082/2859
f 2856/3082/2859 3997/4415/4002 3996/4414/4001
f 3998/4416/4003 2860/3087/2864 2627/2853/2638
f 2627/2853/2638 3935/4344/3950 3998/4416/4003
f 3997/4415/4002 2856/3082/2859 2860/3087/2864
f 2860/3087/2864 3998/4416/4003 3997/4415/4002
f 3945/4358/3959 3944/4357/3704 3999/4417/3724
f 3999/4417/3724 4000/4418/4004 3945/4358/3959
f 4000/4418/4004 3999/4417/3724 4001/4419/3721
f 4001/4419/3721 4002/4420/4005 4000/4418/4004
f 3935/4344/3950 3945/4358/3959 4000/4418/4004
f 4000/4418/4004 3998/4416/4003 3935/4344/3950
f 3998/4416/4003 4000/4418/4004 4002/4420/4005
f 4002/4420/4005 3997/4415/4002 3998/4416/4003
f 4004/4421/4006 4003/4422/3720 3553/3892/3262
f 3553/3892/3262 3554/3891/3565 4004/4421/4006
f 3996/4414/4001 4004/4421/4006 3554/3891/3565
f 3554/3891/3565 3552/3890/3564 3996/4414/4001
f 4002/4420/4005 4001/4419/3721 4003/4422/3720
f 4003/4422/3720 4004/4421/4006 4002/4420/4005
f 3997/4415/4002 4002/4420/4005 4004/4421/4006
f 4004/4421/4006 3996/4414/4001 3997/4415/4002
f 3109/3366/3118 2881/3106/2883 2875/3103/2880
f 2875/3103/2880 4005/4423/4007 3109/3366/3118
f 3112/3368/3120 3109/3366/3118 4005/4423/4007
f 4005/4423/4007 4006/4424/4008 3112/3368/3120
f 2874/3102/2879 3097/3350/3106 4005/4423/4007
f 4005/4423/4007 2875/3103/2880 2874/3102/2879
f 3097/3350/3106 3099/3353/3109 4006/4424/4008
f 4006/4424/4008 4005/4423/4007 3097/3350/3106
f 3108/3364/3116 3055/3304/3065 3655/4011/3673
f 3655/4011/3673 4007/4425/4009 3108/3364/3116
f 3099/3353/3109 3108/3364/3116 4007/4425/4009
f 4007/4425/4009 4006/4424/4008 3099/3353/3109
f 3048/3295/3056 3114/3371/3123 4007/4425/4009
f 4007/4425/4009 3655/4011/3673 3048/3295/3056
f 3114/3371/3123 3112/3368/3120 4006/4424/4008
f 4006/4424/4008 4007/4425/4009 3114/3371/3123
f 3667/4024/3686 2398/2625/2410 2882/3108/2885
f 2882/3108/2885 4008/4426/4010 3667/4024/3686
f 2882/3108/2885 4009/4427/4011 4008/4426/4010
f 4010/4428/4012 2880/3107/2884 2881/3106/2883
f 2881/3106/2883 3111/3365/3117 4010/4428/4012
f 4009/4427/4011 2882/3108/2885 2880/3107/2884
f 2880/3107/2884 4010/4428/4012 4009/4427/4011
f 3120/3379/3131 3127/3378/3130 4034/4429/4013
f 4034/4429/4013 4011/4430/4014 3120/3379/3131
f 4011/4430/4014 4034/4429/4013 4012/4431/4015
f 4012/4431/4015 4013/4432/4016 4011/4430/4014
f 3111/3365/3117 3120/3379/3131 4011/4430/4014
f 4011/4430/4014 4010/4428/4012 3111/3365/3117
f 4010/4428/4012 4011/4430/4014 4013/4432/4016
f 4013/4432/4016 4009/4427/4011 4010/4428/4012
f 4014/4433/4017 4031/4434/4018 3669/4027/3689
f 3669/4027/3689 3671/4026/3688 4014/4433/4017
f 4008/4426/4010 4014/4433/4017 3671/4026/3688
f 3671/4026/3688 3667/4024/3686 4008/4426/4010
f 4013/4432/4016 4012/4431/4015 4031/4434/4018
f 4031/4434/4018 4014/4433/4017 4013/4432/4016
f 4009/4427/4011 4013/4432/4016 4014/4433/4017
f 4014/4433/4017 4008/4426/4010 4009/4427/4011
f 3095/3351/3107 2874/3102/2879 2877/3101/2878
f 2877/3101/2878 4015/4435/4019 3095/3351/3107
f 4015/4435/4019 2877/3101/2878 2879/3105/2882
f 2879/3105/2882 4016/4436/4020 4015/4435/4019
f 2396/2622/2407 3677/4036/3698 4017/4437/4021
f 4016/4436/4020 2879/3105/2882 2396/2622/2407
f 2396/2622/2407 4017/4437/4021 4016/4436/4020
f 3686/4050/3712 3685/4049/3711 4018/4438/3976
f 4018/4438/3976 4019/4439/4022 3686/4050/3712
f 4019/4439/4022 4018/4438/3976 3960/4440/3973
f 3960/4440/3973 4020/4441/4023 4019/4439/4022
f 3677/4036/3698 3686/4050/3712 4019/4439/4022
f 4019/4439/4022 4017/4437/4021 3677/4036/3698
f 4017/4437/4021 4019/4439/4022 4020/4441/4023
f 4020/4441/4023 4016/4436/4020 4017/4437/4021
f 4021/4442/4024 3958/4443/3971 3101/3357/3104
f 3101/3357/3104 3100/3356/3112 4021/4442/4024
f 4015/4435/4019 4021/4442/4024 3100/3356/3112
f 3100/3356/3112 3095/3351/3107 4015/4435/4019
f 4020/4441/4023 3960/4440/3973 3958/4443/3971
f 3958/4443/3971 4021/4442/4024 4020/4441/4023
f 4016/4436/4020 4020/4441/4023 4021/4442/4024
f 4021/4442/4024 4015/4435/4019 4016/4436/4020
f 4023/4444/4025 2890/3115/2892 2884/3111/2888
f 2884/3111/2888 4022/4445/4026 4023/4444/4025
f 4025/4446/4027 4023/4444/4025 4022/4445/4026
f 4022/4445/4026 4024/4447/4028 4025/4446/4027
f 2883/3110/2887 3124/3380/3132 4022/4445/4026
f 4022/4445/4026 2884/3111/2888 2883/3110/2887
f 3124/3380/3132 3125/3383/3135 4024/4447/4028
f 4024/4447/4028 4022/4445/4026 3124/3380/3132
f 3133/3393/3141 3070/3321/3082 3904/4311/3928
f 3904/4311/3928 4026/4448/4029 3133/3393/3141
f 3125/3383/3135 3133/3393/3141 4026/4448/4029
f 4026/4448/4029 4024/4447/4028 3125/3383/3135
f 3903/4310/3927 4027/4449/4030 4026/4448/4029
f 4026/4448/4029 3904/4311/3928 3903/4310/3927
f 4027/4449/4030 4025/4446/4027 4024/4447/4028
f 4024/4447/4028 4026/4448/4029 4027/4449/4030
f 3122/3381/3133 2883/3110/2887 2886/3109/2886
f 2886/3109/2886 4028/4450/4031 3122/3381/3133
f 4028/4450/4031 2886/3109/2886 2888/3113/2890
f 2888/3113/2890 4029/4451/4032 4028/4450/4031
f 4030/4452/4033 2894/3120/2897 2604/2830/2615
f 2604/2830/2615 3915/4322/3936 4030/4452/4033
f 4029/4451/4032 2888/3113/2890 2894/3120/2897
f 2894/3120/2897 4030/4452/4033 4029/4451/4032
f 3925/4336/3945 3669/4335/3689 4031/4453/4018
f 4031/4453/4018 4032/4454/4034 3925/4336/3945
f 4032/4454/4034 4031/4453/4018 4012/4455/4015
f 4012/4455/4015 4033/4456/4035 4032/4454/4034
f 3915/4322/3936 3925/4336/3945 4032/4454/4034
f 4032/4454/4034 4030/4452/4033 3915/4322/3936
f 4030/4452/4033 4032/4454/4034 4033/4456/4035
f 4033/4456/4035 4029/4451/4032 4030/4452/4033
f 4035/4457/4036 4034/4458/4013 3127/3386/3130
f 3127/3386/3130 3126/3385/3137 4035/4457/4036
f 4028/4450/4031 4035/4457/4036 3126/3385/3137
f 3126/3385/3137 3122/3381/3133 4028/4450/4031
f 4033/4456/4035 4012/4455/4015 4034/4458/4013
f 4034/4458/4013 4035/4457/4036 4033/4456/4035
f 4029/4451/4032 4033/4456/4035 4035/4457/4036
f 4035/4457/4036 4028/4450/4031 4029/4451/4032
f 4037/4459/4037 2902/3127/2904 2896/3123/2900
f 2896/3123/2900 4036/4460/4038 4037/4459/4037
f 4039/4461/4039 4037/4459/4037 4036/4460/4038
f 4036/4460/4038 4038/4462/4040 4039/4461/4039
f 2895/3122/2899 3136/3394/3142 4036/4460/4038
f 4036/4460/4038 2896/3123/2900 2895/3122/2899
f 3136/3394/3142 3138/3397/3145 4038/4462/4040
f 4038/4462/4040 4036/4460/4038 3136/3394/3142
f 3145/3407/3152 3085/3338/3095 3952/4365/3966
f 3952/4365/3966 4040/4463/4041 3145/3407/3152
f 3138/3397/3145 3145/3407/3152 4040/4463/4041
f 4040/4463/4041 4038/4462/4040 3138/3397/3145
f 3951/4364/3965 4041/4464/4042 4040/4463/4041
f 4040/4463/4041 3952/4365/3966 3951/4364/3965
f 4041/4464/4042 4039/4461/4039 4038/4462/4040
f 4038/4462/4040 4040/4463/4041 4041/4464/4042
f 3134/3395/3143 2895/3122/2899 2898/3121/2898
f 2898/3121/2898 4042/4465/4043 3134/3395/3143
f 4042/4465/4043 2898/3121/2898 2900/3125/2902
f 2900/3125/2902 4043/4466/4044 4042/4465/4043
f 4044/4467/4045 2906/3132/2909 2654/2881/2666
f 2654/2881/2666 3964/4377/3978 4044/4467/4045
f 4043/4466/4044 2900/3125/2902 2906/3132/2909
f 2906/3132/2909 4044/4467/4045 4043/4466/4044
f 3970/4386/3984 3639/4385/3656 3663/4468/3683
f 3663/4468/3683 4045/4469/4046 3970/4386/3984
f 4045/4469/4046 3663/4468/3683 3661/4470/3680
f 3661/4470/3680 4046/4471/4047 4045/4469/4046
f 3964/4377/3978 3970/4386/3984 4045/4469/4046
f 4045/4469/4046 4044/4467/4045 3964/4377/3978
f 4044/4467/4045 4045/4469/4046 4046/4471/4047
f 4046/4471/4047 4043/4466/4044 4044/4467/4045
f 4048/4472/4048 4047/4473/3678 3062/3401/3074
f 3062/3401/3074 3139/3400/3148 4048/4472/4048
f 4042/4465/4043 4048/4472/4048 3139/3400/3148
f 3139/3400/3148 3134/3395/3143 4042/4465/4043
f 4046/4471/4047 3661/4470/3680 4047/4473/3678
f 4047/4473/3678 4048/4472/4048 4046/4471/4047
f 4043/4466/4044 4046/4471/4047 4048/4472/4048
f 4048/4472/4048 4042/4465/4043 4043/4466/4044
f 2909/3137/2914 2774/2999/2779 3975/3142/2919
f 2774/2999/2779 2909/3137/2914 3973/3135/2912
f 4050/4474/4049 1886/2103/1888 1885/2102/1887
f 1885/2102/1887 4049/4475/4050 4050/4474/4049
f 4049/4475/4050 1885/2102/1887 1884/2101/1886
f 1884/2101/1886 4051/4476/4051 4049/4475/4050
f 4053/4477/4052 1883/2100/1885 1882/2099/1884
f 1882/2099/1884 4052/4478/4053 4053/4477/4052
f 4051/4476/4051 1884/2101/1886 1883/2100/1885
f 1883/2100/1885 4053/4477/4052 4051/4476/4051
f 4055/4479/4054 4457/4480/4055 4456/4481/4056
f 4456/4481/4056 4054/4482/4057 4055/4479/4054
f 4054/4482/4057 4456/4481/4056 4056/4483/4058
f 4056/4483/4058 4057/4484/4059 4054/4482/4057
f 4052/4478/4053 4055/4479/4054 4054/4482/4057
f 4054/4482/4057 4053/4477/4052 4052/4478/4053
f 4053/4477/4052 4054/4482/4057 4057/4484/4059
f 4057/4484/4059 4051/4476/4051 4053/4477/4052
f 4061/4485/4060 4058/4486/4061 4059/4487/4062
f 4059/4487/4062 4060/4488/4063 4061/4485/4060
f 4049/4475/4050 4061/4485/4060 4060/4488/4063
f 4060/4488/4063 4050/4474/4049 4049/4475/4050
f 4057/4484/4059 4056/4483/4058 4058/4486/4061
f 4058/4486/4061 4061/4485/4060 4057/4484/4059
f 4051/4476/4051 4057/4484/4059 4061/4485/4060
f 4061/4485/4060 4049/4475/4050 4051/4476/4051
f 4052/4478/4053 1882/2099/1884 1898/2115/1900
f 1898/2115/1900 4062/4489/4064 4052/4478/4053
f 4062/4489/4064 1898/2115/1900 1897/2114/1899
f 1897/2114/1899 4063/4490/4065 4062/4489/4064
f 4065/4491/4066 1896/2113/1898 1895/2112/1897
f 1895/2112/1897 4064/4492/4067 4065/4491/4066
f 4063/4490/4065 1897/2114/1899 1896/2113/1898
f 1896/2113/1898 4065/4491/4066 4063/4490/4065
f 4067/4493/4068 4248/4494/4069 4483/4495/4070
f 4483/4495/4070 4066/4496/4071 4067/4493/4068
f 4066/4496/4071 4483/4495/4070 4481/4497/4072
f 4481/4497/4072 4068/4498/4073 4066/4496/4071
f 4064/4492/4067 4067/4493/4068 4066/4496/4071
f 4066/4496/4071 4065/4491/4066 4064/4492/4067
f 4065/4491/4066 4066/4496/4071 4068/4498/4073
f 4068/4498/4073 4063/4490/4065 4065/4491/4066
f 4069/4499/4074 4479/4500/4075 4457/4480/4055
f 4457/4480/4055 4055/4479/4054 4069/4499/4074
f 4062/4489/4064 4069/4499/4074 4055/4479/4054
f 4055/4479/4054 4052/4478/4053 4062/4489/4064
f 4068/4498/4073 4481/4497/4072 4479/4500/4075
f 4479/4500/4075 4069/4499/4074 4068/4498/4073
f 4063/4490/4065 4068/4498/4073 4069/4499/4074
f 4069/4499/4074 4062/4489/4064 4063/4490/4065
f 4064/4492/4067 1895/2112/1897 1910/2127/1912
f 1910/2127/1912 4070/4501/4076 4064/4492/4067
f 4070/4501/4076 1910/2127/1912 1909/2126/1911
f 1909/2126/1911 4071/4502/4077 4070/4501/4076
f 4073/4503/4078 1908/2125/1910 1907/2124/1909
f 1907/2124/1909 4072/4504/4079 4073/4503/4078
f 4071/4502/4077 1909/2126/1911 1908/2125/1910
f 1908/2125/1910 4073/4503/4078 4071/4502/4077
f 4076/4505/4080 4074/4506/4081 4254/4507/4082
f 4254/4507/4082 4075/4508/4083 4076/4505/4080
f 4075/4508/4083 4254/4507/4082 4252/4509/4084
f 4252/4509/4084 4077/4510/4085 4075/4508/4083
f 4072/4504/4079 4076/4505/4080 4075/4508/4083
f 4075/4508/4083 4073/4503/4078 4072/4504/4079
f 4073/4503/4078 4075/4508/4083 4077/4510/4085
f 4077/4510/4085 4071/4502/4077 4073/4503/4078
f 4078/4511/4086 4249/4512/4087 4248/4494/4069
f 4248/4494/4069 4067/4493/4068 4078/4511/4086
f 4070/4501/4076 4078/4511/4086 4067/4493/4068
f 4067/4493/4068 4064/4492/4067 4070/4501/4076
f 4077/4510/4085 4252/4509/4084 4249/4512/4087
f 4249/4512/4087 4078/4511/4086 4077/4510/4085
f 4071/4502/4077 4077/4510/4085 4078/4511/4086
f 4078/4511/4086 4070/4501/4076 4071/4502/4077
f 4072/4504/4079 1907/2124/1909 1922/2139/1924
f 1922/2139/1924 4079/4513/4088 4072/4504/4079
f 4079/4513/4088 1922/2139/1924 1921/2138/1923
f 1921/2138/1923 4080/4514/4089 4079/4513/4088
f 4082/4515/4090 1920/2137/1922 1919/2136/1921
f 1919/2136/1921 4081/4516/4091 4082/4515/4090
f 4080/4514/4089 1921/2138/1923 1920/2137/1922
f 1920/2137/1922 4082/4515/4090 4080/4514/4089
f 4086/4517/4092 4083/4518/4093 4084/4519/4094
f 4084/4519/4094 4085/4520/4095 4086/4517/4092
f 4085/4520/4095 4084/4519/4094 4087/4521/4096
f 4087/4521/4096 4088/4522/4097 4085/4520/4095
f 4081/4516/4091 4086/4517/4092 4085/4520/4095
f 4085/4520/4095 4082/4515/4090 4081/4516/4091
f 4082/4515/4090 4085/4520/4095 4088/4522/4097
f 4088/4522/4097 4080/4514/4089 4082/4515/4090
f 4090/4523/4098 4089/4524/4099 4074/4506/4081
f 4074/4506/4081 4076/4505/4080 4090/4523/4098
f 4079/4513/4088 4090/4523/4098 4076/4505/4080
f 4076/4505/4080 4072/4504/4079 4079/4513/4088
f 4088/4522/4097 4087/4521/4096 4089/4524/4099
f 4089/4524/4099 4090/4523/4098 4088/4522/4097
f 4080/4514/4089 4088/4522/4097 4090/4523/4098
f 4090/4523/4098 4079/4513/4088 4080/4514/4089
f 4081/4516/4091 1919/2136/1921 1934/2151/1936
f 1934/2151/1936 4091/4525/4100 4081/4516/4091
f 4091/4525/4100 1934/2151/1936 1933/2150/1935
f 1933/2150/1935 4092/4526/4101 4091/4525/4100
f 4094/4527/4102 1932/2149/1934 1931/2148/1933
f 1931/2148/1933 4093/4528/4103 4094/4527/4102
f 4092/4526/4101 1933/2150/1935 1932/2149/1934
f 1932/2149/1934 4094/4527/4102 4092/4526/4101
f 4097/4529/4104 4095/4530/4105 4311/4531/4106
f 4311/4531/4106 4096/4532/4107 4097/4529/4104
f 4096/4532/4107 4311/4531/4106 4309/4533/4108
f 4309/4533/4108 4098/4534/4109 4096/4532/4107
f 4093/4528/4103 4097/4529/4104 4096/4532/4107
f 4096/4532/4107 4094/4527/4102 4093/4528/4103
f 4094/4527/4102 4096/4532/4107 4098/4534/4109
f 4098/4534/4109 4092/4526/4101 4094/4527/4102
f 4100/4535/4110 4099/4536/4111 4083/4518/4093
f 4083/4518/4093 4086/4517/4092 4100/4535/4110
f 4091/4525/4100 4100/4535/4110 4086/4517/4092
f 4086/4517/4092 4081/4516/4091 4091/4525/4100
f 4098/4534/4109 4309/4533/4108 4099/4536/4111
f 4099/4536/4111 4100/4535/4110 4098/4534/4109
f 4092/4526/4101 4098/4534/4109 4100/4535/4110
f 4100/4535/4110 4091/4525/4100 4092/4526/4101
f 4093/4528/4103 1931/2148/1933 1944/2161/1946
f 1944/2161/1946 4101/4537/4112 4093/4528/4103
f 4101/4537/4112 1944/2161/1946 1943/2160/1945
f 1943/2160/1945 4102/4538/4113 4101/4537/4112
f 4104/4539/4114 1942/2159/1944 1941/2158/1943
f 1941/2158/1943 4103/4540/4115 4104/4539/4114
f 4102/4538/4113 1943/2160/1945 1942/2159/1944
f 1942/2159/1944 4104/4539/4114 4102/4538/4113
f 4106/4541/4116 4340/4542/4117 4339/4543/4118
f 4339/4543/4118 4105/4544/4119 4106/4541/4116
f 4105/4544/4119 4339/4543/4118 4107/4545/4120
f 4107/4545/4120 4108/4546/4121 4105/4544/4119
f 4103/4540/4115 4106/4541/4116 4105/4544/4119
f 4105/4544/4119 4104/4539/4114 4103/4540/4115
f 4104/4539/4114 4105/4544/4119 4108/4546/4121
f 4108/4546/4121 4102/4538/4113 4104/4539/4114
f 4110/4547/4122 4109/4548/4123 4095/4530/4105
f 4095/4530/4105 4097/4529/4104 4110/4547/4122
f 4101/4537/4112 4110/4547/4122 4097/4529/4104
f 4097/4529/4104 4093/4528/4103 4101/4537/4112
f 4108/4546/4121 4107/4545/4120 4109/4548/4123
f 4109/4548/4123 4110/4547/4122 4108/4546/4121
f 4102/4538/4113 4108/4546/4121 4110/4547/4122
f 4110/4547/4122 4101/4537/4112 4102/4538/4113
f 4112/4549/4124 1959/2176/1961 1958/2175/1960
f 1958/2175/1960 4111/4550/4125 4112/4549/4124
f 4111/4550/4125 1958/2175/1960 1957/2174/1959
f 1957/2174/1959 4113/4551/4126 4111/4550/4125
f 4115/4552/4127 1956/2173/1958 1955/2172/1957
f 1955/2172/1957 4114/4553/4128 4115/4552/4127
f 4113/4551/4126 1957/2174/1959 1956/2173/1958
f 1956/2173/1958 4115/4552/4127 4113/4551/4126
f 4119/4554/4129 4116/4555/4130 4117/4556/4131
f 4117/4556/4131 4118/4557/4132 4119/4554/4129
f 4118/4557/4132 4117/4556/4131 4326/4558/4133
f 4326/4558/4133 4120/4559/4134 4118/4557/4132
f 4114/4553/4128 4119/4554/4129 4118/4557/4132
f 4118/4557/4132 4115/4552/4127 4114/4553/4128
f 4115/4552/4127 4118/4557/4132 4120/4559/4134
f 4120/4559/4134 4113/4551/4126 4115/4552/4127
f 4122/4560/4135 4323/4561/4136 4322/4562/4137
f 4322/4562/4137 4121/4563/4138 4122/4560/4135
f 4111/4550/4125 4122/4560/4135 4121/4563/4138
f 4121/4563/4138 4112/4549/4124 4111/4550/4125
f 4120/4559/4134 4326/4558/4133 4323/4561/4136
f 4323/4561/4136 4122/4560/4135 4120/4559/4134
f 4113/4551/4126 4120/4559/4134 4122/4560/4135
f 4122/4560/4135 4111/4550/4125 4113/4551/4126
f 4114/4553/4128 1955/2172/1957 1971/2188/1973
f 1971/2188/1973 4123/4564/4139 4114/4553/4128
f 4123/4564/4139 1971/2188/1973 1970/2187/1972
f 1970/2187/1972 4124/4565/4140 4123/4564/4139
f 4126/4566/4141 1969/2186/1971 1968/2185/1970
f 1968/2185/1970 4125/4567/4142 4126/4566/4141
f 4124/4565/4140 1970/2187/1972 1969/2186/1971
f 1969/2186/1971 4126/4566/4141 4124/4565/4140
f 4128/4568/4143 4267/4569/4144 4298/4570/4145
f 4298/4570/4145 4127/4571/4146 4128/4568/4143
f 4127/4571/4146 4298/4570/4145 4296/4572/4147
f 4296/4572/4147 4129/4573/4148 4127/4571/4146
f 4125/4567/4142 4128/4568/4143 4127/4571/4146
f 4127/4571/4146 4126/4566/4141 4125/4567/4142
f 4126/4566/4141 4127/4571/4146 4129/4573/4148
f 4129/4573/4148 4124/4565/4140 4126/4566/4141
f 4131/4574/4149 4130/4575/4150 4116/4555/4130
f 4116/4555/4130 4119/4554/4129 4131/4574/4149
f 4123/4564/4139 4131/4574/4149 4119/4554/4129
f 4119/4554/4129 4114/4553/4128 4123/4564/4139
f 4129/4573/4148 4296/4572/4147 4130/4575/4150
f 4130/4575/4150 4131/4574/4149 4129/4573/4148
f 4124/4565/4140 4129/4573/4148 4131/4574/4149
f 4131/4574/4149 4123/4564/4139 4124/4565/4140
f 4125/4567/4142 1968/2185/1970 1983/2200/1985
f 1983/2200/1985 4132/4576/4151 4125/4567/4142
f 4132/4576/4151 1983/2200/1985 1982/2199/1984
f 1982/2199/1984 4133/4577/4152 4132/4576/4151
f 4135/4578/4153 1981/2198/1983 1980/2197/1982
f 1980/2197/1982 4134/4579/4154 4135/4578/4153
f 4133/4577/4152 1982/2199/1984 1981/2198/1983
f 1981/2198/1983 4135/4578/4153 4133/4577/4152
f 4138/4580/4155 4271/4581/4156 4136/4582/4157
f 4136/4582/4157 4137/4583/4158 4138/4580/4155
f 4137/4583/4158 4136/4582/4157 4139/4584/4159
f 4139/4584/4159 4140/4585/4160 4137/4583/4158
f 4134/4579/4154 4138/4580/4155 4137/4583/4158
f 4137/4583/4158 4135/4578/4153 4134/4579/4154
f 4135/4578/4153 4137/4583/4158 4140/4585/4160
f 4140/4585/4160 4133/4577/4152 4135/4578/4153
f 4142/4586/4161 4141/4587/4162 4267/4569/4144
f 4267/4569/4144 4128/4568/4143 4142/4586/4161
f 4132/4576/4151 4142/4586/4161 4128/4568/4143
f 4128/4568/4143 4125/4567/4142 4132/4576/4151
f 4140/4585/4160 4139/4584/4159 4141/4587/4162
f 4141/4587/4162 4142/4586/4161 4140/4585/4160
f 4133/4577/4152 4140/4585/4160 4142/4586/4161
f 4142/4586/4161 4132/4576/4151 4133/4577/4152
f 4134/4579/4154 1980/2197/1982 1995/2212/1997
f 1995/2212/1997 4143/4588/4163 4134/4579/4154
f 4143/4588/4163 1995/2212/1997 1994/2211/1996
f 1994/2211/1996 4144/4589/4164 4143/4588/4163
f 4146/4590/4165 1993/2210/1995 1992/2209/1994
f 1992/2209/1994 4145/4591/4166 4146/4590/4165
f 4144/4589/4164 1994/2211/1996 1993/2210/1995
f 1993/2210/1995 4146/4590/4165 4144/4589/4164
f 4150/4592/4167 4147/4593/4168 4148/4594/4169
f 4148/4594/4169 4149/4595/4170 4150/4592/4167
f 4149/4595/4170 4148/4594/4169 4493/4596/4171
f 4493/4596/4171 4151/4597/4172 4149/4595/4170
f 4145/4591/4166 4150/4592/4167 4149/4595/4170
f 4149/4595/4170 4146/4590/4165 4145/4591/4166
f 4146/4590/4165 4149/4595/4170 4151/4597/4172
f 4151/4597/4172 4144/4589/4164 4146/4590/4165
f 4152/4598/4173 4491/4599/4174 4271/4581/4156
f 4271/4581/4156 4138/4580/4155 4152/4598/4173
f 4143/4588/4163 4152/4598/4173 4138/4580/4155
f 4138/4580/4155 4134/4579/4154 4143/4588/4163
f 4151/4597/4172 4493/4596/4171 4491/4599/4174
f 4491/4599/4174 4152/4598/4173 4151/4597/4172
f 4144/4589/4164 4151/4597/4172 4152/4598/4173
f 4152/4598/4173 4143/4588/4163 4144/4589/4164
f 4145/4591/4166 1992/2209/1994 2007/2224/2009
f 2007/2224/2009 4153/4600/4175 4145/4591/4166
f 4153/4600/4175 2007/2224/2009 2006/2223/2008
f 2006/2223/2008 4154/4601/4176 4153/4600/4175
f 4156/4602/4177 2005/2222/2007 2004/2221/2006
f 2004/2221/2006 4155/4603/4178 4156/4602/4177
f 4154/4601/4176 2006/2223/2008 2005/2222/2007
f 2005/2222/2007 4156/4602/4177 4154/4601/4176
f 4160/4604/4179 4157/4605/4180 4158/4606/4181
f 4158/4606/4181 4159/4607/4182 4160/4604/4179
f 4159/4607/4182 4158/4606/4181 4161/4608/4183
f 4161/4608/4183 4162/4609/4184 4159/4607/4182
f 4155/4603/4178 4160/4604/4179 4159/4607/4182
f 4159/4607/4182 4156/4602/4177 4155/4603/4178
f 4156/4602/4177 4159/4607/4182 4162/4609/4184
f 4162/4609/4184 4154/4601/4176 4156/4602/4177
f 4163/4610/4185 4468/4611/4186 4147/4593/4168
f 4147/4593/4168 4150/4592/4167 4163/4610/4185
f 4153/4600/4175 4163/4610/4185 4150/4592/4167
f 4150/4592/4167 4145/4591/4166 4153/4600/4175
f 4162/4609/4184 4161/4608/4183 4468/4611/4186
f 4468/4611/4186 4163/4610/4185 4162/4609/4184
f 4154/4601/4176 4162/4609/4184 4163/4610/4185
f 4163/4610/4185 4153/4600/4175 4154/4601/4176
f 4155/4603/4178 2004/2221/2006 2016/2233/2018
f 2016/2233/2018 4164/4612/4187 4155/4603/4178
f 4164/4612/4187 2016/2233/2018 2015/2232/2017
f 2015/2232/2017 4165/4613/4188 4164/4612/4187
f 2014/2231/2016 4166/4614/4189 4167/4615/4190
f 4165/4613/4188 2015/2232/2017 2014/2231/2016
f 2014/2231/2016 4167/4615/4190 4165/4613/4188
f 4171/4616/4191 4168/4617/4192 4169/4618/4193
f 4169/4618/4193 4170/4619/4194 4171/4616/4191
f 4170/4619/4194 4169/4618/4193 4442/4620/4195
f 4442/4620/4195 4172/4621/4196 4170/4619/4194
f 4166/4614/4189 4171/4616/4191 4170/4619/4194
f 4170/4619/4194 4167/4615/4190 4166/4614/4189
f 4167/4615/4190 4170/4619/4194 4172/4621/4196
f 4172/4621/4196 4165/4613/4188 4167/4615/4190
f 4174/4622/4197 4173/4623/4198 4157/4605/4180
f 4157/4605/4180 4160/4604/4179 4174/4622/4197
f 4164/4612/4187 4174/4622/4197 4160/4604/4179
f 4160/4604/4179 4155/4603/4178 4164/4612/4187
f 4172/4621/4196 4442/4620/4195 4173/4623/4198
f 4173/4623/4198 4174/4622/4197 4172/4621/4196
f 4165/4613/4188 4172/4621/4196 4174/4622/4197
f 4174/4622/4197 4164/4612/4187 4165/4613/4188
f 4166/4614/4189 2014/2231/2016 2028/2245/2030
f 2028/2245/2030 4175/4624/4199 4166/4614/4189
f 4175/4624/4199 2028/2245/2030 2027/2244/2029
f 2027/2244/2029 4176/4625/4200 4175/4624/4199
f 4178/4626/4201 2026/2243/2028 2025/2242/2027
f 2025/2242/2027 4177/4627/4202 4178/4626/4201
f 4176/4625/4200 2027/2244/2029 2026/2243/2028
f 2026/2243/2028 4178/4626/4201 4176/4625/4200
f 4180/4628/4203 4583/4629/4204 4582/4630/4205
f 4582/4630/4205 4179/4631/4206 4180/4628/4203
f 4179/4631/4206 4582/4630/4205 4580/4632/4207
f 4580/4632/4207 4181/4633/4208 4179/4631/4206
f 4177/4627/4202 4180/4628/4203 4179/4631/4206
f 4179/4631/4206 4178/4626/4201 4177/4627/4202
f 4178/4626/4201 4179/4631/4206 4181/4633/4208
f 4181/4633/4208 4176/4625/4200 4178/4626/4201
f 4183/4634/4209 4182/4635/4210 4168/4617/4192
f 4168/4617/4192 4171/4616/4191 4183/4634/4209
f 4175/4624/4199 4183/4634/4209 4171/4616/4191
f 4171/4616/4191 4166/4614/4189 4175/4624/4199
f 4181/4633/4208 4580/4632/4207 4182/4635/4210
f 4182/4635/4210 4183/4634/4209 4181/4633/4208
f 4176/4625/4200 4181/4633/4208 4183/4634/4209
f 4183/4634/4209 4175/4624/4199 4176/4625/4200
f 4185/4636/4211 2043/2260/2045 2042/2259/2044
f 2042/2259/2044 4184/4637/4212 4185/4636/4211
f 4184/4637/4212 2042/2259/2044 2041/2258/2043
f 2041/2258/2043 4186/4638/4213 4184/4637/4212
f 4188/4639/4214 2040/2257/2042 2039/2256/2041
f 2039/2256/2041 4187/4640/4215 4188/4639/4214
f 4186/4638/4213 2041/2258/2043 2040/2257/2042
f 2040/2257/2042 4188/4639/4214 4186/4638/4213
f 4191/4641/4216 4189/4642/4217 4384/4643/4218
f 4384/4643/4218 4190/4644/4219 4191/4641/4216
f 4190/4644/4219 4384/4643/4218 4192/4645/4220
f 4192/4645/4220 4193/4646/4221 4190/4644/4219
f 4187/4640/4215 4191/4641/4216 4190/4644/4219
f 4190/4644/4219 4188/4639/4214 4187/4640/4215
f 4188/4639/4214 4190/4644/4219 4193/4646/4221
f 4193/4646/4221 4186/4638/4213 4188/4639/4214
f 4195/4647/4222 4380/4648/4223 4379/4649/4224
f 4379/4649/4224 4194/4650/4225 4195/4647/4222
f 4184/4637/4212 4195/4647/4222 4194/4650/4225
f 4194/4650/4225 4185/4636/4211 4184/4637/4212
f 4193/4646/4221 4192/4645/4220 4380/4648/4223
f 4380/4648/4223 4195/4647/4222 4193/4646/4221
f 4186/4638/4213 4193/4646/4221 4195/4647/4222
f 4195/4647/4222 4184/4637/4212 4186/4638/4213
f 4187/4640/4215 2039/2256/2041 2053/2270/2055
f 2053/2270/2055 4196/4651/4226 4187/4640/4215
f 4196/4651/4226 2053/2270/2055 2052/2269/2054
f 2052/2269/2054 4197/4652/4227 4196/4651/4226
f 4197/4652/4227 2052/2269/2054 2051/2268/2053
f 2051/2268/2053 4198/4653/4228 4197/4652/4227
f 4200/4654/4229 4199/4655/4230 4534/4656/4231
f 4534/4656/4231 4201/4657/4232 4200/4654/4229
f 4198/4653/4228 4200/4654/4229 4201/4657/4232
f 4201/4657/4232 4197/4652/4227 4198/4653/4228
f 4203/4658/4233 4202/4659/4234 4189/4642/4217
f 4189/4642/4217 4191/4641/4216 4203/4658/4233
f 4196/4651/4226 4203/4658/4233 4191/4641/4216
f 4191/4641/4216 4187/4640/4215 4196/4651/4226
f 4201/4657/4232 4534/4656/4231 4202/4659/4234
f 4202/4659/4234 4203/4658/4233 4201/4657/4232
f 4197/4652/4227 4201/4657/4232 4203/4658/4233
f 4203/4658/4233 4196/4651/4226 4197/4652/4227
f 4205/4660/4235 2068/2285/2070 2067/2284/2069
f 2067/2284/2069 4204/4661/4236 4205/4660/4235
f 4204/4661/4236 2067/2284/2069 2066/2283/2068
f 2066/2283/2068 4206/4662/4237 4204/4661/4236
f 4208/4663/4238 2065/2282/2067 2064/2281/2066
f 2064/2281/2066 4207/4664/4239 4208/4663/4238
f 4206/4662/4237 2066/2283/2068 2065/2282/2067
f 2065/2282/2067 4208/4663/4238 4206/4662/4237
f 4211/4665/4240 4209/4666/4241 4366/4667/4242
f 4366/4667/4242 4210/4668/4243 4211/4665/4240
f 4210/4668/4243 4366/4667/4242 4212/4669/4244
f 4212/4669/4244 4213/4670/4245 4210/4668/4243
f 4207/4664/4239 4211/4665/4240 4210/4668/4243
f 4210/4668/4243 4208/4663/4238 4207/4664/4239
f 4208/4663/4238 4210/4668/4243 4213/4670/4245
f 4213/4670/4245 4206/4662/4237 4208/4663/4238
f 4217/4671/4246 4214/4672/4247 4215/4673/4248
f 4215/4673/4248 4216/4674/4249 4217/4671/4246
f 4204/4661/4236 4217/4671/4246 4216/4674/4249
f 4216/4674/4249 4205/4660/4235 4204/4661/4236
f 4213/4670/4245 4212/4669/4244 4214/4672/4247
f 4214/4672/4247 4217/4671/4246 4213/4670/4245
f 4206/4662/4237 4213/4670/4245 4217/4671/4246
f 4217/4671/4246 4204/4661/4236 4206/4662/4237
f 4207/4664/4239 2064/2281/2066 2080/2297/2082
f 2080/2297/2082 4218/4675/4250 4207/4664/4239
f 4218/4675/4250 2080/2297/2082 2079/2296/2081
f 2079/2296/2081 4219/4676/4251 4218/4675/4250
f 4221/4677/4252 2078/2295/2080 2077/2294/2079
f 2077/2294/2079 4220/4678/4253 4221/4677/4252
f 4219/4676/4251 2079/2296/2081 2078/2295/2080
f 2078/2295/2080 4221/4677/4252 4219/4676/4251
f 4224/4679/4254 4398/4680/4255 4222/4681/4256
f 4222/4681/4256 4223/4682/4257 4224/4679/4254
f 4223/4682/4257 4222/4681/4256 4396/4683/4258
f 4396/4683/4258 4225/4684/4259 4223/4682/4257
f 4220/4678/4253 4224/4679/4254 4223/4682/4257
f 4223/4682/4257 4221/4677/4252 4220/4678/4253
f 4221/4677/4252 4223/4682/4257 4225/4684/4259
f 4225/4684/4259 4219/4676/4251 4221/4677/4252
f 4226/4685/4260 4394/4686/4261 4209/4666/4241
f 4209/4666/4241 4211/4665/4240 4226/4685/4260
f 4218/4675/4250 4226/4685/4260 4211/4665/4240
f 4211/4665/4240 4207/4664/4239 4218/4675/4250
f 4225/4684/4259 4396/4683/4258 4394/4686/4261
f 4394/4686/4261 4226/4685/4260 4225/4684/4259
f 4219/4676/4251 4225/4684/4259 4226/4685/4260
f 4226/4685/4260 4218/4675/4250 4219/4676/4251
f 2089/2306/2091 4227/4687/4262 4228/4688/4263
f 4227/4687/4262 2089/2306/2091 2088/2305/2090
f 2088/2305/2090 4229/4689/4264 4227/4687/4262
f 4230/4690/4265 2087/2304/2089 1886/2103/1888
f 1886/2103/1888 4050/4474/4049 4230/4690/4265
f 4229/4689/4264 2088/2305/2090 2087/2304/2089
f 2087/2304/2089 4230/4690/4265 4229/4689/4264
f 4060/4488/4063 4059/4487/4062 4231/4691/4266
f 4231/4691/4266 4232/4692/4267 4060/4488/4063
f 4232/4692/4267 4231/4691/4266 4233/4693/4268
f 4233/4693/4268 4234/4694/4269 4232/4692/4267
f 4050/4474/4049 4060/4488/4063 4232/4692/4267
f 4232/4692/4267 4230/4690/4265 4050/4474/4049
f 4230/4690/4265 4232/4692/4267 4234/4694/4269
f 4234/4694/4269 4229/4689/4264 4230/4690/4265
f 4237/4695/4270 4424/4696/4271 4235/4697/4272
f 4235/4697/4272 4236/4698/4273 4237/4695/4270
f 4227/4687/4262 4237/4695/4270 4236/4698/4273
f 4236/4698/4273 4228/4688/4263 4227/4687/4262
f 4234/4694/4269 4233/4693/4268 4424/4696/4271
f 4424/4696/4271 4237/4695/4270 4234/4694/4269
f 4229/4689/4264 4234/4694/4269 4237/4695/4270
f 4237/4695/4270 4227/4687/4262 4229/4689/4264
f 4239/4699/4274 2100/2318/2103 2099/2317/2102
f 2099/2317/2102 4238/4700/4275 4239/4699/4274
f 4238/4700/4275 2099/2317/2102 2094/2311/2096
f 2094/2311/2096 4240/4701/4276 4238/4700/4275
f 4242/4702/4277 4239/4699/4274 4238/4700/4275
f 4238/4700/4275 4241/4703/4278 4242/4702/4277
f 4241/4703/4278 4238/4700/4275 4240/4701/4276
f 4240/4701/4276 4243/4704/4279 4241/4703/4278
f 4245/4705/4280 2091/2309/2094 2090/2308/2093
f 2090/2308/2093 4244/4706/4281 4245/4705/4280
f 4247/4707/4282 4245/4705/4280 4244/4706/4281
f 4244/4706/4281 4246/4708/4283 4247/4707/4282
f 4240/4701/4276 2094/2311/2096 2091/2309/2094
f 2091/2309/2094 4245/4705/4280 4240/4701/4276
f 4243/4704/4279 4240/4701/4276 4245/4705/4280
f 4245/4705/4280 4247/4707/4282 4243/4704/4279
f 4251/4709/4284 4248/4710/4069 4249/4711/4087
f 4249/4711/4087 4250/4712/4285 4251/4709/4284
f 4250/4712/4285 4249/4711/4087 4252/4713/4084
f 4252/4713/4084 4253/4714/4286 4250/4712/4285
f 4246/4708/4283 4251/4709/4284 4250/4712/4285
f 4250/4712/4285 4247/4707/4282 4246/4708/4283
f 4247/4707/4282 4250/4712/4285 4253/4714/4286
f 4253/4714/4286 4243/4704/4279 4247/4707/4282
f 4256/4715/4287 4254/4716/4082 4074/4717/4081
f 4074/4717/4081 4255/4718/4288 4256/4715/4287
f 4241/4703/4278 4256/4715/4287 4255/4718/4288
f 4255/4718/4288 4242/4702/4277 4241/4703/4278
f 4253/4714/4286 4252/4713/4084 4254/4716/4082
f 4254/4716/4082 4256/4715/4287 4253/4714/4286
f 4243/4704/4279 4253/4714/4286 4256/4715/4287
f 4256/4715/4287 4241/4703/4278 4243/4704/4279
f 4258/4719/4289 2112/2330/2115 2111/2329/2114
f 2111/2329/2114 4257/4720/4290 4258/4719/4289
f 4257/4720/4290 2111/2329/2114 2109/2326/2111
f 2109/2326/2111 4259/4721/4291 4257/4720/4290
f 4261/4722/4292 4258/4719/4289 4257/4720/4290
f 4257/4720/4290 4260/4723/4293 4261/4722/4292
f 4260/4723/4293 4257/4720/4290 4259/4721/4291
f 4259/4721/4291 4262/4724/4294 4260/4723/4293
f 4264/4725/4295 2106/2324/2109 2105/2323/2108
f 2105/2323/2108 4263/4726/4296 4264/4725/4295
f 4266/4727/4297 4264/4725/4295 4263/4726/4296
f 4263/4726/4296 4265/4728/4298 4266/4727/4297
f 4259/4721/4291 2109/2326/2111 2106/2324/2109
f 2106/2324/2109 4264/4725/4295 4259/4721/4291
f 4262/4724/4294 4259/4721/4291 4264/4725/4295
f 4264/4725/4295 4266/4727/4297 4262/4724/4294
f 4269/4729/4299 4267/4730/4144 4141/4731/4162
f 4141/4731/4162 4268/4732/4300 4269/4729/4299
f 4268/4732/4300 4141/4731/4162 4139/4733/4159
f 4139/4733/4159 4270/4734/4301 4268/4732/4300
f 4265/4728/4298 4269/4729/4299 4268/4732/4300
f 4268/4732/4300 4266/4727/4297 4265/4728/4298
f 4266/4727/4297 4268/4732/4300 4270/4734/4301
f 4270/4734/4301 4262/4724/4294 4266/4727/4297
f 4273/4735/4302 4136/4736/4157 4271/4737/4156
f 4271/4737/4156 4272/4738/4303 4273/4735/4302
f 4260/4723/4293 4273/4735/4302 4272/4738/4303
f 4272/4738/4303 4261/4722/4292 4260/4723/4293
f 4270/4734/4301 4139/4733/4159 4136/4736/4157
f 4136/4736/4157 4273/4735/4302 4270/4734/4301
f 4262/4724/4294 4270/4734/4301 4273/4735/4302
f 4273/4735/4302 4260/4723/4293 4262/4724/4294
f 4275/4739/4304 2122/2340/2125 2121/2339/2124
f 2121/2339/2124 4274/4740/4305 4275/4739/4304
f 4274/4740/4305 2121/2339/2124 2117/2334/2119
f 2117/2334/2119 4276/4741/4306 4274/4740/4305
f 4278/4742/4307 4275/4739/4304 4274/4740/4305
f 4274/4740/4305 4277/4743/4308 4278/4742/4307
f 4277/4743/4308 4274/4740/4305 4276/4741/4306
f 4276/4741/4306 4279/4744/4309 4277/4743/4308
f 4280/4745/4310 2115/2332/2117 2100/2318/2103
f 2100/2318/2103 4239/4699/4274 4280/4745/4310
f 4281/4746/4311 4280/4745/4310 4239/4699/4274
f 4239/4699/4274 4242/4702/4277 4281/4746/4311
f 4276/4741/4306 2117/2334/2119 2115/2332/2117
f 2115/2332/2117 4280/4745/4310 4276/4741/4306
f 4279/4744/4309 4276/4741/4306 4280/4745/4310
f 4280/4745/4310 4281/4746/4311 4279/4744/4309
f 4255/4718/4288 4074/4717/4081 4089/4747/4099
f 4089/4747/4099 4282/4748/4312 4255/4718/4288
f 4282/4748/4312 4089/4747/4099 4087/4749/4096
f 4087/4749/4096 4283/4750/4313 4282/4748/4312
f 4242/4702/4277 4255/4718/4288 4282/4748/4312
f 4282/4748/4312 4281/4746/4311 4242/4702/4277
f 4281/4746/4311 4282/4748/4312 4283/4750/4313
f 4283/4750/4313 4279/4744/4309 4281/4746/4311
f 4285/4751/4314 4084/4752/4094 4083/4753/4093
f 4083/4753/4093 4284/4754/4315 4285/4751/4314
f 4277/4743/4308 4285/4751/4314 4284/4754/4315
f 4284/4754/4315 4278/4742/4307 4277/4743/4308
f 4283/4750/4313 4087/4749/4096 4084/4752/4094
f 4084/4752/4094 4285/4751/4314 4283/4750/4313
f 4279/4744/4309 4283/4750/4313 4285/4751/4314
f 4285/4751/4314 4277/4743/4308 4279/4744/4309
f 4263/4726/4296 2105/2323/2108 2130/2348/2133
f 2130/2348/2133 4286/4755/4316 4263/4726/4296
f 4286/4755/4316 2130/2348/2133 2129/2346/2131
f 2129/2346/2131 4287/4756/4317 4286/4755/4316
f 4265/4728/4298 4263/4726/4296 4286/4755/4316
f 4286/4755/4316 4288/4757/4318 4265/4728/4298
f 4288/4757/4318 4286/4755/4316 4287/4756/4317
f 4287/4756/4317 4289/4758/4319 4288/4757/4318
f 4291/4759/4320 2128/2345/2130 2127/2344/2129
f 2127/2344/2129 4290/4760/4321 4291/4759/4320
f 4293/4761/4322 4291/4759/4320 4290/4760/4321
f 4290/4760/4321 4292/4762/4323 4293/4761/4322
f 4287/4756/4317 2129/2346/2131 2128/2345/2130
f 2128/2345/2130 4291/4759/4320 4287/4756/4317
f 4289/4758/4319 4287/4756/4317 4291/4759/4320
f 4291/4759/4320 4293/4761/4322 4289/4758/4319
f 4295/4763/4324 4116/4764/4130 4130/4765/4150
f 4130/4765/4150 4294/4766/4325 4295/4763/4324
f 4294/4766/4325 4130/4765/4150 4296/4767/4147
f 4296/4767/4147 4297/4768/4326 4294/4766/4325
f 4292/4762/4323 4295/4763/4324 4294/4766/4325
f 4294/4766/4325 4293/4761/4322 4292/4762/4323
f 4293/4761/4322 4294/4766/4325 4297/4768/4326
f 4297/4768/4326 4289/4758/4319 4293/4761/4322
f 4299/4769/4327 4298/4770/4145 4267/4730/4144
f 4267/4730/4144 4269/4729/4299 4299/4769/4327
f 4288/4757/4318 4299/4769/4327 4269/4729/4299
f 4269/4729/4299 4265/4728/4298 4288/4757/4318
f 4297/4768/4326 4296/4767/4147 4298/4770/4145
f 4298/4770/4145 4299/4769/4327 4297/4768/4326
f 4289/4758/4319 4297/4768/4326 4299/4769/4327
f 4299/4769/4327 4288/4757/4318 4289/4758/4319
f 4301/4771/4328 2139/2357/2142 2138/2356/2141
f 2138/2356/2141 4300/4772/4329 4301/4771/4328
f 4300/4772/4329 2138/2356/2141 2134/2351/2136
f 2134/2351/2136 4302/4773/4330 4300/4772/4329
f 4304/4774/4331 4301/4771/4328 4300/4772/4329
f 4300/4772/4329 4303/4775/4332 4304/4774/4331
f 4303/4775/4332 4300/4772/4329 4302/4773/4330
f 4302/4773/4330 4305/4776/4333 4303/4775/4332
f 4306/4777/4334 2132/2349/2134 2122/2340/2125
f 2122/2340/2125 4275/4739/4304 4306/4777/4334
f 4307/4778/4335 4306/4777/4334 4275/4739/4304
f 4275/4739/4304 4278/4742/4307 4307/4778/4335
f 4302/4773/4330 2134/2351/2136 2132/2349/2134
f 2132/2349/2134 4306/4777/4334 4302/4773/4330
f 4305/4776/4333 4302/4773/4330 4306/4777/4334
f 4306/4777/4334 4307/4778/4335 4305/4776/4333
f 4284/4754/4315 4083/4753/4093 4099/4779/4111
f 4099/4779/4111 4308/4780/4336 4284/4754/4315
f 4308/4780/4336 4099/4779/4111 4309/4781/4108
f 4309/4781/4108 4310/4782/4337 4308/4780/4336
f 4278/4742/4307 4284/4754/4315 4308/4780/4336
f 4308/4780/4336 4307/4778/4335 4278/4742/4307
f 4307/4778/4335 4308/4780/4336 4310/4782/4337
f 4310/4782/4337 4305/4776/4333 4307/4778/4335
f 4313/4783/4338 4311/4784/4106 4095/4785/4105
f 4095/4785/4105 4312/4786/4339 4313/4783/4338
f 4303/4775/4332 4313/4783/4338 4312/4786/4339
f 4312/4786/4339 4304/4774/4331 4303/4775/4332
f 4310/4782/4337 4309/4781/4108 4311/4784/4106
f 4311/4784/4106 4313/4783/4338 4310/4782/4337
f 4305/4776/4333 4310/4782/4337 4313/4783/4338
f 4313/4783/4338 4303/4775/4332 4305/4776/4333
f 4290/4760/4321 2127/2344/2129 2149/2366/2151
f 2149/2366/2151 4314/4787/4340 4290/4760/4321
f 4314/4787/4340 2149/2366/2151 2148/2365/2150
f 2148/2365/2150 4315/4788/4341 4314/4787/4340
f 4292/4762/4323 4290/4760/4321 4314/4787/4340
f 4314/4787/4340 4316/4789/4342 4292/4762/4323
f 4316/4789/4342 4314/4787/4340 4315/4788/4341
f 4315/4788/4341 4317/4790/4343 4316/4789/4342
f 4319/4791/4344 2145/2363/2148 2144/2362/2147
f 2144/2362/2147 4318/4792/4345 4319/4791/4344
f 4321/4793/4346 4319/4791/4344 4318/4792/4345
f 4318/4792/4345 4320/4794/4347 4321/4793/4346
f 4315/4788/4341 2148/2365/2150 2145/2363/2148
f 2145/2363/2148 4319/4791/4344 4315/4788/4341
f 4317/4790/4343 4315/4788/4341 4319/4791/4344
f 4319/4791/4344 4321/4793/4346 4317/4790/4343
f 4325/4795/4348 4322/4796/4137 4323/4797/4136
f 4323/4797/4136 4324/4798/4349 4325/4795/4348
f 4324/4798/4349 4323/4797/4136 4326/4799/4133
f 4326/4799/4133 4327/4800/4350 4324/4798/4349
f 4320/4794/4347 4325/4795/4348 4324/4798/4349
f 4324/4798/4349 4321/4793/4346 4320/4794/4347
f 4321/4793/4346 4324/4798/4349 4327/4800/4350
f 4327/4800/4350 4317/4790/4343 4321/4793/4346
f 4328/4801/4351 4117/4802/4131 4116/4764/4130
f 4116/4764/4130 4295/4763/4324 4328/4801/4351
f 4316/4789/4342 4328/4801/4351 4295/4763/4324
f 4295/4763/4324 4292/4762/4323 4316/4789/4342
f 4327/4800/4350 4326/4799/4133 4117/4802/4131
f 4117/4802/4131 4328/4801/4351 4327/4800/4350
f 4317/4790/4343 4327/4800/4350 4328/4801/4351
f 4328/4801/4351 4316/4789/4342 4317/4790/4343
f 4330/4803/4352 2738/2375/2160 2156/2374/2159
f 2156/2374/2159 4329/4804/4353 4330/4803/4352
f 4329/4804/4353 2156/2374/2159 2152/2369/2154
f 2152/2369/2154 4331/4805/4354 4329/4804/4353
f 4333/4806/4355 4330/4803/4352 4329/4804/4353
f 4329/4804/4353 4332/4807/4356 4333/4806/4355
f 4332/4807/4356 4329/4804/4353 4331/4805/4354
f 4331/4805/4354 4334/4808/4357 4332/4807/4356
f 4335/4809/4358 2150/2367/2152 2139/2357/2142
f 2139/2357/2142 4301/4771/4328 4335/4809/4358
f 4336/4810/4359 4335/4809/4358 4301/4771/4328
f 4301/4771/4328 4304/4774/4331 4336/4810/4359
f 4331/4805/4354 2152/2369/2154 2150/2367/2152
f 2150/2367/2152 4335/4809/4358 4331/4805/4354
f 4334/4808/4357 4331/4805/4354 4335/4809/4358
f 4335/4809/4358 4336/4810/4359 4334/4808/4357
f 4312/4786/4339 4095/4785/4105 4109/4811/4123
f 4109/4811/4123 4337/4812/4360 4312/4786/4339
f 4337/4812/4360 4109/4811/4123 4107/4813/4120
f 4107/4813/4120 4338/4814/4361 4337/4812/4360
f 4304/4774/4331 4312/4786/4339 4337/4812/4360
f 4337/4812/4360 4336/4810/4359 4304/4774/4331
f 4336/4810/4359 4337/4812/4360 4338/4814/4361
f 4338/4814/4361 4334/4808/4357 4336/4810/4359
f 4341/4815/4362 4339/4816/4118 4340/4817/4117
f 4340/4817/4117 4873/4818/4363 4341/4815/4362
f 4332/4807/4356 4341/4815/4362 4873/4818/4363
f 4873/4818/4363 4333/4806/4355 4332/4807/4356
f 4338/4814/4361 4107/4813/4120 4339/4816/4118
f 4339/4816/4118 4341/4815/4362 4338/4814/4361
f 4334/4808/4357 4338/4814/4361 4341/4815/4362
f 4341/4815/4362 4332/4807/4356 4334/4808/4357
f 4318/4792/4345 2144/2362/2147 2162/2385/2170
f 2162/2385/2170 4342/4819/4364 4318/4792/4345
f 4342/4819/4364 2162/2385/2170 2160/2382/2167
f 2160/2382/2167 4343/4820/4365 4342/4819/4364
f 4320/4794/4347 4318/4792/4345 4342/4819/4364
f 4342/4819/4364 4344/4821/4366 4320/4794/4347
f 4344/4821/4366 4342/4819/4364 4343/4820/4365
f 4343/4820/4365 4345/4822/4367 4344/4821/4366
f 4343/4820/4365 2160/2382/2167 2733/2379/2164
f 2733/2379/2164 4346/4823/4368 4343/4820/4365
f 4345/4822/4367 4343/4820/4365 4346/4823/4368
f 4346/4823/4368 4862/4824/4369 4345/4822/4367
f 4348/4825/4370 4347/4826/4371 4349/4827/4372
f 4349/4827/4372 4350/4828/4373 4348/4825/4370
f 4862/4824/4369 4348/4825/4370 4350/4828/4373
f 4350/4828/4373 4345/4822/4367 4862/4824/4369
f 4352/4829/4374 4351/4830/4375 4322/4796/4137
f 4322/4796/4137 4325/4795/4348 4352/4829/4374
f 4344/4821/4366 4352/4829/4374 4325/4795/4348
f 4325/4795/4348 4320/4794/4347 4344/4821/4366
f 4350/4828/4373 4349/4827/4372 4351/4830/4375
f 4351/4830/4375 4352/4829/4374 4350/4828/4373
f 4345/4822/4367 4350/4828/4373 4352/4829/4374
f 4352/4829/4374 4344/4821/4366 4345/4822/4367
f 4354/4831/4376 2174/2397/2182 2173/2396/2181
f 2173/2396/2181 4353/4832/4377 4354/4831/4376
f 4353/4832/4377 2173/2396/2181 2168/2390/2175
f 2168/2390/2175 4355/4833/4378 4353/4832/4377
f 4357/4834/4379 4354/4831/4376 4353/4832/4377
f 4353/4832/4377 4356/4835/4380 4357/4834/4379
f 4356/4835/4380 4353/4832/4377 4355/4833/4378
f 4355/4833/4378 4358/4836/4381 4356/4835/4380
f 4360/4837/4382 2165/2388/2173 2164/2387/2172
f 2164/2387/2172 4359/4838/4383 4360/4837/4382
f 4362/4839/4384 4360/4837/4382 4359/4838/4383
f 4359/4838/4383 4361/4840/4385 4362/4839/4384
f 4355/4833/4378 2168/2390/2175 2165/2388/2173
f 2165/2388/2173 4360/4837/4382 4355/4833/4378
f 4358/4836/4381 4355/4833/4378 4360/4837/4382
f 4360/4837/4382 4362/4839/4384 4358/4836/4381
f 4364/4841/4386 4215/4842/4248 4214/4843/4247
f 4214/4843/4247 4363/4844/4387 4364/4841/4386
f 4363/4844/4387 4214/4843/4247 4212/4845/4244
f 4212/4845/4244 4365/4846/4388 4363/4844/4387
f 4361/4840/4385 4364/4841/4386 4363/4844/4387
f 4363/4844/4387 4362/4839/4384 4361/4840/4385
f 4362/4839/4384 4363/4844/4387 4365/4846/4388
f 4365/4846/4388 4358/4836/4381 4362/4839/4384
f 4368/4847/4389 4366/4848/4242 4209/4849/4241
f 4209/4849/4241 4367/4850/4390 4368/4847/4389
f 4356/4835/4380 4368/4847/4389 4367/4850/4390
f 4367/4850/4390 4357/4834/4379 4356/4835/4380
f 4365/4846/4388 4212/4845/4244 4366/4848/4242
f 4366/4848/4242 4368/4847/4389 4365/4846/4388
f 4358/4836/4381 4365/4846/4388 4368/4847/4389
f 4368/4847/4389 4356/4835/4380 4358/4836/4381
f 4370/4851/4391 2186/2409/2194 2185/2408/2193
f 2185/2408/2193 4369/4852/4392 4370/4851/4391
f 4369/4852/4392 2185/2408/2193 2183/2405/2190
f 2183/2405/2190 4371/4853/4393 4369/4852/4392
f 4373/4854/4394 4370/4851/4391 4369/4852/4392
f 4369/4852/4392 4372/4855/4395 4373/4854/4394
f 4372/4855/4395 4369/4852/4392 4371/4853/4393
f 4371/4853/4393 4374/4856/4396 4372/4855/4395
f 4376/4857/4397 2180/2403/2188 2179/2402/2187
f 2179/2402/2187 4375/4858/4398 4376/4857/4397
f 4378/4859/4399 4376/4857/4397 4375/4858/4398
f 4375/4858/4398 4377/4860/4400 4378/4859/4399
f 4371/4853/4393 2183/2405/2190 2180/2403/2188
f 2180/2403/2188 4376/4857/4397 4371/4853/4393
f 4374/4856/4396 4371/4853/4393 4376/4857/4397
f 4376/4857/4397 4378/4859/4399 4374/4856/4396
f 4382/4861/4401 4379/4862/4224 4380/4863/4223
f 4380/4863/4223 4381/4864/4402 4382/4861/4401
f 4381/4864/4402 4380/4863/4223 4192/4865/4220
f 4192/4865/4220 4383/4866/4403 4381/4864/4402
f 4377/4860/4400 4382/4861/4401 4381/4864/4402
f 4381/4864/4402 4378/4859/4399 4377/4860/4400
f 4378/4859/4399 4381/4864/4402 4383/4866/4403
f 4383/4866/4403 4374/4856/4396 4378/4859/4399
f 4386/4867/4404 4384/4868/4218 4189/4869/4217
f 4189/4869/4217 4385/4870/4405 4386/4867/4404
f 4372/4855/4395 4386/4867/4404 4385/4870/4405
f 4385/4870/4405 4373/4854/4394 4372/4855/4395
f 4383/4866/4403 4192/4865/4220 4384/4868/4218
f 4384/4868/4218 4386/4867/4404 4383/4866/4403
f 4374/4856/4396 4383/4866/4403 4386/4867/4404
f 4386/4867/4404 4372/4855/4395 4374/4856/4396
f 2195/2417/2202 4387/4871/4406 5124/4872/4407
f 4387/4871/4406 2195/2417/2202 2191/2413/2198
f 2191/2413/2198 4388/4873/4408 4387/4871/4406
f 4390/4874/4409 5124/4872/4407 4387/4871/4406
f 4387/4871/4406 4389/4875/4410 4390/4874/4409
f 4389/4875/4410 4387/4871/4406 4388/4873/4408
f 4388/4873/4408 4391/4876/4411 4389/4875/4410
f 4392/4877/4412 2189/2411/2196 2174/2397/2182
f 2174/2397/2182 4354/4831/4376 4392/4877/4412
f 4393/4878/4413 4392/4877/4412 4354/4831/4376
f 4354/4831/4376 4357/4834/4379 4393/4878/4413
f 4388/4873/4408 2191/2413/2198 2189/2411/2196
f 2189/2411/2196 4392/4877/4412 4388/4873/4408
f 4391/4876/4411 4388/4873/4408 4392/4877/4412
f 4392/4877/4412 4393/4878/4413 4391/4876/4411
f 4367/4850/4390 4209/4849/4241 4394/4879/4261
f 4394/4879/4261 4395/4880/4414 4367/4850/4390
f 4395/4880/4414 4394/4879/4261 4396/4881/4258
f 4396/4881/4258 4397/4882/4415 4395/4880/4414
f 4357/4834/4379 4367/4850/4390 4395/4880/4414
f 4395/4880/4414 4393/4878/4413 4357/4834/4379
f 4393/4878/4413 4395/4880/4414 4397/4882/4415
f 4397/4882/4415 4391/4876/4411 4393/4878/4413
f 4400/4883/4416 4222/4884/4256 4398/4885/4255
f 4398/4885/4255 4399/4886/4417 4400/4883/4416
f 4389/4875/4410 4400/4883/4416 4399/4886/4417
f 4399/4886/4417 4390/4874/4409 4389/4875/4410
f 4397/4882/4415 4396/4881/4258 4222/4884/4256
f 4222/4884/4256 4400/4883/4416 4397/4882/4415
f 4391/4876/4411 4397/4882/4415 4400/4883/4416
f 4400/4883/4416 4389/4875/4410 4391/4876/4411
f 4375/4858/4398 2179/2402/2187 2202/2425/2210
f 2202/2425/2210 4401/4887/4418 4375/4858/4398
f 4401/4887/4418 2202/2425/2210 2201/2424/2209
f 2201/2424/2209 4402/4888/4419 4401/4887/4418
f 4377/4860/4400 4375/4858/4398 4401/4887/4418
f 4401/4887/4418 4403/4889/4420 4377/4860/4400
f 4403/4889/4420 4401/4887/4418 4402/4888/4419
f 4402/4888/4419 4404/4890/4421 4403/4889/4420
f 4405/4891/4422 4406/4892/4423 4407/4893/4424
f 4402/4888/4419 2201/2424/2209 2199/2421/2206
f 2199/2421/2206 4405/4891/4422 4402/4888/4419
f 4404/4890/4421 4402/4888/4419 4405/4891/4422
f 4405/4891/4422 4407/4893/4424 4404/4890/4421
f 4409/4894/4425 4545/4895/4426 4544/4896/4427
f 4544/4896/4427 4408/4897/4428 4409/4894/4425
f 4408/4897/4428 4544/4896/4427 4410/4898/4429
f 4410/4898/4429 4411/4899/4430 4408/4897/4428
f 4406/4892/4423 4409/4894/4425 4408/4897/4428
f 4408/4897/4428 4407/4893/4424 4406/4892/4423
f 4407/4893/4424 4408/4897/4428 4411/4899/4430
f 4411/4899/4430 4404/4890/4421 4407/4893/4424
f 4413/4900/4431 4412/4901/4432 4379/4862/4224
f 4379/4862/4224 4382/4861/4401 4413/4900/4431
f 4403/4889/4420 4413/4900/4431 4382/4861/4401
f 4382/4861/4401 4377/4860/4400 4403/4889/4420
f 4411/4899/4430 4410/4898/4429 4412/4901/4432
f 4412/4901/4432 4413/4900/4431 4411/4899/4430
f 4404/4890/4421 4411/4899/4430 4413/4900/4431
f 4413/4900/4431 4403/4889/4420 4404/4890/4421
f 4415/4902/4433 2213/2437/2222 2212/2436/2221
f 2212/2436/2221 4414/4903/4434 4415/4902/4433
f 4414/4903/4434 2212/2436/2221 2207/2430/2215
f 2207/2430/2215 4416/4904/4435 4414/4903/4434
f 4418/4905/4436 4415/4902/4433 4414/4903/4434
f 4414/4903/4434 4417/4906/4437 4418/4905/4436
f 4417/4906/4437 4414/4903/4434 4416/4904/4435
f 4416/4904/4435 4419/4907/4438 4417/4906/4437
f 4421/4908/4439 2204/2428/2213 2203/2427/2212
f 2203/2427/2212 4420/4909/4440 4421/4908/4439
f 4423/4910/4441 4421/4908/4439 4420/4909/4440
f 4420/4909/4440 4422/4911/4442 4423/4910/4441
f 4416/4904/4435 2207/2430/2215 2204/2428/2213
f 2204/2428/2213 4421/4908/4439 4416/4904/4435
f 4419/4907/4438 4416/4904/4435 4421/4908/4439
f 4421/4908/4439 4423/4910/4441 4419/4907/4438
f 4426/4912/4443 4235/4913/4272 4424/4914/4271
f 4424/4914/4271 4425/4915/4444 4426/4912/4443
f 4425/4915/4444 4424/4914/4271 4233/4916/4268
f 4233/4916/4268 4427/4917/4445 4425/4915/4444
f 4422/4911/4442 4426/4912/4443 4425/4915/4444
f 4425/4915/4444 4423/4910/4441 4422/4911/4442
f 4423/4910/4441 4425/4915/4444 4427/4917/4445
f 4427/4917/4445 4419/4907/4438 4423/4910/4441
f 4429/4918/4446 4231/4919/4266 4059/4920/4062
f 4059/4920/4062 4428/4921/4447 4429/4918/4446
f 4417/4906/4437 4429/4918/4446 4428/4921/4447
f 4428/4921/4447 4418/4905/4436 4417/4906/4437
f 4427/4917/4445 4233/4916/4268 4231/4919/4266
f 4231/4919/4266 4429/4918/4446 4427/4917/4445
f 4419/4907/4438 4427/4917/4445 4429/4918/4446
f 4429/4918/4446 4417/4906/4437 4419/4907/4438
f 4431/4922/4448 2225/2449/2234 2224/2448/2233
f 2224/2448/2233 4430/4923/4449 4431/4922/4448
f 4430/4923/4449 2224/2448/2233 2222/2445/2230
f 2222/2445/2230 4432/4924/4450 4430/4923/4449
f 4434/4925/4451 4431/4922/4448 4430/4923/4449
f 4430/4923/4449 4433/4926/4452 4434/4925/4451
f 4433/4926/4452 4430/4923/4449 4432/4924/4450
f 4432/4924/4450 4435/4927/4453 4433/4926/4452
f 4437/4928/4454 2219/2443/2228 2218/2442/2227
f 2218/2442/2227 4436/4929/4455 4437/4928/4454
f 4439/4930/4456 4437/4928/4454 4436/4929/4455
f 4436/4929/4455 4438/4931/4457 4439/4930/4456
f 4432/4924/4450 2222/2445/2230 2219/2443/2228
f 2219/2443/2228 4437/4928/4454 4432/4924/4450
f 4435/4927/4453 4432/4924/4450 4437/4928/4454
f 4437/4928/4454 4439/4930/4456 4435/4927/4453
f 4441/4932/4458 4157/4933/4180 4173/4934/4198
f 4173/4934/4198 4440/4935/4459 4441/4932/4458
f 4440/4935/4459 4173/4934/4198 4442/4936/4195
f 4442/4936/4195 4443/4937/4460 4440/4935/4459
f 4438/4931/4457 4441/4932/4458 4440/4935/4459
f 4440/4935/4459 4439/4930/4456 4438/4931/4457
f 4439/4930/4456 4440/4935/4459 4443/4937/4460
f 4443/4937/4460 4435/4927/4453 4439/4930/4456
f 4445/4938/4461 4169/4939/4193 4168/4940/4192
f 4168/4940/4192 4444/4941/4462 4445/4938/4461
f 4433/4926/4452 4445/4938/4461 4444/4941/4462
f 4444/4941/4462 4434/4925/4451 4433/4926/4452
f 4443/4937/4460 4442/4936/4195 4169/4939/4193
f 4169/4939/4193 4445/4938/4461 4443/4937/4460
f 4435/4927/4453 4443/4937/4460 4445/4938/4461
f 4445/4938/4461 4433/4926/4452 4435/4927/4453
f 4447/4942/4463 2235/2459/2244 2234/2458/2243
f 2234/2458/2243 4446/4943/4464 4447/4942/4463
f 4446/4943/4464 2234/2458/2243 2230/2453/2238
f 2230/2453/2238 4448/4944/4465 4446/4943/4464
f 4450/4945/4466 4447/4942/4463 4446/4943/4464
f 4446/4943/4464 4449/4946/4467 4450/4945/4466
f 4449/4946/4467 4446/4943/4464 4448/4944/4465
f 4448/4944/4465 4451/4947/4468 4449/4946/4467
f 4452/4948/4469 2228/2451/2236 2213/2437/2222
f 2213/2437/2222 4415/4902/4433 4452/4948/4469
f 4453/4949/4470 4452/4948/4469 4415/4902/4433
f 4415/4902/4433 4418/4905/4436 4453/4949/4470
f 4448/4944/4465 2230/2453/2238 2228/2451/2236
f 2228/2451/2236 4452/4948/4469 4448/4944/4465
f 4451/4947/4468 4448/4944/4465 4452/4948/4469
f 4452/4948/4469 4453/4949/4470 4451/4947/4468
f 4428/4921/4447 4059/4920/4062 4058/4950/4061
f 4058/4950/4061 4454/4951/4471 4428/4921/4447
f 4454/4951/4471 4058/4950/4061 4056/4952/4058
f 4056/4952/4058 4455/4953/4472 4454/4951/4471
f 4418/4905/4436 4428/4921/4447 4454/4951/4471
f 4454/4951/4471 4453/4949/4470 4418/4905/4436
f 4453/4949/4470 4454/4951/4471 4455/4953/4472
f 4455/4953/4472 4451/4947/4468 4453/4949/4470
f 4459/4954/4473 4456/4955/4056 4457/4956/4055
f 4457/4956/4055 4458/4957/4474 4459/4954/4473
f 4449/4946/4467 4459/4954/4473 4458/4957/4474
f 4458/4957/4474 4450/4945/4466 4449/4946/4467
f 4455/4953/4472 4056/4952/4058 4456/4955/4056
f 4456/4955/4056 4459/4954/4473 4455/4953/4472
f 4451/4947/4468 4455/4953/4472 4459/4954/4473
f 4459/4954/4473 4449/4946/4467 4451/4947/4468
f 4436/4929/4455 2218/2442/2227 2246/2470/2255
f 2246/2470/2255 4460/4958/4475 4436/4929/4455
f 4460/4958/4475 2246/2470/2255 2244/2467/2252
f 2244/2467/2252 4461/4959/4476 4460/4958/4475
f 4438/4931/4457 4436/4929/4455 4460/4958/4475
f 4460/4958/4475 4462/4960/4477 4438/4931/4457
f 4462/4960/4477 4460/4958/4475 4461/4959/4476
f 4461/4959/4476 4463/4961/4478 4462/4960/4477
f 4465/4962/4479 2241/2465/2250 2240/2464/2249
f 2240/2464/2249 4464/4963/4480 4465/4962/4479
f 4467/4964/4481 4465/4962/4479 4464/4963/4480
f 4464/4963/4480 4466/4965/4482 4467/4964/4481
f 4461/4959/4476 2244/2467/2252 2241/2465/2250
f 2241/2465/2250 4465/4962/4479 4461/4959/4476
f 4463/4961/4478 4461/4959/4476 4465/4962/4479
f 4465/4962/4479 4467/4964/4481 4463/4961/4478
f 4470/4966/4483 4147/4967/4168 4468/4968/4186
f 4468/4968/4186 4469/4969/4484 4470/4966/4483
f 4469/4969/4484 4468/4968/4186 4161/4970/4183
f 4161/4970/4183 4471/4971/4485 4469/4969/4484
f 4466/4965/4482 4470/4966/4483 4469/4969/4484
f 4469/4969/4484 4467/4964/4481 4466/4965/4482
f 4467/4964/4481 4469/4969/4484 4471/4971/4485
f 4471/4971/4485 4463/4961/4478 4467/4964/4481
f 4472/4972/4486 4158/4973/4181 4157/4933/4180
f 4157/4933/4180 4441/4932/4458 4472/4972/4486
f 4462/4960/4477 4472/4972/4486 4441/4932/4458
f 4441/4932/4458 4438/4931/4457 4462/4960/4477
f 4471/4971/4485 4161/4970/4183 4158/4973/4181
f 4158/4973/4181 4472/4972/4486 4471/4971/4485
f 4463/4961/4478 4471/4971/4485 4472/4972/4486
f 4472/4972/4486 4462/4960/4477 4463/4961/4478
f 4244/4706/4281 2090/2308/2093 2254/2478/2263
f 2254/2478/2263 4473/4974/4487 4244/4706/4281
f 4473/4974/4487 2254/2478/2263 2250/2473/2258
f 2250/2473/2258 4474/4975/4488 4473/4974/4487
f 4246/4708/4283 4244/4706/4281 4473/4974/4487
f 4473/4974/4487 4475/4976/4489 4246/4708/4283
f 4475/4976/4489 4473/4974/4487 4474/4975/4488
f 4474/4975/4488 4476/4977/4490 4475/4976/4489
f 4477/4978/4491 2248/2471/2256 2235/2459/2244
f 2235/2459/2244 4447/4942/4463 4477/4978/4491
f 4478/4979/4492 4477/4978/4491 4447/4942/4463
f 4447/4942/4463 4450/4945/4466 4478/4979/4492
f 4474/4975/4488 2250/2473/2258 2248/2471/2256
f 2248/2471/2256 4477/4978/4491 4474/4975/4488
f 4476/4977/4490 4474/4975/4488 4477/4978/4491
f 4477/4978/4491 4478/4979/4492 4476/4977/4490
f 4458/4957/4474 4457/4956/4055 4479/4980/4075
f 4479/4980/4075 4480/4981/4493 4458/4957/4474
f 4480/4981/4493 4479/4980/4075 4481/4982/4072
f 4481/4982/4072 4482/4983/4494 4480/4981/4493
f 4450/4945/4466 4458/4957/4474 4480/4981/4493
f 4480/4981/4493 4478/4979/4492 4450/4945/4466
f 4478/4979/4492 4480/4981/4493 4482/4983/4494
f 4482/4983/4494 4476/4977/4490 4478/4979/4492
f 4484/4984/4495 4483/4985/4070 4248/4710/4069
f 4248/4710/4069 4251/4709/4284 4484/4984/4495
f 4475/4976/4489 4484/4984/4495 4251/4709/4284
f 4251/4709/4284 4246/4708/4283 4475/4976/4489
f 4482/4983/4494 4481/4982/4072 4483/4985/4070
f 4483/4985/4070 4484/4984/4495 4482/4983/4494
f 4476/4977/4490 4482/4983/4494 4484/4984/4495
f 4484/4984/4495 4475/4976/4489 4476/4977/4490
f 4464/4963/4480 2240/2464/2249 2261/2485/2270
f 2261/2485/2270 4485/4986/4496 4464/4963/4480
f 4485/4986/4496 2261/2485/2270 2259/2482/2267
f 2259/2482/2267 4486/4987/4497 4485/4986/4496
f 4466/4965/4482 4464/4963/4480 4485/4986/4496
f 4485/4986/4496 4487/4988/4498 4466/4965/4482
f 4487/4988/4498 4485/4986/4496 4486/4987/4497
f 4486/4987/4497 4488/4989/4499 4487/4988/4498
f 4489/4990/4500 2257/2480/2265 2112/2330/2115
f 2112/2330/2115 4258/4719/4289 4489/4990/4500
f 4490/4991/4501 4489/4990/4500 4258/4719/4289
f 4258/4719/4289 4261/4722/4292 4490/4991/4501
f 4486/4987/4497 2259/2482/2267 2257/2480/2265
f 2257/2480/2265 4489/4990/4500 4486/4987/4497
f 4488/4989/4499 4486/4987/4497 4489/4990/4500
f 4489/4990/4500 4490/4991/4501 4488/4989/4499
f 4272/4738/4303 4271/4737/4156 4491/4992/4174
f 4491/4992/4174 4492/4993/4502 4272/4738/4303
f 4492/4993/4502 4491/4992/4174 4493/4994/4171
f 4493/4994/4171 4494/4995/4503 4492/4993/4502
f 4261/4722/4292 4272/4738/4303 4492/4993/4502
f 4492/4993/4502 4490/4991/4501 4261/4722/4292
f 4490/4991/4501 4492/4993/4502 4494/4995/4503
f 4494/4995/4503 4488/4989/4499 4490/4991/4501
f 4495/4996/4504 4148/4997/4169 4147/4967/4168
f 4147/4967/4168 4470/4966/4483 4495/4996/4504
f 4487/4988/4498 4495/4996/4504 4470/4966/4483
f 4470/4966/4483 4466/4965/4482 4487/4988/4498
f 4494/4995/4503 4493/4994/4171 4148/4997/4169
f 4148/4997/4169 4495/4996/4504 4494/4995/4503
f 4488/4989/4499 4494/4995/4503 4495/4996/4504
f 4495/4996/4504 4487/4988/4498 4488/4989/4499
f 4497/4998/4505 2281/2505/2290 2280/2504/2289
f 2280/2504/2289 4496/4999/4506 4497/4998/4505
f 4496/4999/4506 2280/2504/2289 2279/2503/2288
f 2279/2503/2288 4498/5000/4507 4496/4999/4506
f 4499/5001/4508 2278/2502/2287 1959/2176/1961
f 1959/2176/1961 4112/4549/4124 4499/5001/4508
f 4498/5000/4507 2279/2503/2288 2278/2502/2287
f 2278/2502/2287 4499/5001/4508 4498/5000/4507
f 4121/4563/4138 4322/4562/4137 4351/5002/4375
f 4351/5002/4375 4500/5003/4509 4121/4563/4138
f 4500/5003/4509 4351/5002/4375 4349/5004/4372
f 4349/5004/4372 4501/5005/4510 4500/5003/4509
f 4112/4549/4124 4121/4563/4138 4500/5003/4509
f 4500/5003/4509 4499/5001/4508 4112/4549/4124
f 4499/5001/4508 4500/5003/4509 4501/5005/4510
f 4501/5005/4510 4498/5000/4507 4499/5001/4508
f 4347/5006/4371 4502/5007/4511 4503/5008/4512
f 4496/4999/4506 4503/5008/4512 4502/5007/4511
f 4502/5007/4511 4497/4998/4505 4496/4999/4506
f 4501/5005/4510 4349/5004/4372 4347/5006/4371
f 4347/5006/4371 4503/5008/4512 4501/5005/4510
f 4498/5000/4507 4501/5005/4510 4503/5008/4512
f 4503/5008/4512 4496/4999/4506 4498/5000/4507
f 4505/5009/4513 2291/2515/2300 2290/2514/2299
f 2290/2514/2299 4504/5010/4514 4505/5009/4513
f 4504/5010/4514 2290/2514/2299 2289/2513/2298
f 2289/2513/2298 4506/5011/4515 4504/5010/4514
f 4507/5012/4516 2288/2512/2297 2068/2285/2070
f 2068/2285/2070 4205/4660/4235 4507/5012/4516
f 4506/5011/4515 2289/2513/2298 2288/2512/2297
f 2288/2512/2297 4507/5012/4516 4506/5011/4515
f 4216/4674/4249 4215/4673/4248 4508/5013/4517
f 4508/5013/4517 4509/5014/4518 4216/4674/4249
f 4509/5014/4518 4508/5013/4517 4522/5015/4519
f 4522/5015/4519 4510/5016/4520 4509/5014/4518
f 4205/4660/4235 4216/4674/4249 4509/5014/4518
f 4509/5014/4518 4507/5012/4516 4205/4660/4235
f 4507/5012/4516 4509/5014/4518 4510/5016/4520
f 4510/5016/4520 4506/5011/4515 4507/5012/4516
f 4513/5017/4521 4520/5018/4522 4511/5019/4523
f 4511/5019/4523 4512/5020/4524 4513/5017/4521
f 4504/5010/4514 4513/5017/4521 4512/5020/4524
f 4512/5020/4524 4505/5009/4513 4504/5010/4514
f 4510/5016/4520 4522/5015/4519 4520/5018/4522
f 4520/5018/4522 4513/5017/4521 4510/5016/4520
f 4506/5011/4515 4510/5016/4520 4513/5017/4521
f 4513/5017/4521 4504/5010/4514 4506/5011/4515
f 4359/4838/4383 2164/2387/2172 2299/2524/2309
f 2299/2524/2309 4514/5021/4525 4359/4838/4383
f 4514/5021/4525 2299/2524/2309 2294/2518/2303
f 2294/2518/2303 4515/5022/4526 4514/5021/4525
f 4361/4840/4385 4359/4838/4383 4514/5021/4525
f 4514/5021/4525 4516/5023/4527 4361/4840/4385
f 4516/5023/4527 4514/5021/4525 4515/5022/4526
f 4515/5022/4526 4517/5024/4528 4516/5023/4527
f 4515/5022/4526 2294/2518/2303 2292/2517/2302
f 2292/2517/2302 4518/5025/4529 4515/5022/4526
f 4517/5024/4528 4515/5022/4526 4518/5025/4529
f 4518/5025/4529 4519/5026/4530 4517/5024/4528
f 4521/5027/4531 4511/5028/4523 4520/5029/4522
f 4521/5027/4531 4520/5029/4522 4522/5030/4519
f 4522/5030/4519 4523/5031/4532 4521/5027/4531
f 4519/5026/4530 4521/5027/4531 4523/5031/4532
f 4523/5031/4532 4517/5024/4528 4519/5026/4530
f 4524/5032/4533 4508/5033/4517 4215/4842/4248
f 4215/4842/4248 4364/4841/4386 4524/5032/4533
f 4516/5023/4527 4524/5032/4533 4364/4841/4386
f 4364/4841/4386 4361/4840/4385 4516/5023/4527
f 4523/5031/4532 4522/5030/4519 4508/5033/4517
f 4508/5033/4517 4524/5032/4533 4523/5031/4532
f 4517/5024/4528 4523/5031/4532 4524/5032/4533
f 4524/5032/4533 4516/5023/4527 4517/5024/4528
f 4526/5034/4534 2307/2532/2317 2306/2531/2316
f 2306/2531/2316 4525/5035/4535 4526/5034/4534
f 4525/5035/4535 2306/2531/2316 2304/2528/2313
f 2304/2528/2313 4527/5036/4536 4525/5035/4535
f 4529/5037/4537 4526/5034/4534 4525/5035/4535
f 4525/5035/4535 4528/5038/4538 4529/5037/4537
f 4528/5038/4538 4525/5035/4535 4527/5036/4536
f 4527/5036/4536 4530/5039/4539 4528/5038/4538
f 4531/5040/4540 2302/2526/2311 2186/2409/2194
f 2186/2409/2194 4370/4851/4391 4531/5040/4540
f 4532/5041/4541 4531/5040/4540 4370/4851/4391
f 4370/4851/4391 4373/4854/4394 4532/5041/4541
f 4527/5036/4536 2304/2528/2313 2302/2526/2311
f 2302/2526/2311 4531/5040/4540 4527/5036/4536
f 4530/5039/4539 4527/5036/4536 4531/5040/4540
f 4531/5040/4540 4532/5041/4541 4530/5039/4539
f 4385/4870/4405 4189/4869/4217 4202/5042/4234
f 4202/5042/4234 4533/5043/4542 4385/4870/4405
f 4533/5043/4542 4202/5042/4234 4534/5044/4231
f 4534/5044/4231 4535/5045/4543 4533/5043/4542
f 4373/4854/4394 4385/4870/4405 4533/5043/4542
f 4533/5043/4542 4532/5041/4541 4373/4854/4394
f 4532/5041/4541 4533/5043/4542 4535/5045/4543
f 4535/5045/4543 4530/5039/4539 4532/5041/4541
f 4199/5046/4230 4536/5047/4544 4537/5048/4545
f 4528/5038/4538 4537/5048/4545 4536/5047/4544
f 4536/5047/4544 4529/5037/4537 4528/5038/4538
f 4535/5045/4543 4534/5044/4231 4199/5046/4230
f 4199/5046/4230 4537/5048/4545 4535/5045/4543
f 4530/5039/4539 4535/5045/4543 4537/5048/4545
f 4537/5048/4545 4528/5038/4538 4530/5039/4539
f 4539/5049/4546 2329/2552/2337 2328/2551/2336
f 2328/2551/2336 4538/5050/4547 4539/5049/4546
f 4538/5050/4547 2328/2551/2336 2327/2550/2335
f 2327/2550/2335 4540/5051/4548 4538/5050/4547
f 4541/5052/4549 2326/2549/2334 2043/2260/2045
f 2043/2260/2045 4185/4636/4211 4541/5052/4549
f 4540/5051/4548 2327/2550/2335 2326/2549/2334
f 2326/2549/2334 4541/5052/4549 4540/5051/4548
f 4194/4650/4225 4379/4649/4224 4412/5053/4432
f 4412/5053/4432 4542/5054/4550 4194/4650/4225
f 4542/5054/4550 4412/5053/4432 4410/5055/4429
f 4410/5055/4429 4543/5056/4551 4542/5054/4550
f 4185/4636/4211 4194/4650/4225 4542/5054/4550
f 4542/5054/4550 4541/5052/4549 4185/4636/4211
f 4541/5052/4549 4542/5054/4550 4543/5056/4551
f 4543/5056/4551 4540/5051/4548 4541/5052/4549
f 4547/5057/4552 4544/5058/4427 4545/5059/4426
f 4545/5059/4426 4546/5060/4553 4547/5057/4552
f 4538/5050/4547 4547/5057/4552 4546/5060/4553
f 4546/5060/4553 4539/5049/4546 4538/5050/4547
f 4543/5056/4551 4410/5055/4429 4544/5058/4427
f 4544/5058/4427 4547/5057/4552 4543/5056/4551
f 4540/5051/4548 4543/5056/4551 4547/5057/4552
f 4547/5057/4552 4538/5050/4547 4540/5051/4548
f 4549/5061/4554 2341/2564/2349 2340/2563/2348
f 2340/2563/2348 4548/5062/4555 4549/5061/4554
f 4548/5062/4555 2340/2563/2348 2339/2562/2347
f 2339/2562/2347 4550/5063/4556 4548/5062/4555
f 4551/5064/4557 2338/2561/2346 2089/2306/2091
f 2089/2306/2091 4228/4688/4263 4551/5064/4557
f 4550/5063/4556 2339/2562/2347 2338/2561/2346
f 2338/2561/2346 4551/5064/4557 4550/5063/4556
f 4236/4698/4273 4235/4697/4272 4552/5065/4558
f 4552/5065/4558 4553/5066/4559 4236/4698/4273
f 4553/5066/4559 4552/5065/4558 4554/5067/4560
f 4554/5067/4560 4555/5068/4561 4553/5066/4559
f 4228/4688/4263 4236/4698/4273 4553/5066/4559
f 4553/5066/4559 4551/5064/4557 4228/4688/4263
f 4551/5064/4557 4553/5066/4559 4555/5068/4561
f 4555/5068/4561 4550/5063/4556 4551/5064/4557
f 4558/5069/4562 4556/5070/4563 4567/5071/4564
f 4567/5071/4564 4557/5072/4565 4558/5069/4562
f 4548/5062/4555 4558/5069/4562 4557/5072/4565
f 4557/5072/4565 4549/5061/4554 4548/5062/4555
f 4555/5068/4561 4554/5067/4560 4556/5070/4563
f 4556/5070/4563 4558/5069/4562 4555/5068/4561
f 4550/5063/4556 4555/5068/4561 4558/5069/4562
f 4558/5069/4562 4548/5062/4555 4550/5063/4556
f 4420/4909/4440 2203/2427/2212 2348/2573/2358
f 2348/2573/2358 4559/5073/4566 4420/4909/4440
f 4559/5073/4566 2348/2573/2358 2344/2568/2353
f 2344/2568/2353 4560/5074/4567 4559/5073/4566
f 4422/4911/4442 4420/4909/4440 4559/5073/4566
f 4559/5073/4566 4561/5075/4568 4422/4911/4442
f 4561/5075/4568 4559/5073/4566 4560/5074/4567
f 4560/5074/4567 4562/5076/4569 4561/5075/4568
f 4564/5077/4570 2342/2566/2351 3523/2565/2350
f 3523/2565/2350 4563/5078/4571 4564/5077/4570
f 4566/5079/4572 4564/5077/4570 4563/5078/4571
f 4563/5078/4571 4565/5080/4573 4566/5079/4572
f 4560/5074/4567 2344/2568/2353 2342/2566/2351
f 2342/2566/2351 4564/5077/4570 4560/5074/4567
f 4562/5076/4569 4560/5074/4567 4564/5077/4570
f 4564/5077/4570 4566/5079/4572 4562/5076/4569
f 4569/5081/4574 4567/5082/4564 4556/5083/4563
f 4556/5083/4563 4568/5084/4575 4569/5081/4574
f 4568/5084/4575 4556/5083/4563 4554/5085/4560
f 4554/5085/4560 4570/5086/4576 4568/5084/4575
f 4565/5080/4573 4569/5081/4574 4568/5084/4575
f 4568/5084/4575 4566/5079/4572 4565/5080/4573
f 4566/5079/4572 4568/5084/4575 4570/5086/4576
f 4570/5086/4576 4562/5076/4569 4566/5079/4572
f 4571/5087/4577 4552/5088/4558 4235/4913/4272
f 4235/4913/4272 4426/4912/4443 4571/5087/4577
f 4561/5075/4568 4571/5087/4577 4426/4912/4443
f 4426/4912/4443 4422/4911/4442 4561/5075/4568
f 4570/5086/4576 4554/5085/4560 4552/5088/4558
f 4552/5088/4558 4571/5087/4577 4570/5086/4576
f 4562/5076/4569 4570/5086/4576 4571/5087/4577
f 4571/5087/4577 4561/5075/4568 4562/5076/4569
f 5155/5089/4578 3522/2581/2366 2355/2580/2365
f 2355/2580/2365 4572/5090/4579 5155/5089/4578
f 4572/5090/4579 2355/2580/2365 2353/2577/2362
f 2353/2577/2362 4573/5091/4580 4572/5090/4579
f 4575/5092/4581 5155/5089/4578 4572/5090/4579
f 4572/5090/4579 4574/5093/4582 4575/5092/4581
f 4574/5093/4582 4572/5090/4579 4573/5091/4580
f 4573/5091/4580 4576/5094/4583 4574/5093/4582
f 4577/5095/4584 2351/2575/2360 2225/2449/2234
f 2225/2449/2234 4431/4922/4448 4577/5095/4584
f 4578/5096/4585 4577/5095/4584 4431/4922/4448
f 4431/4922/4448 4434/4925/4451 4578/5096/4585
f 4573/5091/4580 2353/2577/2362 2351/2575/2360
f 2351/2575/2360 4577/5095/4584 4573/5091/4580
f 4576/5094/4583 4573/5091/4580 4577/5095/4584
f 4577/5095/4584 4578/5096/4585 4576/5094/4583
f 4444/4941/4462 4168/4940/4192 4182/5097/4210
f 4182/5097/4210 4579/5098/4586 4444/4941/4462
f 4579/5098/4586 4182/5097/4210 4580/5099/4207
f 4580/5099/4207 4581/5100/4587 4579/5098/4586
f 4434/4925/4451 4444/4941/4462 4579/5098/4586
f 4579/5098/4586 4578/5096/4585 4434/4925/4451
f 4578/5096/4585 4579/5098/4586 4581/5100/4587
f 4581/5100/4587 4576/5094/4583 4578/5096/4585
f 4585/5101/4588 4582/5102/4205 4583/5103/4204
f 4583/5103/4204 4584/5104/4589 4585/5101/4588
f 4574/5093/4582 4585/5101/4588 4584/5104/4589
f 4584/5104/4589 4575/5092/4581 4574/5093/4582
f 4581/5100/4587 4580/5099/4207 4582/5102/4205
f 4582/5102/4205 4585/5101/4588 4581/5100/4587
f 4576/5094/4583 4581/5100/4587 4585/5101/4588
f 4585/5101/4588 4574/5093/4582 4576/5094/4583
f 4587/5105/4590 2459/2685/2470 2462/2684/2469
f 2462/2684/2469 4586/5106/4591 4587/5105/4590
f 4586/5106/4591 2462/2684/2469 2458/2683/2468
f 2458/2683/2468 4588/5107/4592 4586/5106/4591
f 4590/5108/4593 2456/2682/2467 2457/2681/2466
f 2457/2681/2466 4589/5109/4594 4590/5108/4593
f 4588/5107/4592 2458/2683/2468 2456/2682/2467
f 2456/2682/2467 4590/5108/4593 4588/5107/4592
f 4592/5110/4595 4968/5111/4596 5003/5112/4597
f 5003/5112/4597 4591/5113/4598 4592/5110/4595
f 4591/5113/4598 5003/5112/4597 5001/5114/4599
f 5001/5114/4599 4593/5115/4600 4591/5113/4598
f 4589/5109/4594 4592/5110/4595 4591/5113/4598
f 4591/5113/4598 4590/5108/4593 4589/5109/4594
f 4590/5108/4593 4591/5113/4598 4593/5115/4600
f 4593/5115/4600 4588/5107/4592 4590/5108/4593
f 4595/5116/4601 4998/5117/4602 4997/5118/4603
f 4997/5118/4603 4594/5119/4604 4595/5116/4601
f 4586/5106/4591 4595/5116/4601 4594/5119/4604
f 4594/5119/4604 4587/5105/4590 4586/5106/4591
f 4593/5115/4600 5001/5114/4599 4998/5117/4602
f 4998/5117/4602 4595/5116/4601 4593/5115/4600
f 4588/5107/4592 4593/5115/4600 4595/5116/4601
f 4595/5116/4601 4586/5106/4591 4588/5107/4592
f 4597/5120/4605 2471/2697/2482 2474/2696/2481
f 2474/2696/2481 4596/5121/4606 4597/5120/4605
f 4596/5121/4606 2474/2696/2481 2470/2695/2480
f 2470/2695/2480 4598/5122/4607 4596/5121/4606
f 4599/5123/4608 2469/2694/2479 2459/2685/2470
f 2459/2685/2470 4587/5105/4590 4599/5123/4608
f 4598/5122/4607 2470/2695/2480 2469/2694/2479
f 2469/2694/2479 4599/5123/4608 4598/5122/4607
f 4594/5119/4604 4997/5118/4603 4600/5124/4609
f 4600/5124/4609 4601/5125/4610 4594/5119/4604
f 4601/5125/4610 4600/5124/4609 4602/5126/4611
f 4602/5126/4611 4603/5127/4612 4601/5125/4610
f 4587/5105/4590 4594/5119/4604 4601/5125/4610
f 4601/5125/4610 4599/5123/4608 4587/5105/4590
f 4599/5123/4608 4601/5125/4610 4603/5127/4612
f 4603/5127/4612 4598/5122/4607 4599/5123/4608
f 4605/5128/4613 5022/5129/4614 4800/5130/4615
f 4800/5130/4615 4604/5131/4616 4605/5128/4613
f 4596/5121/4606 4605/5128/4613 4604/5131/4616
f 4604/5131/4616 4597/5120/4605 4596/5121/4606
f 4603/5127/4612 4602/5126/4611 5022/5129/4614
f 5022/5129/4614 4605/5128/4613 4603/5127/4612
f 4598/5122/4607 4603/5127/4612 4605/5128/4613
f 4605/5128/4613 4596/5121/4606 4598/5122/4607
f 4607/5132/4617 2483/2709/2494 2486/2708/2493
f 2486/2708/2493 4606/5133/4618 4607/5132/4617
f 4606/5133/4618 2486/2708/2493 2482/2707/2492
f 2482/2707/2492 4608/5134/4619 4606/5133/4618
f 4609/5135/4620 2481/2706/2491 2471/2697/2482
f 2471/2697/2482 4597/5120/4605 4609/5135/4620
f 4608/5134/4619 2482/2707/2492 2481/2706/2491
f 2481/2706/2491 4609/5135/4620 4608/5134/4619
f 4604/5131/4616 4800/5130/4615 4799/5136/4621
f 4799/5136/4621 4610/5137/4622 4604/5131/4616
f 4610/5137/4622 4799/5136/4621 4797/5138/4623
f 4797/5138/4623 4611/5139/4624 4610/5137/4622
f 4597/5120/4605 4604/5131/4616 4610/5137/4622
f 4610/5137/4622 4609/5135/4620 4597/5120/4605
f 4609/5135/4620 4610/5137/4622 4611/5139/4624
f 4611/5139/4624 4608/5134/4619 4609/5135/4620
f 4615/5140/4625 4612/5141/4626 4613/5142/4627
f 4613/5142/4627 4614/5143/4628 4615/5140/4625
f 4606/5133/4618 4615/5140/4625 4614/5143/4628
f 4614/5143/4628 4607/5132/4617 4606/5133/4618
f 4611/5139/4624 4797/5138/4623 4612/5141/4626
f 4612/5141/4626 4615/5140/4625 4611/5139/4624
f 4608/5134/4619 4611/5139/4624 4615/5140/4625
f 4615/5140/4625 4606/5133/4618 4608/5134/4619
f 4617/5144/4629 2495/2721/2506 2498/2720/2505
f 2498/2720/2505 4616/5145/4630 4617/5144/4629
f 4616/5145/4630 2498/2720/2505 2494/2719/2504
f 2494/2719/2504 4618/5146/4631 4616/5145/4630
f 4619/5147/4632 2493/2718/2503 2483/2709/2494
f 2483/2709/2494 4607/5132/4617 4619/5147/4632
f 4618/5146/4631 2494/2719/2504 2493/2718/2503
f 2493/2718/2503 4619/5147/4632 4618/5146/4631
f 4614/5143/4628 4613/5142/4627 4620/5148/4633
f 4620/5148/4633 4621/5149/4634 4614/5143/4628
f 4621/5149/4634 4620/5148/4633 4828/5150/4635
f 4828/5150/4635 4622/5151/4636 4621/5149/4634
f 4607/5132/4617 4614/5143/4628 4621/5149/4634
f 4621/5149/4634 4619/5147/4632 4607/5132/4617
f 4619/5147/4632 4621/5149/4634 4622/5151/4636
f 4622/5151/4636 4618/5146/4631 4619/5147/4632
f 4624/5152/4637 4825/5153/4638 4824/5154/4639
f 4824/5154/4639 4623/5155/4640 4624/5152/4637
f 4616/5145/4630 4624/5152/4637 4623/5155/4640
f 4623/5155/4640 4617/5144/4629 4616/5145/4630
f 4622/5151/4636 4828/5150/4635 4825/5153/4638
f 4825/5153/4638 4624/5152/4637 4622/5151/4636
f 4618/5146/4631 4622/5151/4636 4624/5152/4637
f 4624/5152/4637 4616/5145/4630 4618/5146/4631
f 4626/5156/4641 2507/2733/2518 2510/2732/2517
f 2510/2732/2517 4625/5157/4642 4626/5156/4641
f 4625/5157/4642 2510/2732/2517 2506/2731/2516
f 2506/2731/2516 4627/5158/4643 4625/5157/4642
f 4628/5159/4644 2505/2730/2515 2495/2721/2506
f 2495/2721/2506 4617/5144/4629 4628/5159/4644
f 4627/5158/4643 2506/2731/2516 2505/2730/2515
f 2505/2730/2515 4628/5159/4644 4627/5158/4643
f 4623/5155/4640 4824/5154/4639 4629/5160/4645
f 4629/5160/4645 4630/5161/4646 4623/5155/4640
f 4630/5161/4646 4629/5160/4645 4631/5162/4647
f 4631/5162/4647 4632/5163/4648 4630/5161/4646
f 4617/5144/4629 4623/5155/4640 4630/5161/4646
f 4630/5161/4646 4628/5159/4644 4617/5144/4629
f 4628/5159/4644 4630/5161/4646 4632/5163/4648
f 4632/5163/4648 4627/5158/4643 4628/5159/4644
f 4636/5164/4649 4633/5165/4650 4634/5166/4651
f 4634/5166/4651 4635/5167/4652 4636/5164/4649
f 4625/5157/4642 4636/5164/4649 4635/5167/4652
f 4635/5167/4652 4626/5156/4641 4625/5157/4642
f 4632/5163/4648 4631/5162/4647 4633/5165/4650
f 4633/5165/4650 4636/5164/4649 4632/5163/4648
f 4627/5158/4643 4632/5163/4648 4636/5164/4649
f 4636/5164/4649 4625/5157/4642 4627/5158/4643
f 4103/4540/4115 1941/2158/1943 2519/2744/2529
f 2519/2744/2529 4637/5168/4653 4103/4540/4115
f 4637/5168/4653 2519/2744/2529 2518/2743/2528
f 2518/2743/2528 4638/5169/4654 4637/5168/4653
f 4639/5170/4655 2517/2742/2527 2507/2733/2518
f 2507/2733/2518 4626/5156/4641 4639/5170/4655
f 4638/5169/4654 2518/2743/2528 2517/2742/2527
f 2517/2742/2527 4639/5170/4655 4638/5169/4654
f 4635/5167/4652 4634/5166/4651 4876/5171/4656
f 4876/5171/4656 4640/5172/4657 4635/5167/4652
f 4640/5172/4657 4876/5171/4656 4874/5173/4658
f 4874/5173/4658 4641/5174/4659 4640/5172/4657
f 4626/5156/4641 4635/5167/4652 4640/5172/4657
f 4640/5172/4657 4639/5170/4655 4626/5156/4641
f 4639/5170/4655 4640/5172/4657 4641/5174/4659
f 4641/5174/4659 4638/5169/4654 4639/5170/4655
f 4340/4542/4117 4106/4541/4116 4642/5175/4660
f 4637/5168/4653 4642/5175/4660 4106/4541/4116
f 4106/4541/4116 4103/4540/4115 4637/5168/4653
f 4641/5174/4659 4874/5173/4658 4340/4542/4117
f 4340/4542/4117 4642/5175/4660 4641/5174/4659
f 4638/5169/4654 4641/5174/4659 4642/5175/4660
f 4642/5175/4660 4637/5168/4653 4638/5169/4654
f 4644/5176/4661 2529/2755/2540 2532/2754/2539
f 2532/2754/2539 4643/5177/4662 4644/5176/4661
f 4643/5177/4662 2532/2754/2539 2528/2753/2538
f 2528/2753/2538 4645/5178/4663 4643/5177/4662
f 4647/5179/4664 2526/2752/2537 2527/2751/2536
f 2527/2751/2536 4646/5180/4665 4647/5179/4664
f 4645/5178/4663 2528/2753/2538 2526/2752/2537
f 2526/2752/2537 4647/5179/4664 4645/5178/4663
f 4649/5181/4666 4844/5182/4667 4843/5183/4668
f 4843/5183/4668 4648/5184/4669 4649/5181/4666
f 4648/5184/4669 4843/5183/4668 4841/5185/4670
f 4841/5185/4670 4650/5186/4671 4648/5184/4669
f 4646/5180/4665 4649/5181/4666 4648/5184/4669
f 4648/5184/4669 4647/5179/4664 4646/5180/4665
f 4647/5179/4664 4648/5184/4669 4650/5186/4671
f 4650/5186/4671 4645/5178/4663 4647/5179/4664
f 4653/5187/4672 4839/5188/4673 4651/5189/4674
f 4651/5189/4674 4652/5190/4675 4653/5187/4672
f 4643/5177/4662 4653/5187/4672 4652/5190/4675
f 4652/5190/4675 4644/5176/4661 4643/5177/4662
f 4650/5186/4671 4841/5185/4670 4839/5188/4673
f 4839/5188/4673 4653/5187/4672 4650/5186/4671
f 4645/5178/4663 4650/5186/4671 4653/5187/4672
f 4653/5187/4672 4643/5177/4662 4645/5178/4663
f 4655/5191/4676 2541/2767/2552 2544/2766/2551
f 2544/2766/2551 4654/5192/4677 4655/5191/4676
f 4654/5192/4677 2544/2766/2551 2540/2765/2550
f 2540/2765/2550 4656/5193/4678 4654/5192/4677
f 4657/5194/4679 2539/2764/2549 2529/2755/2540
f 2529/2755/2540 4644/5176/4661 4657/5194/4679
f 4656/5193/4678 2540/2765/2550 2539/2764/2549
f 2539/2764/2549 4657/5194/4679 4656/5193/4678
f 4652/5190/4675 4651/5189/4674 4658/5195/4680
f 4658/5195/4680 4659/5196/4681 4652/5190/4675
f 4659/5196/4681 4658/5195/4680 4812/5197/4682
f 4812/5197/4682 4660/5198/4683 4659/5196/4681
f 4644/5176/4661 4652/5190/4675 4659/5196/4681
f 4659/5196/4681 4657/5194/4679 4644/5176/4661
f 4657/5194/4679 4659/5196/4681 4660/5198/4683
f 4660/5198/4683 4656/5193/4678 4657/5194/4679
f 4663/5199/4684 4661/5200/4685 4782/5201/4686
f 4782/5201/4686 4662/5202/4687 4663/5199/4684
f 4654/5192/4677 4663/5199/4684 4662/5202/4687
f 4662/5202/4687 4655/5191/4676 4654/5192/4677
f 4660/5198/4683 4812/5197/4682 4661/5200/4685
f 4661/5200/4685 4663/5199/4684 4660/5198/4683
f 4656/5193/4678 4660/5198/4683 4663/5199/4684
f 4663/5199/4684 4654/5192/4677 4656/5193/4678
f 4665/5203/4688 2553/2779/2564 2556/2778/2563
f 2556/2778/2563 4664/5204/4689 4665/5203/4688
f 4664/5204/4689 2556/2778/2563 2552/2777/2562
f 2552/2777/2562 4666/5205/4690 4664/5204/4689
f 4667/5206/4691 2551/2776/2561 2541/2767/2552
f 2541/2767/2552 4655/5191/4676 4667/5206/4691
f 4666/5205/4690 2552/2777/2562 2551/2776/2561
f 2551/2776/2561 4667/5206/4691 4666/5205/4690
f 4662/5202/4687 4782/5201/4686 4668/5207/4692
f 4668/5207/4692 4669/5208/4693 4662/5202/4687
f 4669/5208/4693 4668/5207/4692 4670/5209/4694
f 4670/5209/4694 4671/5210/4695 4669/5208/4693
f 4655/5191/4676 4662/5202/4687 4669/5208/4693
f 4669/5208/4693 4667/5206/4691 4655/5191/4676
f 4667/5206/4691 4669/5208/4693 4671/5210/4695
f 4671/5210/4695 4666/5205/4690 4667/5206/4691
f 4674/5211/4696 4778/5212/4697 4672/5213/4698
f 4672/5213/4698 4673/5214/4699 4674/5211/4696
f 4664/5204/4689 4674/5211/4696 4673/5214/4699
f 4673/5214/4699 4665/5203/4688 4664/5204/4689
f 4671/5210/4695 4670/5209/4694 4778/5212/4697
f 4778/5212/4697 4674/5211/4696 4671/5210/4695
f 4666/5205/4690 4671/5210/4695 4674/5211/4696
f 4674/5211/4696 4664/5204/4689 4666/5205/4690
f 4676/5215/4700 2565/2791/2576 2568/2790/2575
f 2568/2790/2575 4675/5216/4701 4676/5215/4700
f 4675/5216/4701 2568/2790/2575 2564/2789/2574
f 2564/2789/2574 4677/5217/4702 4675/5216/4701
f 4678/5218/4703 2563/2788/2573 2553/2779/2564
f 2553/2779/2564 4665/5203/4688 4678/5218/4703
f 4677/5217/4702 2564/2789/2574 2563/2788/2573
f 2563/2788/2573 4678/5218/4703 4677/5217/4702
f 4673/5214/4699 4672/5213/4698 5014/5219/4704
f 5014/5219/4704 4679/5220/4705 4673/5214/4699
f 4679/5220/4705 5014/5219/4704 4680/5221/4706
f 4680/5221/4706 4681/5222/4707 4679/5220/4705
f 4665/5203/4688 4673/5214/4699 4679/5220/4705
f 4679/5220/4705 4678/5218/4703 4665/5203/4688
f 4678/5218/4703 4679/5220/4705 4681/5222/4707
f 4681/5222/4707 4677/5217/4702 4678/5218/4703
f 4684/5223/4708 5011/5224/4709 4682/5225/4710
f 4682/5225/4710 4683/5226/4711 4684/5223/4708
f 4675/5216/4701 4684/5223/4708 4683/5226/4711
f 4683/5226/4711 4676/5215/4700 4675/5216/4701
f 4681/5222/4707 4680/5221/4706 5011/5224/4709
f 5011/5224/4709 4684/5223/4708 4681/5222/4707
f 4677/5217/4702 4681/5222/4707 4684/5223/4708
f 4684/5223/4708 4675/5216/4701 4677/5217/4702
f 4686/5227/4712 2577/2803/2588 2580/2802/2587
f 2580/2802/2587 4685/5228/4713 4686/5227/4712
f 4685/5228/4713 2580/2802/2587 2576/2801/2586
f 2576/2801/2586 4687/5229/4714 4685/5228/4713
f 4688/5230/4715 2575/2800/2585 2565/2791/2576
f 2565/2791/2576 4676/5215/4700 4688/5230/4715
f 4687/5229/4714 2576/2801/2586 2575/2800/2585
f 2575/2800/2585 4688/5230/4715 4687/5229/4714
f 4683/5226/4711 4682/5225/4710 4689/5231/4716
f 4689/5231/4716 4690/5232/4717 4683/5226/4711
f 4690/5232/4717 4689/5231/4716 4985/5233/4718
f 4985/5233/4718 4691/5234/4719 4690/5232/4717
f 4676/5215/4700 4683/5226/4711 4690/5232/4717
f 4690/5232/4717 4688/5230/4715 4676/5215/4700
f 4688/5230/4715 4690/5232/4717 4691/5234/4719
f 4691/5234/4719 4687/5229/4714 4688/5230/4715
f 4694/5235/4720 4692/5236/4721 4955/5237/4722
f 4955/5237/4722 4693/5238/4723 4694/5235/4720
f 4685/5228/4713 4694/5235/4720 4693/5238/4723
f 4693/5238/4723 4686/5227/4712 4685/5228/4713
f 4691/5234/4719 4985/5233/4718 4692/5236/4721
f 4692/5236/4721 4694/5235/4720 4691/5234/4719
f 4687/5229/4714 4691/5234/4719 4694/5235/4720
f 4694/5235/4720 4685/5228/4713 4687/5229/4714
f 2589/2815/2600 4695/5239/4724 4696/5240/4725
f 4695/5239/4724 2589/2815/2600 2588/2813/2598
f 2588/2813/2598 4697/5241/4726 4695/5239/4724
f 4698/5242/4727 2587/2812/2597 2577/2803/2588
f 2577/2803/2588 4686/5227/4712 4698/5242/4727
f 4697/5241/4726 2588/2813/2598 2587/2812/2597
f 2587/2812/2597 4698/5242/4727 4697/5241/4726
f 4693/5238/4723 4955/5237/4722 4954/5243/4728
f 4954/5243/4728 4699/5244/4729 4693/5238/4723
f 4699/5244/4729 4954/5243/4728 4952/5245/4730
f 4952/5245/4730 4700/5246/4731 4699/5244/4729
f 4686/5227/4712 4693/5238/4723 4699/5244/4729
f 4699/5244/4729 4698/5242/4727 4686/5227/4712
f 4698/5242/4727 4699/5244/4729 4700/5246/4731
f 4700/5246/4731 4697/5241/4726 4698/5242/4727
f 4704/5247/4732 4701/5248/4733 4702/5249/4734
f 4702/5249/4734 4703/5250/4735 4704/5247/4732
f 4695/5239/4724 4704/5247/4732 4703/5250/4735
f 4703/5250/4735 4696/5240/4725 4695/5239/4724
f 4700/5246/4731 4952/5245/4730 4701/5248/4733
f 4701/5248/4733 4704/5247/4732 4700/5246/4731
f 4697/5241/4726 4700/5246/4731 4704/5247/4732
f 4704/5247/4732 4695/5239/4724 4697/5241/4726
f 4706/5251/4736 2598/2824/2609 2601/2823/2608
f 2601/2823/2608 4705/5252/4737 4706/5251/4736
f 4705/5252/4737 2601/2823/2608 2597/2822/2607
f 2597/2822/2607 4707/5253/4738 4705/5252/4737
f 4708/5254/4739 2596/2821/2606 2589/2815/2600
f 2589/2815/2600 4696/5240/4725 4708/5254/4739
f 4707/5253/4738 2597/2822/2607 2596/2821/2606
f 2596/2821/2606 4708/5254/4739 4707/5253/4738
f 4703/5250/4735 4702/5249/4734 4709/5255/4740
f 4709/5255/4740 4710/5256/4741 4703/5250/4735
f 4710/5256/4741 4709/5255/4740 4711/5257/4742
f 4711/5257/4742 4712/5258/4743 4710/5256/4741
f 4696/5240/4725 4703/5250/4735 4710/5256/4741
f 4710/5256/4741 4708/5254/4739 4696/5240/4725
f 4708/5254/4739 4710/5256/4741 4712/5258/4743
f 4712/5258/4743 4707/5253/4738 4708/5254/4739
f 4715/5259/4744 4713/5260/4745 5085/5261/4746
f 5085/5261/4746 4714/5262/4747 4715/5259/4744
f 4705/5252/4737 4715/5259/4744 4714/5262/4747
f 4714/5262/4747 4706/5251/4736 4705/5252/4737
f 4712/5258/4743 4711/5257/4742 4713/5260/4745
f 4713/5260/4745 4715/5259/4744 4712/5258/4743
f 4707/5253/4738 4712/5258/4743 4715/5259/4744
f 4715/5259/4744 4705/5252/4737 4707/5253/4738
f 4717/5263/4748 2613/2839/2624 2616/2838/2623
f 2616/2838/2623 4716/5264/4749 4717/5263/4748
f 4716/5264/4749 2616/2838/2623 2612/2837/2622
f 2612/2837/2622 4718/5265/4750 4716/5264/4749
f 4720/5266/4751 2610/2836/2621 2611/2835/2620
f 2611/2835/2620 4719/5267/4752 4720/5266/4751
f 4718/5265/4750 2612/2837/2622 2610/2836/2621
f 2610/2836/2621 4720/5266/4751 4718/5265/4750
f 4723/5268/4753 4893/5269/4754 4721/5270/4755
f 4721/5270/4755 4722/5271/4756 4723/5268/4753
f 4722/5271/4756 4721/5270/4755 4724/5272/4757
f 4724/5272/4757 4725/5273/4758 4722/5271/4756
f 4719/5267/4752 4723/5268/4753 4722/5271/4756
f 4722/5271/4756 4720/5266/4751 4719/5267/4752
f 4720/5266/4751 4722/5271/4756 4725/5273/4758
f 4725/5273/4758 4718/5265/4750 4720/5266/4751
f 4727/5274/4759 4889/5275/4760 4888/5276/4761
f 4888/5276/4761 4726/5277/4762 4727/5274/4759
f 4716/5264/4749 4727/5274/4759 4726/5277/4762
f 4726/5277/4762 4717/5263/4748 4716/5264/4749
f 4725/5273/4758 4724/5272/4757 4889/5275/4760
f 4889/5275/4760 4727/5274/4759 4725/5273/4758
f 4718/5265/4750 4725/5273/4758 4727/5274/4759
f 4727/5274/4759 4716/5264/4749 4718/5265/4750
f 4198/4653/4228 2051/2268/2053 2626/2850/2635
f 2626/2850/2635 4728/5278/4763 4198/4653/4228
f 4728/5278/4763 2626/2850/2635 2624/2849/2634
f 2624/2849/2634 4729/5279/4764 4728/5278/4763
f 4730/5280/4765 2623/2848/2633 2613/2839/2624
f 2613/2839/2624 4717/5263/4748 4730/5280/4765
f 4729/5279/4764 2624/2849/2634 2623/2848/2633
f 2623/2848/2633 4730/5280/4765 4729/5279/4764
f 4726/5277/4762 4888/5276/4761 5045/5281/4766
f 5045/5281/4766 4731/5282/4767 4726/5277/4762
f 4731/5282/4767 5045/5281/4766 5043/5283/4768
f 5043/5283/4768 4732/5284/4769 4731/5282/4767
f 4717/5263/4748 4726/5277/4762 4731/5282/4767
f 4731/5282/4767 4730/5280/4765 4717/5263/4748
f 4730/5280/4765 4731/5282/4767 4732/5284/4769
f 4732/5284/4769 4729/5279/4764 4730/5280/4765
f 4734/5285/4770 4733/5286/4771 4199/4655/4230
f 4199/4655/4230 4200/4654/4229 4734/5285/4770
f 4728/5278/4763 4734/5285/4770 4200/4654/4229
f 4200/4654/4229 4198/4653/4228 4728/5278/4763
f 4732/5284/4769 5043/5283/4768 4733/5286/4771
f 4733/5286/4771 4734/5285/4770 4732/5284/4769
f 4729/5279/4764 4732/5284/4769 4734/5285/4770
f 4734/5285/4770 4728/5278/4763 4729/5279/4764
f 4736/5287/4772 2636/2862/2647 2639/2861/2646
f 2639/2861/2646 4735/5288/4773 4736/5287/4772
f 4735/5288/4773 2639/2861/2646 2635/2860/2645
f 2635/2860/2645 4737/5289/4774 4735/5288/4773
f 4739/5290/4775 2633/2859/2644 2634/2858/2643
f 2634/2858/2643 4738/5291/4776 4739/5290/4775
f 4737/5289/4774 2635/2860/2645 2633/2859/2644
f 2633/2859/2644 4739/5290/4775 4737/5289/4774
f 4742/5292/4777 4911/5293/4778 4740/5294/4779
f 4740/5294/4779 4741/5295/4780 4742/5292/4777
f 4741/5295/4780 4740/5294/4779 4909/5296/4781
f 4909/5296/4781 4743/5297/4782 4741/5295/4780
f 4738/5291/4776 4742/5292/4777 4741/5295/4780
f 4741/5295/4780 4739/5290/4775 4738/5291/4776
f 4739/5290/4775 4741/5295/4780 4743/5297/4782
f 4743/5297/4782 4737/5289/4774 4739/5290/4775
f 4746/5298/4783 4744/5299/4784 4906/5300/4785
f 4906/5300/4785 4745/5301/4786 4746/5298/4783
f 4735/5288/4773 4746/5298/4783 4745/5301/4786
f 4745/5301/4786 4736/5287/4772 4735/5288/4773
f 4743/5297/4782 4909/5296/4781 4744/5299/4784
f 4744/5299/4784 4746/5298/4783 4743/5297/4782
f 4737/5289/4774 4743/5297/4782 4746/5298/4783
f 4746/5298/4783 4735/5288/4773 4737/5289/4774
f 4748/5302/4787 2648/2874/2659 2651/2873/2658
f 2651/2873/2658 4747/5303/4788 4748/5302/4787
f 4747/5303/4788 2651/2873/2658 2647/2872/2657
f 2647/2872/2657 4749/5304/4789 4747/5303/4788
f 4750/5305/4790 2646/2871/2656 2636/2862/2647
f 2636/2862/2647 4736/5287/4772 4750/5305/4790
f 4749/5304/4789 2647/2872/2657 2646/2871/2656
f 2646/2871/2656 4750/5305/4790 4749/5304/4789
f 4745/5301/4786 4906/5300/4785 4751/5306/4791
f 4751/5306/4791 4752/5307/4792 4745/5301/4786
f 4752/5307/4792 4751/5306/4791 4937/5308/4793
f 4937/5308/4793 4753/5309/4794 4752/5307/4792
f 4736/5287/4772 4745/5301/4786 4752/5307/4792
f 4752/5307/4792 4750/5305/4790 4736/5287/4772
f 4750/5305/4790 4752/5307/4792 4753/5309/4794
f 4753/5309/4794 4749/5304/4789 4750/5305/4790
f 4757/5310/4795 4754/5311/4796 4755/5312/4797
f 4755/5312/4797 4756/5313/4798 4757/5310/4795
f 4747/5303/4788 4757/5310/4795 4756/5313/4798
f 4756/5313/4798 4748/5302/4787 4747/5303/4788
f 4753/5309/4794 4937/5308/4793 4754/5311/4796
f 4754/5311/4796 4757/5310/4795 4753/5309/4794
f 4749/5304/4789 4753/5309/4794 4757/5310/4795
f 4757/5310/4795 4747/5303/4788 4749/5304/4789
f 4589/5109/4594 2457/2681/2466 2661/2885/2670
f 2661/2885/2670 4758/5314/4799 4589/5109/4594
f 4758/5314/4799 2661/2885/2670 2659/2884/2669
f 2659/2884/2669 4759/5315/4800 4758/5314/4799
f 2658/2883/2668 4760/5316/4801 4761/5317/4802
f 4759/5315/4800 2659/2884/2669 2658/2883/2668
f 2658/2883/2668 4761/5317/4802 4759/5315/4800
f 4764/5318/4803 4973/5319/4804 4762/5320/4805
f 4762/5320/4805 4763/5321/4806 4764/5318/4803
f 4763/5321/4806 4762/5320/4805 4765/5322/4807
f 4765/5322/4807 4766/5323/4808 4763/5321/4806
f 4760/5316/4801 4764/5318/4803 4763/5321/4806
f 4763/5321/4806 4761/5317/4802 4760/5316/4801
f 4761/5317/4802 4763/5321/4806 4766/5323/4808
f 4766/5323/4808 4759/5315/4800 4761/5317/4802
f 4767/5324/4809 4969/5325/4810 4968/5111/4596
f 4968/5111/4596 4592/5110/4595 4767/5324/4809
f 4758/5314/4799 4767/5324/4809 4592/5110/4595
f 4592/5110/4595 4589/5109/4594 4758/5314/4799
f 4766/5323/4808 4765/5322/4807 4969/5325/4810
f 4969/5325/4810 4767/5324/4809 4766/5323/4808
f 4759/5315/4800 4766/5323/4808 4767/5324/4809
f 4767/5324/4809 4758/5314/4799 4759/5315/4800
f 4769/5326/4811 2678/2904/2689 2681/2903/2688
f 2681/2903/2688 4768/5327/4812 4769/5326/4811
f 4768/5327/4812 2681/2903/2688 2676/2902/2687
f 2676/2902/2687 4770/5328/4813 4768/5327/4812
f 4772/5329/4814 4769/5326/4811 4768/5327/4812
f 4768/5327/4812 4771/5330/4815 4772/5329/4814
f 4771/5330/4815 4768/5327/4812 4770/5328/4813
f 4770/5328/4813 4773/5331/4816 4771/5330/4815
f 4775/5332/4817 2674/2900/2685 2673/2899/2684
f 2673/2899/2684 4774/5333/4818 4775/5332/4817
f 4777/5334/4819 4775/5332/4817 4774/5333/4818
f 4774/5333/4818 4776/5335/4820 4777/5334/4819
f 4770/5328/4813 2676/2902/2687 2674/2900/2685
f 2674/2900/2685 4775/5332/4817 4770/5328/4813
f 4773/5331/4816 4770/5328/4813 4775/5332/4817
f 4775/5332/4817 4777/5334/4819 4773/5331/4816
f 4780/5336/4821 4672/5337/4698 4778/5338/4697
f 4778/5338/4697 4779/5339/4822 4780/5336/4821
f 4779/5339/4822 4778/5338/4697 4670/5340/4694
f 4670/5340/4694 4781/5341/4823 4779/5339/4822
f 4776/5335/4820 4780/5336/4821 4779/5339/4822
f 4779/5339/4822 4777/5334/4819 4776/5335/4820
f 4777/5334/4819 4779/5339/4822 4781/5341/4823
f 4781/5341/4823 4773/5331/4816 4777/5334/4819
f 4784/5342/4824 4668/5343/4692 4782/5344/4686
f 4782/5344/4686 4783/5345/4825 4784/5342/4824
f 4771/5330/4815 4784/5342/4824 4783/5345/4825
f 4783/5345/4825 4772/5329/4814 4771/5330/4815
f 4781/5341/4823 4670/5340/4694 4668/5343/4692
f 4668/5343/4692 4784/5342/4824 4781/5341/4823
f 4773/5331/4816 4781/5341/4823 4784/5342/4824
f 4784/5342/4824 4771/5330/4815 4773/5331/4816
f 4786/5346/4826 2663/2889/2674 2666/2888/2673
f 2666/2888/2673 4785/5347/4827 4786/5346/4826
f 4785/5347/4827 2666/2888/2673 2670/2894/2679
f 2670/2894/2679 4787/5348/4828 4785/5347/4827
f 4789/5349/4829 4786/5346/4826 4785/5347/4827
f 4785/5347/4827 4788/5350/4830 4789/5349/4829
f 4788/5350/4830 4785/5347/4827 4787/5348/4828
f 4787/5348/4828 4790/5351/4831 4788/5350/4830
f 4792/5352/4832 2686/2912/2697 2685/2911/2696
f 2685/2911/2696 4791/5353/4833 4792/5352/4832
f 4794/5354/4834 4792/5352/4832 4791/5353/4833
f 4791/5353/4833 4793/5355/4835 4794/5354/4834
f 4787/5348/4828 2670/2894/2679 2686/2912/2697
f 2686/2912/2697 4792/5352/4832 4787/5348/4828
f 4790/5351/4831 4787/5348/4828 4792/5352/4832
f 4792/5352/4832 4794/5354/4834 4790/5351/4831
f 4796/5356/4836 4613/5357/4627 4612/5358/4626
f 4612/5358/4626 4795/5359/4837 4796/5356/4836
f 4795/5359/4837 4612/5358/4626 4797/5360/4623
f 4797/5360/4623 4798/5361/4838 4795/5359/4837
f 4793/5355/4835 4796/5356/4836 4795/5359/4837
f 4795/5359/4837 4794/5354/4834 4793/5355/4835
f 4794/5354/4834 4795/5359/4837 4798/5361/4838
f 4798/5361/4838 4790/5351/4831 4794/5354/4834
f 4802/5362/4839 4799/5363/4621 4800/5364/4615
f 4800/5364/4615 4801/5365/4840 4802/5362/4839
f 4788/5350/4830 4802/5362/4839 4801/5365/4840
f 4801/5365/4840 4789/5349/4829 4788/5350/4830
f 4798/5361/4838 4797/5360/4623 4799/5363/4621
f 4799/5363/4621 4802/5362/4839 4798/5361/4838
f 4790/5351/4831 4798/5361/4838 4802/5362/4839
f 4802/5362/4839 4788/5350/4830 4790/5351/4831
f 4804/5366/4841 2697/2923/2708 2700/2922/2707
f 2700/2922/2707 4803/5367/4842 4804/5366/4841
f 4803/5367/4842 2700/2922/2707 2696/2921/2706
f 2696/2921/2706 4805/5368/4843 4803/5367/4842
f 4807/5369/4844 4804/5366/4841 4803/5367/4842
f 4803/5367/4842 4806/5370/4845 4807/5369/4844
f 4806/5370/4845 4803/5367/4842 4805/5368/4843
f 4805/5368/4843 4808/5371/4846 4806/5370/4845
f 4809/5372/4847 2694/2920/2705 2678/2904/2689
f 2678/2904/2689 4769/5326/4811 4809/5372/4847
f 4810/5373/4848 4809/5372/4847 4769/5326/4811
f 4769/5326/4811 4772/5329/4814 4810/5373/4848
f 4805/5368/4843 2696/2921/2706 2694/2920/2705
f 2694/2920/2705 4809/5372/4847 4805/5368/4843
f 4808/5371/4846 4805/5368/4843 4809/5372/4847
f 4809/5372/4847 4810/5373/4848 4808/5371/4846
f 4783/5345/4825 4782/5344/4686 4661/5374/4685
f 4661/5374/4685 4811/5375/4849 4783/5345/4825
f 4811/5375/4849 4661/5374/4685 4812/5376/4682
f 4812/5376/4682 4813/5377/4850 4811/5375/4849
f 4772/5329/4814 4783/5345/4825 4811/5375/4849
f 4811/5375/4849 4810/5373/4848 4772/5329/4814
f 4810/5373/4848 4811/5375/4849 4813/5377/4850
f 4813/5377/4850 4808/5371/4846 4810/5373/4848
f 4815/5378/4851 4658/5379/4680 4651/5380/4674
f 4651/5380/4674 4814/5381/4852 4815/5378/4851
f 4806/5370/4845 4815/5378/4851 4814/5381/4852
f 4814/5381/4852 4807/5369/4844 4806/5370/4845
f 4813/5377/4850 4812/5376/4682 4658/5379/4680
f 4658/5379/4680 4815/5378/4851 4813/5377/4850
f 4808/5371/4846 4813/5377/4850 4815/5378/4851
f 4815/5378/4851 4806/5370/4845 4808/5371/4846
f 4791/5353/4833 2685/2911/2696 2689/2913/2698
f 2689/2913/2698 4816/5382/4853 4791/5353/4833
f 4816/5382/4853 2689/2913/2698 2692/2916/2701
f 2692/2916/2701 4817/5383/4854 4816/5382/4853
f 4793/5355/4835 4791/5353/4833 4816/5382/4853
f 4816/5382/4853 4818/5384/4855 4793/5355/4835
f 4818/5384/4855 4816/5382/4853 4817/5383/4854
f 4817/5383/4854 4819/5385/4856 4818/5384/4855
f 4821/5386/4857 2703/2929/2714 2702/2928/2713
f 2702/2928/2713 4820/5387/4858 4821/5386/4857
f 4823/5388/4859 4821/5386/4857 4820/5387/4858
f 4820/5387/4858 4822/5389/4860 4823/5388/4859
f 4817/5383/4854 2692/2916/2701 2703/2929/2714
f 2703/2929/2714 4821/5386/4857 4817/5383/4854
f 4819/5385/4856 4817/5383/4854 4821/5386/4857
f 4821/5386/4857 4823/5388/4859 4819/5385/4856
f 4827/5390/4861 4824/5391/4639 4825/5392/4638
f 4825/5392/4638 4826/5393/4862 4827/5390/4861
f 4826/5393/4862 4825/5392/4638 4828/5394/4635
f 4828/5394/4635 4829/5395/4863 4826/5393/4862
f 4822/5389/4860 4827/5390/4861 4826/5393/4862
f 4826/5393/4862 4823/5388/4859 4822/5389/4860
f 4823/5388/4859 4826/5393/4862 4829/5395/4863
f 4829/5395/4863 4819/5385/4856 4823/5388/4859
f 4830/5396/4864 4620/5397/4633 4613/5357/4627
f 4613/5357/4627 4796/5356/4836 4830/5396/4864
f 4818/5384/4855 4830/5396/4864 4796/5356/4836
f 4796/5356/4836 4793/5355/4835 4818/5384/4855
f 4829/5395/4863 4828/5394/4635 4620/5397/4633
f 4620/5397/4633 4830/5396/4864 4829/5395/4863
f 4819/5385/4856 4829/5395/4863 4830/5396/4864
f 4830/5396/4864 4818/5384/4855 4819/5385/4856
f 4832/5398/4865 2713/2939/2724 2716/2938/2723
f 2716/2938/2723 4831/5399/4866 4832/5398/4865
f 4831/5399/4866 2716/2938/2723 2712/2937/2722
f 2712/2937/2722 4833/5400/4867 4831/5399/4866
f 4835/5401/4868 4832/5398/4865 4831/5399/4866
f 4831/5399/4866 4834/5402/4869 4835/5401/4868
f 4834/5402/4869 4831/5399/4866 4833/5400/4867
f 4833/5400/4867 4836/5403/4870 4834/5402/4869
f 4837/5404/4871 2711/2936/2721 2697/2923/2708
f 2697/2923/2708 4804/5366/4841 4837/5404/4871
f 4838/5405/4872 4837/5404/4871 4804/5366/4841
f 4804/5366/4841 4807/5369/4844 4838/5405/4872
f 4833/5400/4867 2712/2937/2722 2711/2936/2721
f 2711/2936/2721 4837/5404/4871 4833/5400/4867
f 4836/5403/4870 4833/5400/4867 4837/5404/4871
f 4837/5404/4871 4838/5405/4872 4836/5403/4870
f 4814/5381/4852 4651/5380/4674 4839/5406/4673
f 4839/5406/4673 4840/5407/4873 4814/5381/4852
f 4840/5407/4873 4839/5406/4673 4841/5408/4670
f 4841/5408/4670 4842/5409/4874 4840/5407/4873
f 4807/5369/4844 4814/5381/4852 4840/5407/4873
f 4840/5407/4873 4838/5405/4872 4807/5369/4844
f 4838/5405/4872 4840/5407/4873 4842/5409/4874
f 4842/5409/4874 4836/5403/4870 4838/5405/4872
f 4846/5410/4875 4843/5411/4668 4844/5412/4667
f 4844/5412/4667 4845/5413/4876 4846/5410/4875
f 4834/5402/4869 4846/5410/4875 4845/5413/4876
f 4845/5413/4876 4835/5401/4868 4834/5402/4869
f 4842/5409/4874 4841/5408/4670 4843/5411/4668
f 4843/5411/4668 4846/5410/4875 4842/5409/4874
f 4836/5403/4870 4842/5409/4874 4846/5410/4875
f 4846/5410/4875 4834/5402/4869 4836/5403/4870
f 4820/5387/4858 2702/2928/2713 2706/2930/2715
f 2706/2930/2715 4847/5414/4877 4820/5387/4858
f 4847/5414/4877 2706/2930/2715 2709/2933/2718
f 2709/2933/2718 4848/5415/4878 4847/5414/4877
f 4822/5389/4860 4820/5387/4858 4847/5414/4877
f 4847/5414/4877 4849/5416/4879 4822/5389/4860
f 4849/5416/4879 4847/5414/4877 4848/5415/4878
f 4848/5415/4878 4850/5417/4880 4849/5416/4879
f 4852/5418/4881 2721/2947/2732 2720/2946/2731
f 2720/2946/2731 4851/5419/4882 4852/5418/4881
f 4854/5420/4883 4852/5418/4881 4851/5419/4882
f 4851/5419/4882 4853/5421/4884 4854/5420/4883
f 4848/5415/4878 2709/2933/2718 2721/2947/2732
f 2721/2947/2732 4852/5418/4881 4848/5415/4878
f 4850/5417/4880 4848/5415/4878 4852/5418/4881
f 4852/5418/4881 4854/5420/4883 4850/5417/4880
f 4856/5422/4885 4634/5423/4651 4633/5424/4650
f 4633/5424/4650 4855/5425/4886 4856/5422/4885
f 4855/5425/4886 4633/5424/4650 4631/5426/4647
f 4631/5426/4647 4857/5427/4887 4855/5425/4886
f 4853/5421/4884 4856/5422/4885 4855/5425/4886
f 4855/5425/4886 4854/5420/4883 4853/5421/4884
f 4854/5420/4883 4855/5425/4886 4857/5427/4887
f 4857/5427/4887 4850/5417/4880 4854/5420/4883
f 4858/5428/4888 4629/5429/4645 4824/5391/4639
f 4824/5391/4639 4827/5390/4861 4858/5428/4888
f 4849/5416/4879 4858/5428/4888 4827/5390/4861
f 4827/5390/4861 4822/5389/4860 4849/5416/4879
f 4857/5427/4887 4631/5426/4647 4629/5429/4645
f 4629/5429/4645 4858/5428/4888 4857/5427/4887
f 4850/5417/4880 4857/5427/4887 4858/5428/4888
f 4858/5428/4888 4849/5416/4879 4850/5417/4880
f 4346/5430/4368 2733/2959/2164 2735/2958/2743
f 2735/2958/2743 4859/5431/4889 4346/5430/4368
f 4859/5431/4889 2735/2958/2743 2731/2957/2742
f 2731/2957/2742 4860/5432/4890 4859/5431/4889
f 4862/5433/4369 4346/5430/4368 4859/5431/4889
f 4859/5431/4889 4861/5434/4891 4862/5433/4369
f 4861/5434/4891 4859/5431/4889 4860/5432/4890
f 4860/5432/4890 4863/5435/4892 4861/5434/4891
f 4864/5436/4893 2729/2955/2740 2713/2939/2724
f 2713/2939/2724 4832/5398/4865 4864/5436/4893
f 4865/5437/4894 4864/5436/4893 4832/5398/4865
f 4832/5398/4865 4835/5401/4868 4865/5437/4894
f 4860/5432/4890 2731/2957/2742 2729/2955/2740
f 2729/2955/2740 4864/5436/4893 4860/5432/4890
f 4863/5435/4892 4860/5432/4890 4864/5436/4893
f 4864/5436/4893 4865/5437/4894 4863/5435/4892
f 4845/5413/4876 4844/5412/4667 5033/5438/4895
f 5033/5438/4895 4866/5439/4896 4845/5413/4876
f 4866/5439/4896 5033/5438/4895 5031/5440/4897
f 5031/5440/4897 4867/5441/4898 4866/5439/4896
f 4835/5401/4868 4845/5413/4876 4866/5439/4896
f 4866/5439/4896 4865/5437/4894 4835/5401/4868
f 4865/5437/4894 4866/5439/4896 4867/5441/4898
f 4867/5441/4898 4863/5435/4892 4865/5437/4894
f 4868/5442/4899 5029/5443/4900 4347/5444/4371
f 4347/5444/4371 4348/5445/4370 4868/5442/4899
f 4861/5434/4891 4868/5442/4899 4348/5445/4370
f 4348/5445/4370 4862/5433/4369 4861/5434/4891
f 4867/5441/4898 5031/5440/4897 5029/5443/4900
f 5029/5443/4900 4868/5442/4899 4867/5441/4898
f 4863/5435/4892 4867/5441/4898 4868/5442/4899
f 4868/5442/4899 4861/5434/4891 4863/5435/4892
f 4851/5419/4882 2720/2946/2731 2724/2948/2733
f 2724/2948/2733 4869/5446/4901 4851/5419/4882
f 4869/5446/4901 2724/2948/2733 2727/2951/2736
f 2727/2951/2736 4870/5447/4902 4869/5446/4901
f 4853/5421/4884 4851/5419/4882 4869/5446/4901
f 4869/5446/4901 4871/5448/4903 4853/5421/4884
f 4871/5448/4903 4869/5446/4901 4870/5447/4902
f 4870/5447/4902 4872/5449/4904 4871/5448/4903
f 4870/5447/4902 2727/2951/2736 2738/2963/2160
f 2738/2963/2160 4330/5450/4352 4870/5447/4902
f 4872/5449/4904 4870/5447/4902 4330/5450/4352
f 4330/5450/4352 4333/5451/4355 4872/5449/4904
f 4873/5452/4363 4340/5453/4117 4874/5454/4658
f 4874/5454/4658 4875/5455/4905 4873/5452/4363
f 4333/5451/4355 4873/5452/4363 4875/5455/4905
f 4875/5455/4905 4872/5449/4904 4333/5451/4355
f 4877/5456/4906 4876/5457/4656 4634/5423/4651
f 4634/5423/4651 4856/5422/4885 4877/5456/4906
f 4871/5448/4903 4877/5456/4906 4856/5422/4885
f 4856/5422/4885 4853/5421/4884 4871/5448/4903
f 4875/5455/4905 4874/5454/4658 4876/5457/4656
f 4876/5457/4656 4877/5456/4906 4875/5455/4905
f 4872/5449/4904 4875/5455/4905 4877/5456/4906
f 4877/5456/4906 4871/5448/4903 4872/5449/4904
f 4879/5458/4907 2754/2980/2760 2757/2979/2759
f 2757/2979/2759 4878/5459/4908 4879/5458/4907
f 4878/5459/4908 2757/2979/2759 2752/2978/2758
f 2752/2978/2758 4880/5460/4909 4878/5459/4908
f 4882/5461/4910 4879/5458/4907 4878/5459/4908
f 4878/5459/4908 4881/5462/4911 4882/5461/4910
f 4881/5462/4911 4878/5459/4908 4880/5460/4909
f 4880/5460/4909 4883/5463/4912 4881/5462/4911
f 4885/5464/4913 2750/2976/2756 2749/2975/2755
f 2749/2975/2755 4884/5465/4914 4885/5464/4913
f 4887/5466/4915 4885/5464/4913 4884/5465/4914
f 4884/5465/4914 4886/5467/4916 4887/5466/4915
f 4880/5460/4909 2752/2978/2758 2750/2976/2756
f 2750/2976/2756 4885/5464/4913 4880/5460/4909
f 4883/5463/4912 4880/5460/4909 4885/5464/4913
f 4885/5464/4913 4887/5466/4915 4883/5463/4912
f 4891/5468/4917 4888/5469/4761 4889/5470/4760
f 4889/5470/4760 4890/5471/4918 4891/5468/4917
f 4890/5471/4918 4889/5470/4760 4724/5472/4757
f 4724/5472/4757 4892/5473/4919 4890/5471/4918
f 4886/5467/4916 4891/5468/4917 4890/5471/4918
f 4890/5471/4918 4887/5466/4915 4886/5467/4916
f 4887/5466/4915 4890/5471/4918 4892/5473/4919
f 4892/5473/4919 4883/5463/4912 4887/5466/4915
f 4895/5474/4920 4721/5475/4755 4893/5476/4754
f 4893/5476/4754 4894/5477/4921 4895/5474/4920
f 4881/5462/4911 4895/5474/4920 4894/5477/4921
f 4894/5477/4921 4882/5461/4910 4881/5462/4911
f 4892/5473/4919 4724/5472/4757 4721/5475/4755
f 4721/5475/4755 4895/5474/4920 4892/5473/4919
f 4883/5463/4912 4892/5473/4919 4895/5474/4920
f 4895/5474/4920 4881/5462/4911 4883/5463/4912
f 4897/5478/4922 2739/2965/2745 2742/2964/2744
f 2742/2964/2744 4896/5479/4923 4897/5478/4922
f 4896/5479/4923 2742/2964/2744 2746/2970/2750
f 2746/2970/2750 4898/5480/4924 4896/5479/4923
f 4900/5481/4925 4897/5478/4922 4896/5479/4923
f 4896/5479/4923 4899/5482/4926 4900/5481/4925
f 4899/5482/4926 4896/5479/4923 4898/5480/4924
f 4898/5480/4924 4901/5483/4927 4899/5482/4926
f 4903/5484/4928 2762/2988/2768 2761/2987/2767
f 2761/2987/2767 4902/5485/4929 4903/5484/4928
f 4905/5486/4930 4903/5484/4928 4902/5485/4929
f 4902/5485/4929 4904/5487/4931 4905/5486/4930
f 4898/5480/4924 2746/2970/2750 2762/2988/2768
f 2762/2988/2768 4903/5484/4928 4898/5480/4924
f 4901/5483/4927 4898/5480/4924 4903/5484/4928
f 4903/5484/4928 4905/5486/4930 4901/5483/4927
f 4908/5488/4932 4906/5489/4785 4744/5490/4784
f 4744/5490/4784 4907/5491/4933 4908/5488/4932
f 4907/5491/4933 4744/5490/4784 4909/5492/4781
f 4909/5492/4781 4910/5493/4934 4907/5491/4933
f 4904/5487/4931 4908/5488/4932 4907/5491/4933
f 4907/5491/4933 4905/5486/4930 4904/5487/4931
f 4905/5486/4930 4907/5491/4933 4910/5493/4934
f 4910/5493/4934 4901/5483/4927 4905/5486/4930
f 4913/5494/4935 4740/5495/4779 4911/5496/4778
f 4911/5496/4778 4912/5497/4936 4913/5494/4935
f 4899/5482/4926 4913/5494/4935 4912/5497/4936
f 4912/5497/4936 4900/5481/4925 4899/5482/4926
f 4910/5493/4934 4909/5492/4781 4740/5495/4779
f 4740/5495/4779 4913/5494/4935 4910/5493/4934
f 4901/5483/4927 4910/5493/4934 4913/5494/4935
f 4913/5494/4935 4899/5482/4926 4901/5483/4927
f 2772/2997/2777 4914/5498/4937 5184/5499/4938
f 4914/5498/4937 2772/2997/2777 2771/2996/2776
f 2771/2996/2776 4915/5500/4939 4914/5498/4937
f 4917/5501/4940 5184/5499/4938 4914/5498/4937
f 4914/5498/4937 4916/5502/4941 4917/5501/4940
f 4916/5502/4941 4914/5498/4937 4915/5500/4939
f 4915/5500/4939 4918/5503/4942 4916/5502/4941
f 4919/5504/4943 2770/2995/2775 2754/2980/2760
f 2754/2980/2760 4879/5458/4907 4919/5504/4943
f 4920/5505/4944 4919/5504/4943 4879/5458/4907
f 4879/5458/4907 4882/5461/4910 4920/5505/4944
f 4915/5500/4939 2771/2996/2776 2770/2995/2775
f 2770/2995/2775 4919/5504/4943 4915/5500/4939
f 4918/5503/4942 4915/5500/4939 4919/5504/4943
f 4919/5504/4943 4920/5505/4944 4918/5503/4942
f 4894/5477/4921 4893/5476/4754 4921/5506/4945
f 4921/5506/4945 4922/5507/4946 4894/5477/4921
f 4922/5507/4946 4921/5506/4945 4923/5508/4947
f 4923/5508/4947 4924/5509/4948 4922/5507/4946
f 4882/5461/4910 4894/5477/4921 4922/5507/4946
f 4922/5507/4946 4920/5505/4944 4882/5461/4910
f 4920/5505/4944 4922/5507/4946 4924/5509/4948
f 4924/5509/4948 4918/5503/4942 4920/5505/4944
f 4927/5510/4949 4925/5511/4950 5062/5512/4951
f 5062/5512/4951 4926/5513/4952 4927/5510/4949
f 4916/5502/4941 4927/5510/4949 4926/5513/4952
f 4926/5513/4952 4917/5501/4940 4916/5502/4941
f 4924/5509/4948 4923/5508/4947 4925/5511/4950
f 4925/5511/4950 4927/5510/4949 4924/5509/4948
f 4918/5503/4942 4924/5509/4948 4927/5510/4949
f 4927/5510/4949 4916/5502/4941 4918/5503/4942
f 4902/5485/4929 2761/2987/2767 2765/2989/2769
f 2765/2989/2769 4928/5514/4953 4902/5485/4929
f 4928/5514/4953 2765/2989/2769 2768/2992/2772
f 2768/2992/2772 4929/5515/4954 4928/5514/4953
f 4904/5487/4931 4902/5485/4929 4928/5514/4953
f 4928/5514/4953 4930/5516/4955 4904/5487/4931
f 4930/5516/4955 4928/5514/4953 4929/5515/4954
f 4929/5515/4954 4931/5517/4956 4930/5516/4955
f 4932/5518/4957 4933/5519/4958 4934/5520/4959
f 4929/5515/4954 2768/2992/2772 2776/3001/2781
f 2776/3001/2781 4932/5518/4957 4929/5515/4954
f 4931/5517/4956 4929/5515/4954 4932/5518/4957
f 4932/5518/4957 4934/5520/4959 4931/5517/4956
f 4936/5521/4960 4755/5522/4797 4754/5523/4796
f 4754/5523/4796 4935/5524/4961 4936/5521/4960
f 4935/5524/4961 4754/5523/4796 4937/5525/4793
f 4937/5525/4793 4938/5526/4962 4935/5524/4961
f 4933/5519/4958 4936/5521/4960 4935/5524/4961
f 4935/5524/4961 4934/5520/4959 4933/5519/4958
f 4934/5520/4959 4935/5524/4961 4938/5526/4962
f 4938/5526/4962 4931/5517/4956 4934/5520/4959
f 4939/5527/4963 4751/5528/4791 4906/5489/4785
f 4906/5489/4785 4908/5488/4932 4939/5527/4963
f 4930/5516/4955 4939/5527/4963 4908/5488/4932
f 4908/5488/4932 4904/5487/4931 4930/5516/4955
f 4938/5526/4962 4937/5525/4793 4751/5528/4791
f 4751/5528/4791 4939/5527/4963 4938/5526/4962
f 4931/5517/4956 4938/5526/4962 4939/5527/4963
f 4939/5527/4963 4930/5516/4955 4931/5517/4956
f 4941/5529/4964 2792/3018/2798 2795/3017/2797
f 2795/3017/2797 4940/5530/4965 4941/5529/4964
f 4940/5530/4965 2795/3017/2797 2790/3016/2796
f 2790/3016/2796 4942/5531/4966 4940/5530/4965
f 4944/5532/4967 4941/5529/4964 4940/5530/4965
f 4940/5530/4965 4943/5533/4968 4944/5532/4967
f 4943/5533/4968 4940/5530/4965 4942/5531/4966
f 4942/5531/4966 4945/5534/4969 4943/5533/4968
f 4947/5535/4970 2788/3014/2794 2787/3013/2793
f 2787/3013/2793 4946/5536/4971 4947/5535/4970
f 4949/5537/4972 4947/5535/4970 4946/5536/4971
f 4946/5536/4971 4948/5538/4973 4949/5537/4972
f 4942/5531/4966 2790/3016/2796 2788/3014/2794
f 2788/3014/2794 4947/5535/4970 4942/5531/4966
f 4945/5534/4969 4942/5531/4966 4947/5535/4970
f 4947/5535/4970 4949/5537/4972 4945/5534/4969
f 4951/5539/4974 4702/5540/4734 4701/5541/4733
f 4701/5541/4733 4950/5542/4975 4951/5539/4974
f 4950/5542/4975 4701/5541/4733 4952/5543/4730
f 4952/5543/4730 4953/5544/4976 4950/5542/4975
f 4948/5538/4973 4951/5539/4974 4950/5542/4975
f 4950/5542/4975 4949/5537/4972 4948/5538/4973
f 4949/5537/4972 4950/5542/4975 4953/5544/4976
f 4953/5544/4976 4945/5534/4969 4949/5537/4972
f 4957/5545/4977 4954/5546/4728 4955/5547/4722
f 4955/5547/4722 4956/5548/4978 4957/5545/4977
f 4943/5533/4968 4957/5545/4977 4956/5548/4978
f 4956/5548/4978 4944/5532/4967 4943/5533/4968
f 4953/5544/4976 4952/5543/4730 4954/5546/4728
f 4954/5546/4728 4957/5545/4977 4953/5544/4976
f 4945/5534/4969 4953/5544/4976 4957/5545/4977
f 4957/5545/4977 4943/5533/4968 4945/5534/4969
f 4959/5549/4979 2777/3003/2783 2780/3002/2782
f 2780/3002/2782 4958/5550/4980 4959/5549/4979
f 4958/5550/4980 2780/3002/2782 2784/3008/2788
f 2784/3008/2788 4960/5551/4981 4958/5550/4980
f 4962/5552/4982 4959/5549/4979 4958/5550/4980
f 4958/5550/4980 4961/5553/4983 4962/5552/4982
f 4961/5553/4983 4958/5550/4980 4960/5551/4981
f 4960/5551/4981 4963/5554/4984 4961/5553/4983
f 4965/5555/4985 2800/3026/2806 2799/3025/2805
f 2799/3025/2805 4964/5556/4986 4965/5555/4985
f 4967/5557/4987 4965/5555/4985 4964/5556/4986
f 4964/5556/4986 4966/5558/4988 4967/5557/4987
f 4960/5551/4981 2784/3008/2788 2800/3026/2806
f 2800/3026/2806 4965/5555/4985 4960/5551/4981
f 4963/5554/4984 4960/5551/4981 4965/5555/4985
f 4965/5555/4985 4967/5557/4987 4963/5554/4984
f 4971/5559/4989 4968/5560/4596 4969/5561/4810
f 4969/5561/4810 4970/5562/4990 4971/5559/4989
f 4970/5562/4990 4969/5561/4810 4765/5563/4807
f 4765/5563/4807 4972/5564/4991 4970/5562/4990
f 4966/5558/4988 4971/5559/4989 4970/5562/4990
f 4970/5562/4990 4967/5557/4987 4966/5558/4988
f 4967/5557/4987 4970/5562/4990 4972/5564/4991
f 4972/5564/4991 4963/5554/4984 4967/5557/4987
f 4975/5565/4992 4762/5566/4805 4973/5567/4804
f 4973/5567/4804 4974/5568/4993 4975/5565/4992
f 4961/5553/4983 4975/5565/4992 4974/5568/4993
f 4974/5568/4993 4962/5552/4982 4961/5553/4983
f 4972/5564/4991 4765/5563/4807 4762/5566/4805
f 4762/5566/4805 4975/5565/4992 4972/5564/4991
f 4963/5554/4984 4972/5564/4991 4975/5565/4992
f 4975/5565/4992 4961/5553/4983 4963/5554/4984
f 4977/5569/4994 2812/3038/2818 2815/3037/2817
f 2815/3037/2817 4976/5570/4995 4977/5569/4994
f 4976/5570/4995 2815/3037/2817 2810/3036/2816
f 2810/3036/2816 4978/5571/4996 4976/5570/4995
f 4980/5572/4997 4977/5569/4994 4976/5570/4995
f 4976/5570/4995 4979/5573/4998 4980/5572/4997
f 4979/5573/4998 4976/5570/4995 4978/5571/4996
f 4978/5571/4996 4981/5574/4999 4979/5573/4998
f 4982/5575/5000 2808/3034/2814 2792/3018/2798
f 2792/3018/2798 4941/5529/4964 4982/5575/5000
f 4983/5576/5001 4982/5575/5000 4941/5529/4964
f 4941/5529/4964 4944/5532/4967 4983/5576/5001
f 4978/5571/4996 2810/3036/2816 2808/3034/2814
f 2808/3034/2814 4982/5575/5000 4978/5571/4996
f 4981/5574/4999 4978/5571/4996 4982/5575/5000
f 4982/5575/5000 4983/5576/5001 4981/5574/4999
f 4956/5548/4978 4955/5547/4722 4692/5577/4721
f 4692/5577/4721 4984/5578/5002 4956/5548/4978
f 4984/5578/5002 4692/5577/4721 4985/5579/4718
f 4985/5579/4718 4986/5580/5003 4984/5578/5002
f 4944/5532/4967 4956/5548/4978 4984/5578/5002
f 4984/5578/5002 4983/5576/5001 4944/5532/4967
f 4983/5576/5001 4984/5578/5002 4986/5580/5003
f 4986/5580/5003 4981/5574/4999 4983/5576/5001
f 4988/5581/5004 4689/5582/4716 4682/5583/4710
f 4682/5583/4710 4987/5584/5005 4988/5581/5004
f 4979/5573/4998 4988/5581/5004 4987/5584/5005
f 4987/5584/5005 4980/5572/4997 4979/5573/4998
f 4986/5580/5003 4985/5579/4718 4689/5582/4716
f 4689/5582/4716 4988/5581/5004 4986/5580/5003
f 4981/5574/4999 4986/5580/5003 4988/5581/5004
f 4988/5581/5004 4979/5573/4998 4981/5574/4999
f 4964/5556/4986 2799/3025/2805 2803/3027/2807
f 2803/3027/2807 4989/5585/5006 4964/5556/4986
f 4989/5585/5006 2803/3027/2807 2806/3030/2810
f 2806/3030/2810 4990/5586/5007 4989/5585/5006
f 4966/5558/4988 4964/5556/4986 4989/5585/5006
f 4989/5585/5006 4991/5587/5008 4966/5558/4988
f 4991/5587/5008 4989/5585/5006 4990/5586/5007
f 4990/5586/5007 4992/5588/5009 4991/5587/5008
f 4994/5589/5010 2820/3046/2826 2819/3045/2825
f 2819/3045/2825 4993/5590/5011 4994/5589/5010
f 4996/5591/5012 4994/5589/5010 4993/5590/5011
f 4993/5590/5011 4995/5592/5013 4996/5591/5012
f 4990/5586/5007 2806/3030/2810 2820/3046/2826
f 2820/3046/2826 4994/5589/5010 4990/5586/5007
f 4992/5588/5009 4990/5586/5007 4994/5589/5010
f 4994/5589/5010 4996/5591/5012 4992/5588/5009
f 5000/5593/5014 4997/5594/4603 4998/5595/4602
f 4998/5595/4602 4999/5596/5015 5000/5593/5014
f 4999/5596/5015 4998/5595/4602 5001/5597/4599
f 5001/5597/4599 5002/5598/5016 4999/5596/5015
f 4995/5592/5013 5000/5593/5014 4999/5596/5015
f 4999/5596/5015 4996/5591/5012 4995/5592/5013
f 4996/5591/5012 4999/5596/5015 5002/5598/5016
f 5002/5598/5016 4992/5588/5009 4996/5591/5012
f 5004/5599/5017 5003/5600/4597 4968/5560/4596
f 4968/5560/4596 4971/5559/4989 5004/5599/5017
f 4991/5587/5008 5004/5599/5017 4971/5559/4989
f 4971/5559/4989 4966/5558/4988 4991/5587/5008
f 5002/5598/5016 5001/5597/4599 5003/5600/4597
f 5003/5600/4597 5004/5599/5017 5002/5598/5016
f 4992/5588/5009 5002/5598/5016 5004/5599/5017
f 5004/5599/5017 4991/5587/5008 4992/5588/5009
f 4774/5333/4818 2673/2899/2684 2833/3057/2837
f 2833/3057/2837 5005/5601/5018 4774/5333/4818
f 5005/5601/5018 2833/3057/2837 2830/3056/2836
f 2830/3056/2836 5006/5602/5019 5005/5601/5018
f 4776/5335/4820 4774/5333/4818 5005/5601/5018
f 5005/5601/5018 5007/5603/5020 4776/5335/4820
f 5007/5603/5020 5005/5601/5018 5006/5602/5019
f 5006/5602/5019 5008/5604/5021 5007/5603/5020
f 5009/5605/5022 2828/3054/2834 2812/3038/2818
f 2812/3038/2818 4977/5569/4994 5009/5605/5022
f 5010/5606/5023 5009/5605/5022 4977/5569/4994
f 4977/5569/4994 4980/5572/4997 5010/5606/5023
f 5006/5602/5019 2830/3056/2836 2828/3054/2834
f 2828/3054/2834 5009/5605/5022 5006/5602/5019
f 5008/5604/5021 5006/5602/5019 5009/5605/5022
f 5009/5605/5022 5010/5606/5023 5008/5604/5021
f 4987/5584/5005 4682/5583/4710 5011/5607/4709
f 5011/5607/4709 5012/5608/5024 4987/5584/5005
f 5012/5608/5024 5011/5607/4709 4680/5609/4706
f 4680/5609/4706 5013/5610/5025 5012/5608/5024
f 4980/5572/4997 4987/5584/5005 5012/5608/5024
f 5012/5608/5024 5010/5606/5023 4980/5572/4997
f 5010/5606/5023 5012/5608/5024 5013/5610/5025
f 5013/5610/5025 5008/5604/5021 5010/5606/5023
f 5015/5611/5026 5014/5612/4704 4672/5337/4698
f 4672/5337/4698 4780/5336/4821 5015/5611/5026
f 5007/5603/5020 5015/5611/5026 4780/5336/4821
f 4780/5336/4821 4776/5335/4820 5007/5603/5020
f 5013/5610/5025 4680/5609/4706 5014/5612/4704
f 5014/5612/4704 5015/5611/5026 5013/5610/5025
f 5008/5604/5021 5013/5610/5025 5015/5611/5026
f 5015/5611/5026 5007/5603/5020 5008/5604/5021
f 4993/5590/5011 2819/3045/2825 2823/3047/2827
f 2823/3047/2827 5016/5613/5027 4993/5590/5011
f 5016/5613/5027 2823/3047/2827 2826/3050/2830
f 2826/3050/2830 5017/5614/5028 5016/5613/5027
f 4995/5592/5013 4993/5590/5011 5016/5613/5027
f 5016/5613/5027 5018/5615/5029 4995/5592/5013
f 5018/5615/5029 5016/5613/5027 5017/5614/5028
f 5017/5614/5028 5019/5616/5030 5018/5615/5029
f 5020/5617/5031 2835/3061/2841 2663/2889/2674
f 2663/2889/2674 4786/5346/4826 5020/5617/5031
f 5021/5618/5032 5020/5617/5031 4786/5346/4826
f 4786/5346/4826 4789/5349/4829 5021/5618/5032
f 5017/5614/5028 2826/3050/2830 2835/3061/2841
f 2835/3061/2841 5020/5617/5031 5017/5614/5028
f 5019/5616/5030 5017/5614/5028 5020/5617/5031
f 5020/5617/5031 5021/5618/5032 5019/5616/5030
f 4801/5365/4840 4800/5364/4615 5022/5619/4614
f 5022/5619/4614 5023/5620/5033 4801/5365/4840
f 5023/5620/5033 5022/5619/4614 4602/5621/4611
f 4602/5621/4611 5024/5622/5034 5023/5620/5033
f 4789/5349/4829 4801/5365/4840 5023/5620/5033
f 5023/5620/5033 5021/5618/5032 4789/5349/4829
f 5021/5618/5032 5023/5620/5033 5024/5622/5034
f 5024/5622/5034 5019/5616/5030 5021/5618/5032
f 5025/5623/5035 4600/5624/4609 4997/5594/4603
f 4997/5594/4603 5000/5593/5014 5025/5623/5035
f 5018/5615/5029 5025/5623/5035 5000/5593/5014
f 5000/5593/5014 4995/5592/5013 5018/5615/5029
f 5024/5622/5034 4602/5621/4611 4600/5624/4609
f 4600/5624/4609 5025/5623/5035 5024/5622/5034
f 5019/5616/5030 5024/5622/5034 5025/5623/5035
f 5025/5623/5035 5018/5615/5029 5019/5616/5030
f 4646/5180/4665 2527/2751/2536 2851/3077/2854
f 2851/3077/2854 5026/5625/5036 4646/5180/4665
f 5026/5625/5036 2851/3077/2854 2849/3076/2853
f 2849/3076/2853 5027/5626/5037 5026/5625/5036
f 5028/5627/5038 2848/3075/2852 2281/2505/2290
f 2281/2505/2290 4497/4998/4505 5028/5627/5038
f 5027/5626/5037 2849/3076/2853 2848/3075/2852
f 2848/3075/2852 5028/5627/5038 5027/5626/5037
f 4502/5007/4511 4347/5006/4371 5029/5628/4900
f 5029/5628/4900 5030/5629/5039 4502/5007/4511
f 5030/5629/5039 5029/5628/4900 5031/5630/4897
f 5031/5630/4897 5032/5631/5040 5030/5629/5039
f 4497/4998/4505 4502/5007/4511 5030/5629/5039
f 5030/5629/5039 5028/5627/5038 4497/4998/4505
f 5028/5627/5038 5030/5629/5039 5032/5631/5040
f 5032/5631/5040 5027/5626/5037 5028/5627/5038
f 5034/5632/5041 5033/5633/4895 4844/5182/4667
f 4844/5182/4667 4649/5181/4666 5034/5632/5041
f 5026/5625/5036 5034/5632/5041 4649/5181/4666
f 4649/5181/4666 4646/5180/4665 5026/5625/5036
f 5032/5631/5040 5031/5630/4897 5033/5633/4895
f 5033/5633/4895 5034/5632/5041 5032/5631/5040
f 5027/5626/5037 5032/5631/5040 5034/5632/5041
f 5034/5632/5041 5026/5625/5036 5027/5626/5037
f 4738/5291/4776 2634/2858/2643 2859/3085/2862
f 2859/3085/2862 5035/5634/5042 4738/5291/4776
f 5035/5634/5042 2859/3085/2862 2857/3084/2861
f 2857/3084/2861 5036/5635/5043 5035/5634/5042
f 5036/5635/5043 2857/3084/2861 2291/2515/2300
f 2291/2515/2300 4505/5009/4513 5036/5635/5043
f 4512/5020/4524 4511/5019/4523 5055/5636/5044
f 5055/5636/5044 5037/5637/5045 4512/5020/4524
f 4505/5009/4513 4512/5020/4524 5037/5637/5045
f 5037/5637/5045 5036/5635/5043 4505/5009/4513
f 5038/5638/5046 5053/5639/5047 4911/5293/4778
f 4911/5293/4778 4742/5292/4777 5038/5638/5046
f 5035/5634/5042 5038/5638/5046 4742/5292/4777
f 4742/5292/4777 4738/5291/4776 5035/5634/5042
f 5037/5637/5045 5055/5636/5044 5053/5639/5047
f 5053/5639/5047 5038/5638/5046 5037/5637/5045
f 5036/5635/5043 5037/5637/5045 5038/5638/5046
f 5038/5638/5046 5035/5634/5042 5036/5635/5043
f 4884/5465/4914 2749/2975/2755 2870/3096/2873
f 2870/3096/2873 5039/5640/5048 4884/5465/4914
f 5039/5640/5048 2870/3096/2873 2867/3095/2872
f 2867/3095/2872 5040/5641/5049 5039/5640/5048
f 4886/5467/4916 4884/5465/4914 5039/5640/5048
f 5039/5640/5048 5041/5642/5050 4886/5467/4916
f 5041/5642/5050 5039/5640/5048 5040/5641/5049
f 5040/5641/5049 5042/5643/5051 5041/5642/5050
f 5040/5641/5049 2867/3095/2872 2307/2532/2317
f 2307/2532/2317 4526/5034/4534 5040/5641/5049
f 5042/5643/5051 5040/5641/5049 4526/5034/4534
f 4526/5034/4534 4529/5037/4537 5042/5643/5051
f 4536/5047/4544 4199/5046/4230 4733/5644/4771
f 4536/5047/4544 4733/5644/4771 5043/5645/4768
f 5043/5645/4768 5044/5646/5052 4536/5047/4544
f 4529/5037/4537 4536/5047/4544 5044/5646/5052
f 5044/5646/5052 5042/5643/5051 4529/5037/4537
f 5046/5647/5053 5045/5648/4766 4888/5469/4761
f 4888/5469/4761 4891/5468/4917 5046/5647/5053
f 5041/5642/5050 5046/5647/5053 4891/5468/4917
f 4891/5468/4917 4886/5467/4916 5041/5642/5050
f 5044/5646/5052 5043/5645/4768 5045/5648/4766
f 5045/5648/4766 5046/5647/5053 5044/5646/5052
f 5042/5643/5051 5044/5646/5052 5046/5647/5053
f 5046/5647/5053 5041/5642/5050 5042/5643/5051
f 4518/5025/4529 2292/2517/2302 2862/3088/2865
f 2862/3088/2865 5047/5649/5054 4518/5025/4529
f 5047/5649/5054 2862/3088/2865 2864/3090/2867
f 2864/3090/2867 5048/5650/5055 5047/5649/5054
f 4519/5026/4530 4518/5025/4529 5047/5649/5054
f 5047/5649/5054 5049/5651/5056 4519/5026/4530
f 5049/5651/5056 5047/5649/5054 5048/5650/5055
f 5048/5650/5055 5050/5652/5057 5049/5651/5056
f 5051/5653/5058 2872/3100/2877 2739/2965/2745
f 2739/2965/2745 4897/5478/4922 5051/5653/5058
f 5052/5654/5059 5051/5653/5058 4897/5478/4922
f 4897/5478/4922 4900/5481/4925 5052/5654/5059
f 5048/5650/5055 2864/3090/2867 2872/3100/2877
f 2872/3100/2877 5051/5653/5058 5048/5650/5055
f 5050/5652/5057 5048/5650/5055 5051/5653/5058
f 5051/5653/5058 5052/5654/5059 5050/5652/5057
f 4912/5497/4936 4911/5496/4778 5053/5655/5047
f 5053/5655/5047 5054/5656/5060 4912/5497/4936
f 5054/5656/5060 5053/5655/5047 5055/5657/5044
f 5055/5657/5044 5056/5658/5061 5054/5656/5060
f 4900/5481/4925 4912/5497/4936 5054/5656/5060
f 5054/5656/5060 5052/5654/5059 4900/5481/4925
f 5052/5654/5059 5054/5656/5060 5056/5658/5061
f 5056/5658/5061 5050/5652/5057 5052/5654/5059
f 4511/5028/4523 4521/5027/4531 5057/5659/5062
f 5049/5651/5056 5057/5659/5062 4521/5027/4531
f 4521/5027/4531 4519/5026/4530 5049/5651/5056
f 5056/5658/5061 5055/5657/5044 4511/5028/4523
f 4511/5028/4523 5057/5659/5062 5056/5658/5061
f 5050/5652/5057 5056/5658/5061 5057/5659/5062
f 5057/5659/5062 5049/5651/5056 5050/5652/5057
f 4719/5267/4752 2611/2835/2620 2893/3118/2895
f 2893/3118/2895 5058/5660/5063 4719/5267/4752
f 5058/5660/5063 2893/3118/2895 2891/3117/2894
f 2891/3117/2894 5059/5661/5064 5058/5660/5063
f 5061/5662/5065 2889/3116/2893 2890/3115/2892
f 2890/3115/2892 5060/5663/5066 5061/5662/5065
f 5059/5661/5064 2891/3117/2894 2889/3116/2893
f 2889/3116/2893 5061/5662/5065 5059/5661/5064
f 5064/5664/5067 5062/5665/4951 4925/5666/4950
f 4925/5666/4950 5063/5667/5068 5064/5664/5067
f 5063/5667/5068 4925/5666/4950 4923/5668/4947
f 4923/5668/4947 5065/5669/5069 5063/5667/5068
f 5060/5663/5066 5064/5664/5067 5063/5667/5068
f 5063/5667/5068 5061/5662/5065 5060/5663/5066
f 5061/5662/5065 5063/5667/5068 5065/5669/5069
f 5065/5669/5069 5059/5661/5064 5061/5662/5065
f 5066/5670/5070 4921/5671/4945 4893/5269/4754
f 4893/5269/4754 4723/5268/4753 5066/5670/5070
f 5058/5660/5063 5066/5670/5070 4723/5268/4753
f 4723/5268/4753 4719/5267/4752 5058/5660/5063
f 5065/5669/5069 4923/5668/4947 4921/5671/4945
f 4921/5671/4945 5066/5670/5070 5065/5669/5069
f 5059/5661/5064 5065/5669/5069 5066/5670/5070
f 5066/5670/5070 5058/5660/5063 5059/5661/5064
f 4760/5316/4801 2658/2883/2668 2905/3130/2907
f 2905/3130/2907 5067/5672/5071 4760/5316/4801
f 5067/5672/5071 2905/3130/2907 2903/3129/2906
f 2903/3129/2906 5068/5673/5072 5067/5672/5071
f 5070/5674/5073 2901/3128/2905 2902/3127/2904
f 2902/3127/2904 5069/5675/5074 5070/5674/5073
f 5068/5673/5072 2903/3129/2906 2901/3128/2905
f 2901/3128/2905 5070/5674/5073 5068/5673/5072
f 5073/5676/5075 5071/5677/5076 5100/5678/5077
f 5100/5678/5077 5072/5679/5078 5073/5676/5075
f 5072/5679/5078 5100/5678/5077 5098/5680/5079
f 5098/5680/5079 5074/5681/5080 5072/5679/5078
f 5069/5675/5074 5073/5676/5075 5072/5679/5078
f 5072/5679/5078 5070/5674/5073 5069/5675/5074
f 5070/5674/5073 5072/5679/5078 5074/5681/5080
f 5074/5681/5080 5068/5673/5072 5070/5674/5073
f 5076/5682/5081 5075/5683/5082 4973/5319/4804
f 4973/5319/4804 4764/5318/4803 5076/5682/5081
f 5067/5672/5071 5076/5682/5081 4764/5318/4803
f 4764/5318/4803 4760/5316/4801 5067/5672/5071
f 5074/5681/5080 5098/5680/5079 5075/5683/5082
f 5075/5683/5082 5076/5682/5081 5074/5681/5080
f 5068/5673/5072 5074/5681/5080 5076/5682/5081
f 5076/5682/5081 5067/5672/5071 5068/5673/5072
f 4946/5536/4971 2787/3013/2793 2918/3147/2924
f 2918/3147/2924 5077/5684/5083 4946/5536/4971
f 5077/5684/5083 2918/3147/2924 2915/3146/2923
f 2915/3146/2923 5078/5685/5084 5077/5684/5083
f 4948/5538/4973 4946/5536/4971 5077/5684/5083
f 5077/5684/5083 5079/5686/5085 4948/5538/4973
f 5079/5686/5085 5077/5684/5083 5078/5685/5084
f 5078/5685/5084 5080/5687/5086 5079/5686/5085
f 5082/5688/5087 2913/3144/2921 3974/3143/2920
f 3974/3143/2920 5081/5689/5088 5082/5688/5087
f 5084/5690/5089 5082/5688/5087 5081/5689/5088
f 5081/5689/5088 5083/5691/5090 5084/5690/5089
f 5078/5685/5084 2915/3146/2923 2913/3144/2921
f 2913/3144/2921 5082/5688/5087 5078/5685/5084
f 5080/5687/5086 5078/5685/5084 5082/5688/5087
f 5082/5688/5087 5084/5690/5089 5080/5687/5086
f 5087/5692/5091 5085/5693/4746 4713/5694/4745
f 4713/5694/4745 5086/5695/5092 5087/5692/5091
f 5086/5695/5092 4713/5694/4745 4711/5696/4742
f 4711/5696/4742 5088/5697/5093 5086/5695/5092
f 5083/5691/5090 5087/5692/5091 5086/5695/5092
f 5086/5695/5092 5084/5690/5089 5083/5691/5090
f 5084/5690/5089 5086/5695/5092 5088/5697/5093
f 5088/5697/5093 5080/5687/5086 5084/5690/5089
f 5089/5698/5094 4709/5699/4740 4702/5540/4734
f 4702/5540/4734 4951/5539/4974 5089/5698/5094
f 5079/5686/5085 5089/5698/5094 4951/5539/4974
f 4951/5539/4974 4948/5538/4973 5079/5686/5085
f 5088/5697/5093 4711/5696/4742 4709/5699/4740
f 4709/5699/4740 5089/5698/5094 5088/5697/5093
f 5080/5687/5086 5088/5697/5093 5089/5698/5094
f 5089/5698/5094 5079/5686/5085 5080/5687/5086
f 5216/5700/5095 3972/3134/2911 2908/3133/2910
f 2908/3133/2910 5090/5701/5096 5216/5700/5095
f 5090/5701/5096 2908/3133/2910 2911/3138/2915
f 2911/3138/2915 5091/5702/5097 5090/5701/5096
f 5093/5703/5098 5216/5700/5095 5090/5701/5096
f 5090/5701/5096 5092/5704/5099 5093/5703/5098
f 5092/5704/5099 5090/5701/5096 5091/5702/5097
f 5091/5702/5097 5094/5705/5100 5092/5704/5099
f 5095/5706/5101 2920/3151/2928 2777/3003/2783
f 2777/3003/2783 4959/5549/4979 5095/5706/5101
f 5096/5707/5102 5095/5706/5101 4959/5549/4979
f 4959/5549/4979 4962/5552/4982 5096/5707/5102
f 5091/5702/5097 2911/3138/2915 2920/3151/2928
f 2920/3151/2928 5095/5706/5101 5091/5702/5097
f 5094/5705/5100 5091/5702/5097 5095/5706/5101
f 5095/5706/5101 5096/5707/5102 5094/5705/5100
f 4974/5568/4993 4973/5567/4804 5075/5708/5082
f 5075/5708/5082 5097/5709/5103 4974/5568/4993
f 5097/5709/5103 5075/5708/5082 5098/5710/5079
f 5098/5710/5079 5099/5711/5104 5097/5709/5103
f 4962/5552/4982 4974/5568/4993 5097/5709/5103
f 5097/5709/5103 5096/5707/5102 4962/5552/4982
f 5096/5707/5102 5097/5709/5103 5099/5711/5104
f 5099/5711/5104 5094/5705/5100 5096/5707/5102
f 5102/5712/5105 5100/5713/5077 5071/5714/5076
f 5071/5714/5076 5101/5715/5106 5102/5712/5105
f 5092/5704/5099 5102/5712/5105 5101/5715/5106
f 5101/5715/5106 5093/5703/5098 5092/5704/5099
f 5099/5711/5104 5098/5710/5079 5100/5713/5077
f 5100/5713/5077 5102/5712/5105 5099/5711/5104
f 5094/5705/5100 5099/5711/5104 5102/5712/5105
f 5102/5712/5105 5092/5704/5099 5094/5705/5100
f 4177/4627/4202 2025/2242/2027 3455/3778/3475
f 3455/3778/3475 5103/5716/5107 4177/4627/4202
f 5103/5716/5107 3455/3778/3475 3457/3780/3477
f 3457/3780/3477 5104/5717/5108 5103/5716/5107
f 5106/5718/5109 3460/3785/3482 3461/3784/3481
f 3461/3784/3481 5105/5719/5110 5106/5718/5109
f 5104/5717/5108 3457/3780/3477 3460/3785/3482
f 3460/3785/3482 5106/5718/5109 5104/5717/5108
f 5108/5720/5111 5135/5721/5112 5158/5722/5113
f 5158/5722/5113 5107/5723/5114 5108/5720/5111
f 5107/5723/5114 5158/5722/5113 5109/5724/5115
f 5109/5724/5115 5110/5725/5116 5107/5723/5114
f 5105/5719/5110 5108/5720/5111 5107/5723/5114
f 5107/5723/5114 5106/5718/5109 5105/5719/5110
f 5106/5718/5109 5107/5723/5114 5110/5725/5116
f 5110/5725/5116 5104/5717/5108 5106/5718/5109
f 5112/5726/5117 5111/5727/5118 4583/4629/4204
f 4583/4629/4204 4180/4628/4203 5112/5726/5117
f 5103/5716/5107 5112/5726/5117 4180/4628/4203
f 4180/4628/4203 4177/4627/4202 5103/5716/5107
f 5110/5725/5116 5109/5724/5115 5111/5727/5118
f 5111/5727/5118 5112/5726/5117 5110/5725/5116
f 5104/5717/5108 5110/5725/5116 5112/5726/5117
f 5112/5726/5117 5103/5716/5107 5104/5717/5108
f 4220/4678/4253 2077/2294/2079 3506/3836/3520
f 3506/3836/3520 5113/5728/5119 4220/4678/4253
f 5113/5728/5119 3506/3836/3520 3508/3838/3522
f 3508/3838/3522 5114/5729/5120 5113/5728/5119
f 5116/5730/5121 3511/3843/3527 3512/3842/3526
f 3512/3842/3526 5115/5731/5122 5116/5730/5121
f 5114/5729/5120 3508/3838/3522 3511/3843/3527
f 3511/3843/3527 5116/5730/5121 5114/5729/5120
f 5119/5732/5123 5129/5733/5124 5117/5734/5125
f 5117/5734/5125 5118/5735/5126 5119/5732/5123
f 5118/5735/5126 5117/5734/5125 5120/5736/5127
f 5120/5736/5127 5121/5737/5128 5118/5735/5126
f 5115/5731/5122 5119/5732/5123 5118/5735/5126
f 5118/5735/5126 5116/5730/5121 5115/5731/5122
f 5116/5730/5121 5118/5735/5126 5121/5737/5128
f 5121/5737/5128 5114/5729/5120 5116/5730/5121
f 5123/5738/5129 5122/5739/5130 4398/4680/4255
f 4398/4680/4255 4224/4679/4254 5123/5738/5129
f 5113/5728/5119 5123/5738/5129 4224/4679/4254
f 4224/4679/4254 4220/4678/4253 5113/5728/5119
f 5121/5737/5128 5120/5736/5127 5122/5739/5130
f 5122/5739/5130 5123/5738/5129 5121/5737/5128
f 5114/5729/5120 5121/5737/5128 5123/5738/5129
f 5123/5738/5129 5113/5728/5119 5114/5729/5120
f 3523/2565/2350 5124/4872/4407 4563/5078/4571
f 5126/5740/5131 4563/5078/4571 5124/4872/4407
f 5124/4872/4407 5125/5741/5132 5126/5740/5131
f 5124/4872/4407 3523/2565/2350 2195/2417/2202
f 5124/4872/4407 4390/4874/4409 5125/5741/5132
f 4399/4886/4417 4398/4885/4255 5122/5742/5130
f 5122/5742/5130 5127/5743/5133 4399/4886/4417
f 5127/5743/5133 5122/5742/5130 5120/5744/5127
f 5120/5744/5127 5128/5745/5134 5127/5743/5133
f 4390/4874/4409 4399/4886/4417 5127/5743/5133
f 4390/4874/4409 5127/5743/5133 5128/5745/5134
f 5128/5745/5134 5125/5741/5132 4390/4874/4409
f 5131/5746/5135 5117/5747/5125 5129/5748/5124
f 5129/5748/5124 5130/5749/5136 5131/5746/5135
f 5125/5741/5132 5131/5746/5135 5130/5749/5136
f 5130/5749/5136 5126/5740/5131 5125/5741/5132
f 5128/5745/5134 5120/5744/5127 5117/5747/5125
f 5117/5747/5125 5131/5746/5135 5128/5745/5134
f 5125/5741/5132 5128/5745/5134 5131/5746/5135
f 4405/4891/4422 2199/2421/2206 3522/2581/2366
f 3522/2581/2366 5132/5750/5137 4405/4891/4422
f 4406/4892/4423 4405/4891/4422 5132/5750/5137
f 5132/5750/5137 5133/5751/5138 4406/4892/4423
f 5132/5750/5137 5134/5752/5139 5133/5751/5138
f 5137/5753/5140 5135/5754/5112 5147/5755/5141
f 5147/5755/5141 5136/5756/5142 5137/5753/5140
f 5136/5756/5142 5147/5755/5141 5145/5757/5143
f 5145/5757/5143 5138/5758/5144 5136/5756/5142
f 5134/5752/5139 5137/5753/5140 5136/5756/5142
f 5134/5752/5139 5136/5756/5142 5138/5758/5144
f 5138/5758/5144 5133/5751/5138 5134/5752/5139
f 5139/5759/5145 5143/5760/5146 4545/4895/4426
f 4545/4895/4426 4409/4894/4425 5139/5759/5145
f 4406/4892/4423 5139/5759/5145 4409/4894/4425
f 5138/5758/5144 5145/5757/5143 5143/5760/5146
f 5143/5760/5146 5139/5759/5145 5138/5758/5144
f 5133/5751/5138 5138/5758/5144 5139/5759/5145
f 5139/5759/5145 4406/4892/4423 5133/5751/5138
f 5105/5719/5110 3461/3784/3481 3589/3931/3596
f 3589/3931/3596 5140/5761/5147 5105/5719/5110
f 5140/5761/5147 3589/3931/3596 3587/3930/3595
f 3587/3930/3595 5141/5762/5148 5140/5761/5147
f 5142/5763/5149 3586/3929/3594 2329/2552/2337
f 2329/2552/2337 4539/5049/4546 5142/5763/5149
f 5141/5762/5148 3587/3930/3595 3586/3929/3594
f 3586/3929/3594 5142/5763/5149 5141/5762/5148
f 4546/5060/4553 4545/5059/4426 5143/5764/5146
f 5143/5764/5146 5144/5765/5150 4546/5060/4553
f 5144/5765/5150 5143/5764/5146 5145/5766/5143
f 5145/5766/5143 5146/5767/5151 5144/5765/5150
f 4539/5049/4546 4546/5060/4553 5144/5765/5150
f 5144/5765/5150 5142/5763/5149 4539/5049/4546
f 5142/5763/5149 5144/5765/5150 5146/5767/5151
f 5146/5767/5151 5141/5762/5148 5142/5763/5149
f 5148/5768/5152 5147/5769/5141 5135/5721/5112
f 5135/5721/5112 5108/5720/5111 5148/5768/5152
f 5140/5761/5147 5148/5768/5152 5108/5720/5111
f 5108/5720/5111 5105/5719/5110 5140/5761/5147
f 5146/5767/5151 5145/5766/5143 5147/5769/5141
f 5147/5769/5141 5148/5768/5152 5146/5767/5151
f 5141/5762/5148 5146/5767/5151 5148/5768/5152
f 5148/5768/5152 5140/5761/5147 5141/5762/5148
f 5115/5731/5122 3512/3842/3526 3601/3946/3608
f 3601/3946/3608 5149/5770/5153 5115/5731/5122
f 5149/5770/5153 3601/3946/3608 3599/3945/3607
f 3599/3945/3607 5150/5771/5154 5149/5770/5153
f 5151/5772/5155 3598/3944/3606 2341/2564/2349
f 2341/2564/2349 4549/5061/4554 5151/5772/5155
f 5150/5771/5154 3599/3945/3607 3598/3944/3606
f 3598/3944/3606 5151/5772/5155 5150/5771/5154
f 4557/5072/4565 4567/5071/4564 5164/5773/5156
f 5164/5773/5156 5152/5774/5157 4557/5072/4565
f 5152/5774/5157 5164/5773/5156 5162/5775/5158
f 5162/5775/5158 5153/5776/5159 5152/5774/5157
f 4549/5061/4554 4557/5072/4565 5152/5774/5157
f 5152/5774/5157 5151/5772/5155 4549/5061/4554
f 5151/5772/5155 5152/5774/5157 5153/5776/5159
f 5153/5776/5159 5150/5771/5154 5151/5772/5155
f 5154/5777/5160 5160/5778/5161 5129/5733/5124
f 5129/5733/5124 5119/5732/5123 5154/5777/5160
f 5149/5770/5153 5154/5777/5160 5119/5732/5123
f 5119/5732/5123 5115/5731/5122 5149/5770/5153
f 5153/5776/5159 5162/5775/5158 5160/5778/5161
f 5160/5778/5161 5154/5777/5160 5153/5776/5159
f 5150/5771/5154 5153/5776/5159 5154/5777/5160
f 5154/5777/5160 5149/5770/5153 5150/5771/5154
f 3522/2581/2366 5155/5089/4578 5132/5750/5137
f 5134/5752/5139 5132/5750/5137 5155/5089/4578
f 5155/5089/4578 5156/5779/5162 5134/5752/5139
f 5155/5089/4578 4575/5092/4581 5156/5779/5162
f 4584/5104/4589 4583/5103/4204 5111/5780/5118
f 4584/5104/4589 5111/5780/5118 5109/5781/5115
f 5109/5781/5115 5157/5782/5163 4584/5104/4589
f 4575/5092/4581 4584/5104/4589 5157/5782/5163
f 5157/5782/5163 5156/5779/5162 4575/5092/4581
f 5159/5783/5164 5158/5784/5113 5135/5754/5112
f 5135/5754/5112 5137/5753/5140 5159/5783/5164
f 5156/5779/5162 5159/5783/5164 5137/5753/5140
f 5137/5753/5140 5134/5752/5139 5156/5779/5162
f 5157/5782/5163 5109/5781/5115 5158/5784/5113
f 5158/5784/5113 5159/5783/5164 5157/5782/5163
f 5156/5779/5162 5157/5782/5163 5159/5783/5164
f 4563/5078/4571 5126/5740/5131 4565/5080/4573
f 5130/5749/5136 5129/5748/5124 5160/5785/5161
f 5160/5785/5161 5161/5786/5165 5130/5749/5136
f 5161/5786/5165 5160/5785/5161 5162/5787/5158
f 5162/5787/5158 5163/5788/5166 5161/5786/5165
f 5126/5740/5131 5130/5749/5136 5161/5786/5165
f 5126/5740/5131 5161/5786/5165 5163/5788/5166
f 5163/5788/5166 4565/5080/4573 5126/5740/5131
f 4569/5081/4574 5164/5789/5156 4567/5082/4564
f 5163/5788/5166 5162/5787/5158 5164/5789/5156
f 5164/5789/5156 4569/5081/4574 5163/5788/5166
f 4565/5080/4573 5163/5788/5166 4569/5081/4574
f 5166/5790/5167 3903/4310/3927 3906/4309/3926
f 3906/4309/3926 5165/5791/5168 5166/5790/5167
f 5165/5791/5168 3906/4309/3926 3902/4308/3925
f 3902/4308/3925 5167/5792/5169 5165/5791/5168
f 5168/5793/5170 3901/4307/3924 2598/2824/2609
f 2598/2824/2609 4706/5251/4736 5168/5793/5170
f 5167/5792/5169 3902/4308/3925 3901/4307/3924
f 3901/4307/3924 5168/5793/5170 5167/5792/5169
f 4714/5262/4747 5085/5261/4746 5226/5794/5171
f 5226/5794/5171 5169/5795/5172 4714/5262/4747
f 5169/5795/5172 5226/5794/5171 5224/5796/5173
f 5224/5796/5173 5170/5797/5174 5169/5795/5172
f 4706/5251/4736 4714/5262/4747 5169/5795/5172
f 5169/5795/5172 5168/5793/5170 4706/5251/4736
f 5168/5793/5170 5169/5795/5172 5170/5797/5174
f 5170/5797/5174 5167/5792/5169 5168/5793/5170
f 5173/5798/5175 5222/5799/5176 5171/5800/5177
f 5171/5800/5177 5172/5801/5178 5173/5798/5175
f 5165/5791/5168 5173/5798/5175 5172/5801/5178
f 5172/5801/5178 5166/5790/5167 5165/5791/5168
f 5170/5797/5174 5224/5796/5173 5222/5799/5176
f 5222/5799/5176 5173/5798/5175 5170/5797/5174
f 5167/5792/5169 5170/5797/5174 5173/5798/5175
f 5173/5798/5175 5165/5791/5168 5167/5792/5169
f 5175/5802/5179 3951/4364/3965 3954/4363/3964
f 3954/4363/3964 5174/5803/5180 5175/5802/5179
f 5174/5803/5180 3954/4363/3964 3950/4362/3963
f 3950/4362/3963 5176/5804/5181 5174/5803/5180
f 5177/5805/5182 3949/4361/3962 2648/2874/2659
f 2648/2874/2659 4748/5302/4787 5177/5805/5182
f 5176/5804/5181 3950/4362/3963 3949/4361/3962
f 3949/4361/3962 5177/5805/5182 5176/5804/5181
f 4756/5313/4798 4755/5312/4797 5178/5806/5183
f 5178/5806/5183 5179/5807/5184 4756/5313/4798
f 5179/5807/5184 5178/5806/5183 5198/5808/5185
f 5198/5808/5185 5180/5809/5186 5179/5807/5184
f 4748/5302/4787 4756/5313/4798 5179/5807/5184
f 5179/5807/5184 5177/5805/5182 4748/5302/4787
f 5177/5805/5182 5179/5807/5184 5180/5809/5186
f 5180/5809/5186 5176/5804/5181 5177/5805/5182
f 5183/5810/5187 5195/5811/5188 5181/5812/5189
f 5181/5812/5189 5182/5813/5190 5183/5810/5187
f 5174/5803/5180 5183/5810/5187 5182/5813/5190
f 5182/5813/5190 5175/5802/5179 5174/5803/5180
f 5180/5809/5186 5198/5808/5185 5195/5811/5188
f 5195/5811/5188 5183/5810/5187 5180/5809/5186
f 5176/5804/5181 5180/5809/5186 5183/5810/5187
f 5183/5810/5187 5174/5803/5180 5176/5804/5181
f 3974/3143/2920 5184/5499/4938 5081/5689/5088
f 5186/5814/5191 5081/5689/5088 5184/5499/4938
f 5184/5499/4938 5185/5815/5192 5186/5814/5191
f 5184/5499/4938 3974/3143/2920 2772/2997/2777
f 5184/5499/4938 4917/5501/4940 5185/5815/5192
f 4926/5513/4952 5062/5512/4951 5187/5816/5193
f 5187/5816/5193 5188/5817/5194 4926/5513/4952
f 5188/5817/5194 5187/5816/5193 5206/5818/5195
f 5206/5818/5195 5189/5819/5196 5188/5817/5194
f 4917/5501/4940 4926/5513/4952 5188/5817/5194
f 4917/5501/4940 5188/5817/5194 5189/5819/5196
f 5189/5819/5196 5185/5815/5192 4917/5501/4940
f 5191/5820/5197 5204/5821/5198 5171/5822/5177
f 5171/5822/5177 5190/5823/5199 5191/5820/5197
f 5185/5815/5192 5191/5820/5197 5190/5823/5199
f 5190/5823/5199 5186/5814/5191 5185/5815/5192
f 5189/5819/5196 5206/5818/5195 5204/5821/5198
f 5204/5821/5198 5191/5820/5197 5189/5819/5196
f 5185/5815/5192 5189/5819/5196 5191/5820/5197
f 4932/5518/4957 2776/3001/2781 3972/3134/2911
f 3972/3134/2911 5192/5824/5200 4932/5518/4957
f 4933/5519/4958 4932/5518/4957 5192/5824/5200
f 5192/5824/5200 5193/5825/5201 4933/5519/4958
f 5192/5824/5200 5194/5826/5202 5193/5825/5201
f 5197/5827/5203 5181/5828/5189 5195/5829/5188
f 5195/5829/5188 5196/5830/5204 5197/5827/5203
f 5196/5830/5204 5195/5829/5188 5198/5831/5185
f 5198/5831/5185 5199/5832/5205 5196/5830/5204
f 5194/5826/5202 5197/5827/5203 5196/5830/5204
f 5194/5826/5202 5196/5830/5204 5199/5832/5205
f 5199/5832/5205 5193/5825/5201 5194/5826/5202
f 5200/5833/5206 5178/5834/5183 4755/5522/4797
f 4755/5522/4797 4936/5521/4960 5200/5833/5206
f 4933/5519/4958 5200/5833/5206 4936/5521/4960
f 5199/5832/5205 5198/5831/5185 5178/5834/5183
f 5178/5834/5183 5200/5833/5206 5199/5832/5205
f 5193/5825/5201 5199/5832/5205 5200/5833/5206
f 5200/5833/5206 4933/5519/4958 5193/5825/5201
f 5060/5663/5066 2890/3115/2892 4023/4444/4025
f 4023/4444/4025 5201/5835/5207 5060/5663/5066
f 5201/5835/5207 4023/4444/4025 4025/4446/4027
f 4025/4446/4027 5202/5836/5208 5201/5835/5207
f 5203/5837/5209 4027/4449/4030 3903/4310/3927
f 3903/4310/3927 5166/5790/5167 5203/5837/5209
f 5202/5836/5208 4025/4446/4027 4027/4449/4030
f 4027/4449/4030 5203/5837/5209 5202/5836/5208
f 5172/5801/5178 5171/5800/5177 5204/5838/5198
f 5204/5838/5198 5205/5839/5210 5172/5801/5178
f 5205/5839/5210 5204/5838/5198 5206/5840/5195
f 5206/5840/5195 5207/5841/5211 5205/5839/5210
f 5166/5790/5167 5172/5801/5178 5205/5839/5210
f 5205/5839/5210 5203/5837/5209 5166/5790/5167
f 5203/5837/5209 5205/5839/5210 5207/5841/5211
f 5207/5841/5211 5202/5836/5208 5203/5837/5209
f 5208/5842/5212 5187/5843/5193 5062/5665/4951
f 5062/5665/4951 5064/5664/5067 5208/5842/5212
f 5201/5835/5207 5208/5842/5212 5064/5664/5067
f 5064/5664/5067 5060/5663/5066 5201/5835/5207
f 5207/5841/5211 5206/5840/5195 5187/5843/5193
f 5187/5843/5193 5208/5842/5212 5207/5841/5211
f 5202/5836/5208 5207/5841/5211 5208/5842/5212
f 5208/5842/5212 5201/5835/5207 5202/5836/5208
f 5069/5675/5074 2902/3127/2904 4037/4459/4037
f 4037/4459/4037 5209/5844/5213 5069/5675/5074
f 5209/5844/5213 4037/4459/4037 4039/4461/4039
f 4039/4461/4039 5210/5845/5214 5209/5844/5213
f 5211/5846/5215 4041/4464/4042 3951/4364/3965
f 3951/4364/3965 5175/5802/5179 5211/5846/5215
f 5210/5845/5214 4039/4461/4039 4041/4464/4042
f 4041/4464/4042 5211/5846/5215 5210/5845/5214
f 5182/5813/5190 5181/5812/5189 5212/5847/5216
f 5212/5847/5216 5213/5848/5217 5182/5813/5190
f 5213/5848/5217 5212/5847/5216 5219/5849/5218
f 5219/5849/5218 5214/5850/5219 5213/5848/5217
f 5175/5802/5179 5182/5813/5190 5213/5848/5217
f 5213/5848/5217 5211/5846/5215 5175/5802/5179
f 5211/5846/5215 5213/5848/5217 5214/5850/5219
f 5214/5850/5219 5210/5845/5214 5211/5846/5215
f 5215/5851/5220 5218/5852/5221 5071/5677/5076
f 5071/5677/5076 5073/5676/5075 5215/5851/5220
f 5209/5844/5213 5215/5851/5220 5073/5676/5075
f 5073/5676/5075 5069/5675/5074 5209/5844/5213
f 5214/5850/5219 5219/5849/5218 5218/5852/5221
f 5218/5852/5221 5215/5851/5220 5214/5850/5219
f 5210/5845/5214 5214/5850/5219 5215/5851/5220
f 5215/5851/5220 5209/5844/5213 5210/5845/5214
f 3972/3134/2911 5216/5700/5095 5192/5824/5200
f 5194/5826/5202 5192/5824/5200 5216/5700/5095
f 5216/5700/5095 5217/5853/5222 5194/5826/5202
f 5216/5700/5095 5093/5703/5098 5217/5853/5222
f 5101/5715/5106 5071/5714/5076 5218/5854/5221
f 5101/5715/5106 5218/5854/5221 5219/5855/5218
f 5219/5855/5218 5220/5856/5223 5101/5715/5106
f 5093/5703/5098 5101/5715/5106 5220/5856/5223
f 5220/5856/5223 5217/5853/5222 5093/5703/5098
f 5221/5857/5224 5212/5858/5216 5181/5828/5189
f 5181/5828/5189 5197/5827/5203 5221/5857/5224
f 5217/5853/5222 5221/5857/5224 5197/5827/5203
f 5197/5827/5203 5194/5826/5202 5217/5853/5222
f 5220/5856/5223 5219/5855/5218 5212/5858/5216
f 5212/5858/5216 5221/5857/5224 5220/5856/5223
f 5217/5853/5222 5220/5856/5223 5221/5857/5224
f 5081/5689/5088 5186/5814/5191 5083/5691/5090
f 5190/5823/5199 5171/5822/5177 5222/5859/5176
f 5222/5859/5176 5223/5860/5225 5190/5823/5199
f 5223/5860/5225 5222/5859/5176 5224/5861/5173
f 5224/5861/5173 5225/5862/5226 5223/5860/5225
f 5186/5814/5191 5190/5823/5199 5223/5860/5225
f 5186/5814/5191 5223/5860/5225 5225/5862/5226
f 5225/5862/5226 5083/5691/5090 5186/5814/5191
f 5087/5692/5091 5226/5863/5171 5085/5693/4746
f 5225/5862/5226 5224/5861/5173 5226/5863/5171
f 5226/5863/5171 5087/5692/5091 5225/5862/5226
f 5083/5691/5090 5225/5862/5226 5087/5692/5091
o PowerRing3
v 1.659424 2.983310 0.629666
v 1.024734 2.982783 0.100279
v 1.753423 2.983260 0.028347
v -0.186602 2.982664 -0.494873
v 1.669581 2.983310 -0.578984
v 1.354461 2.983259 -1.100977
v 0.878223 2.983109 -1.448442
v 0.322971 2.983259 -1.709468
v -0.288876 2.983310 -1.732260
v -0.858103 2.983258 -1.512413
v -0.999166 2.982792 -0.155644
v -1.341475 2.983309 -1.136427
v -1.636433 2.983260 -0.602425
v -1.764824 2.983310 -0.003594
v -1.647510 2.983260 0.594172
v -0.335476 2.982792 0.969394
v -1.360684 2.983310 1.136507
v -0.885834 2.983260 1.519301
v -0.318421 2.983310 1.749882
v 0.291392 2.983260 1.737890
v 0.873249 2.983130 1.488126
v 1.333702 2.983260 1.148635
v -1.256510 2.987409 1.512498
v 1.922629 2.983896 -0.020901
v 1.817937 2.983896 0.637516
v 1.842769 2.984889 0.679946
v 1.893972 2.984889 0.517020
v 1.930803 2.984888 0.350270
v 1.953045 2.984888 0.180979
v 1.960479 2.984889 0.010410
v 1.795829 2.983896 -0.675478
v 1.952870 2.984889 -0.160205
v 1.930447 2.984888 -0.329496
v 1.842096 2.984890 -0.659006
v 1.893362 2.984791 -0.495117
v 1.452758 2.983896 -1.247263
v 1.776591 2.984889 -0.816728
v 1.697619 2.984888 -0.968141
v 1.605841 2.984888 -1.112121
v 1.501896 2.984889 -1.247563
v 0.934842 2.983896 -1.667182
v 1.386397 2.984889 -1.373370
v 1.260404 2.984888 -1.488639
v 1.124915 2.984888 -1.592547
v 0.980916 2.984889 -1.684269
v 0.304542 2.983896 -1.884639
v 0.829355 2.984889 -1.762985
v 0.671534 2.984888 -1.828212
v 0.508681 2.984888 -1.879513
v 0.341989 2.984889 -1.916453
v -0.362118 2.983896 -1.873406
v 0.172650 2.984889 -1.938586
v 0.002034 2.984887 -1.945900
v -0.168542 2.984888 -1.938409
v -0.337811 2.984889 -1.916110
v -0.984738 2.983896 -1.634837
v -0.504512 2.984889 -1.878989
v -0.667339 2.984888 -1.827510
v -0.825067 2.984888 -1.762128
v -0.976503 2.984889 -1.683280
v -1.488212 2.983896 -1.197709
v -1.120451 2.984889 -1.591385
v -1.255851 2.984888 -1.487320
v -1.381707 2.984888 -1.371932
v -1.497041 2.984889 -1.246048
v -1.811814 2.983896 -0.614720
v -1.600878 2.984889 -1.110461
v -1.692519 2.984888 -0.966363
v -1.771322 2.984888 -0.814888
v -1.836645 2.984890 -0.657150
v -1.916506 2.983896 0.043764
v -1.887848 2.984890 -0.494223
v -1.924678 2.984888 -0.327473
v -1.946920 2.984888 -0.158184
v -1.954353 2.984889 0.012383
v -1.789692 2.983896 0.698280
v -1.946743 2.984889 0.182997
v -1.924320 2.984888 0.352289
v -1.887322 2.984888 0.518977
v -1.835969 2.984890 0.681802
v -1.446624 2.983896 1.270053
v -1.770465 2.984890 0.839524
v -1.691492 2.984888 0.990937
v -1.599717 2.984888 1.134913
v -1.495768 2.984889 1.270356
v -0.928708 2.983896 1.689971
v -1.380271 2.984889 1.396163
v -1.254281 2.984888 1.511432
v -1.118789 2.984888 1.615342
v -0.974788 2.984890 1.707065
v -0.298408 2.983896 1.907425
v -0.823227 2.984890 1.785782
v -0.665409 2.984888 1.851007
v -0.502553 2.984888 1.902307
v -0.335865 2.984889 1.939247
v 0.368252 2.983896 1.896190
v -0.166523 2.984889 1.961381
v 0.004087 2.984888 1.968696
v 0.174668 2.984888 1.961203
v 0.343936 2.984889 1.938905
v 0.990861 2.983896 1.657624
v 0.510638 2.984889 1.901783
v 0.673464 2.984888 1.850304
v 0.831192 2.984888 1.784923
v 0.982626 2.984890 1.706076
v 1.494335 2.983896 1.220494
v 1.126577 2.984890 1.614179
v 1.261975 2.984888 1.510116
v 1.387830 2.984888 1.394729
v 1.503166 2.984889 1.268842
v 1.607003 2.984889 1.133257
v 1.698646 2.984888 0.989158
v 1.777447 2.984888 0.837687
vn -0.0003 1.0000 -0.0000
vn -0.0026 1.0000 -0.0017
vn -0.0021 1.0000 0.0006
vn -0.0026 1.0000 -0.0018
vn -0.0031 1.0000 0.0005
vn -0.0016 1.0000 0.0022
vn -0.0004 1.0000 0.0018
vn 0.0001 1.0000 0.0002
vn 0.0003 1.0000 0.0024
vn 0.0008 1.0000 0.0030
vn 0.0016 1.0000 0.0017
vn 0.0004 1.0000 -0.0000
vn 0.0025 1.0000 0.0018
vn 0.0024 1.0000 0.0002
vn 0.0030 1.0000 0.0006
vn 0.0023 1.0000 -0.0014
vn -0.0002 1.0000 -0.0003
vn 0.0027 1.0000 -0.0014
vn 0.0014 1.0000 -0.0028
vn 0.0012 1.0000 -0.0029
vn -0.0007 1.0000 -0.0018
vn -0.0016 1.0000 -0.0016
vn -0.0146 0.9999 -0.0049
vn -0.0154 0.9999 0.0004
vn -0.0241 0.9997 -0.0093
vn -0.0206 0.9998 -0.0048
vn -0.0135 0.9999 -0.0019
vn -0.0163 0.9999 -0.0024
vn -0.0258 0.9997 -0.0005
vn -0.0143 0.9999 0.0057
vn -0.0210 0.9998 0.0026
vn -0.0155 0.9999 0.0028
vn -0.0150 0.9999 0.0031
vn -0.0246 0.9997 0.0088
vn -0.0115 0.9999 0.0105
vn -0.0189 0.9998 0.0096
vn -0.0116 0.9999 0.0073
vn -0.0140 0.9999 0.0087
vn -0.0201 0.9997 0.0163
vn -0.0071 0.9999 0.0139
vn -0.0144 0.9998 0.0155
vn -0.0087 0.9999 0.0109
vn -0.0102 0.9999 0.0129
vn -0.0133 0.9997 0.0221
vn -0.0023 0.9999 0.0152
vn -0.0083 0.9998 0.0195
vn -0.0042 0.9999 0.0130
vn -0.0052 0.9999 0.0156
vn -0.0049 0.9997 0.0254
vn 0.0031 0.9999 0.0151
vn -0.0011 0.9998 0.0211
vn 0.0005 0.9999 0.0136
vn 0.0005 0.9999 0.0165
vn 0.0036 0.9997 0.0258
vn 0.0080 0.9999 0.0131
vn 0.0062 0.9998 0.0202
vn 0.0052 0.9999 0.0127
vn 0.0061 0.9999 0.0153
vn 0.0125 0.9997 0.0226
vn 0.0121 0.9999 0.0096
vn 0.0127 0.9998 0.0169
vn 0.0092 0.9999 0.0106
vn 0.0110 0.9999 0.0123
vn 0.0195 0.9997 0.0170
vn 0.0146 0.9999 0.0049
vn 0.0177 0.9998 0.0115
vn 0.0121 0.9999 0.0064
vn 0.0145 0.9999 0.0078
vn 0.0241 0.9997 0.0093
vn 0.0157 0.9999 -0.0008
vn 0.0206 0.9998 0.0048
vn 0.0138 0.9999 0.0021
vn 0.0163 0.9999 0.0024
vn 0.0258 0.9997 0.0005
vn 0.0143 0.9999 -0.0056
vn 0.0210 0.9998 -0.0026
vn 0.0134 0.9999 -0.0029
vn 0.0162 0.9999 -0.0033
vn 0.0245 0.9997 -0.0084
vn 0.0115 0.9999 -0.0108
vn 0.0189 0.9998 -0.0096
vn 0.0116 0.9999 -0.0073
vn 0.0140 0.9999 -0.0087
vn 0.0201 0.9997 -0.0162
vn 0.0074 0.9999 -0.0135
vn 0.0176 0.9997 -0.0190
vn 0.1673 0.9686 -0.1839
vn 0.0102 0.9999 -0.0129
vn 0.0137 0.9997 -0.0221
vn 0.0023 0.9999 -0.0153
vn 0.0083 0.9998 -0.0195
vn 0.0042 0.9999 -0.0130
vn 0.0052 0.9999 -0.0157
vn 0.0049 0.9997 -0.0254
vn -0.0031 0.9999 -0.0151
vn 0.0011 0.9998 -0.0211
vn -0.0005 0.9999 -0.0137
vn -0.0005 0.9999 -0.0165
vn -0.0036 0.9997 -0.0257
vn -0.0080 0.9999 -0.0131
vn -0.0062 0.9998 -0.0202
vn -0.0052 0.9999 -0.0127
vn -0.0061 0.9999 -0.0153
vn -0.0123 0.9997 -0.0229
vn -0.0120 0.9999 -0.0096
vn -0.0127 0.9998 -0.0169
vn -0.0092 0.9999 -0.0102
vn -0.0110 0.9999 -0.0123
vn -0.0195 0.9997 -0.0170
vn -0.0177 0.9998 -0.0115
vn -0.0121 0.9999 -0.0064
vn -0.0145 0.9999 -0.0078
vn 0.4996 0.6725 -0.5460
vt 0.786280 0.054651
vt 0.754953 0.032893
vt 0.781349 0.022745
vt 0.734508 0.051947
vt 0.809270 0.021293
vt 0.836022 0.030520
vt 0.856060 0.049140
vt 0.823092 0.106832
vt 0.872902 0.071610
vt 0.879193 0.098838
vt 0.874742 0.126788
vt 0.813278 0.147323
vt 0.862054 0.151687
vt 0.840698 0.170243
vt 0.814965 0.181158
vt 0.786681 0.181656
vt 0.755775 0.124669
vt 0.759946 0.173457
vt 0.737968 0.155638
vt 0.722750 0.132200
vt 0.717368 0.104422
vt 0.723529 0.076547
vt 0.755477 0.021991
vt 0.785313 0.012248
vt 0.753082 0.020770
vt 0.760310 0.017164
vt 0.767826 0.014201
vt 0.775569 0.011900
vt 0.783483 0.010281
vt 0.816684 0.013297
vt 0.791509 0.009365
vt 0.799584 0.009151
vt 0.807648 0.009637
vt 0.815638 0.010822
vt 0.845807 0.025013
vt 0.823493 0.012707
vt 0.831154 0.015267
vt 0.838566 0.018482
vt 0.845668 0.022329
vt 0.869165 0.045982
vt 0.852405 0.026786
vt 0.858729 0.031812
vt 0.864594 0.037368
vt 0.869952 0.043412
vt 0.883942 0.073676
vt 0.874758 0.049905
vt 0.878982 0.056791
vt 0.882593 0.064017
vt 0.885561 0.071530
vt 0.888356 0.104753
vt 0.887857 0.079274
vt 0.889470 0.087190
vt 0.890391 0.095216
vt 0.890611 0.103290
vt 0.881875 0.135466
vt 0.890120 0.111353
vt 0.888929 0.119343
vt 0.887049 0.127200
vt 0.884494 0.134862
vt 0.865281 0.162110
vt 0.881275 0.142271
vt 0.877423 0.149372
vt 0.872970 0.156112
vt 0.867948 0.162439
vt 0.840573 0.181471
vt 0.862389 0.168299
vt 0.856341 0.173654
vt 0.849851 0.178465
vt 0.842968 0.182693
vt 0.810734 0.191214
vt 0.835740 0.186298
vt 0.828225 0.189262
vt 0.820481 0.191563
vt 0.812567 0.193181
vt 0.779366 0.190165
vt 0.804542 0.194097
vt 0.796466 0.194312
vt 0.788403 0.193826
vt 0.780412 0.192640
vt 0.750242 0.178449
vt 0.772558 0.190756
vt 0.764896 0.188195
vt 0.757485 0.184981
vt 0.750382 0.181134
vt 0.726885 0.157480
vt 0.743645 0.176677
vt 0.737321 0.171650
vt 0.731457 0.166094
vt 0.726098 0.160050
vt 0.712108 0.129786
vt 0.721292 0.153558
vt 0.717069 0.146671
vt 0.713458 0.139445
vt 0.710490 0.131933
vt 0.707694 0.098709
vt 0.708194 0.124188
vt 0.706580 0.116272
vt 0.705659 0.108247
vt 0.705439 0.100172
vt 0.714175 0.067996
vt 0.705931 0.092110
vt 0.707122 0.084120
vt 0.709001 0.076263
vt 0.711556 0.068600
vt 0.730770 0.041352
vt 0.714775 0.061192
vt 0.718627 0.054091
vt 0.723080 0.047351
vt 0.728102 0.041024
vt 0.733661 0.035163
vt 0.739710 0.029808
vt 0.746199 0.024997
vt 0.676185 0.526660
vt 0.676185 0.526747
vt 0.667470 0.526747
s 1
usemtl DefaultMaterial
f 5228/5864/5227 5227/5865/5228 5229/5866/5229
f 5248/5867/5230 5227/5865/5228 5228/5864/5227
f 5228/5864/5227 5231/5868/5231 5232/5869/5232
f 5229/5866/5229 5231/5868/5231 5228/5864/5227
f 5232/5869/5232 5233/5870/5233 5228/5864/5227
f 5230/5871/5234 5228/5864/5227 5233/5870/5233
f 5230/5871/5234 5233/5870/5233 5234/5872/5235
f 5230/5871/5234 5235/5873/5236 5236/5874/5237
f 5234/5872/5235 5235/5873/5236 5230/5871/5234
f 5237/5875/5238 5230/5871/5234 5236/5874/5237
f 5237/5875/5238 5238/5876/5239 5239/5877/5240
f 5236/5874/5237 5238/5876/5239 5237/5875/5238
f 5237/5875/5238 5240/5878/5241 5241/5879/5242
f 5239/5877/5240 5240/5878/5241 5237/5875/5238
f 5242/5880/5243 5237/5875/5238 5241/5879/5242
f 5237/5875/5238 5242/5880/5243 5230/5871/5234
f 5242/5880/5243 5243/5881/5244 5244/5882/5245
f 5241/5879/5242 5243/5881/5244 5242/5880/5243
f 5242/5880/5243 5245/5883/5246 5246/5884/5247
f 5244/5882/5245 5245/5883/5246 5242/5880/5243
f 5247/5885/5248 5242/5880/5243 5246/5884/5247
f 5242/5880/5243 5247/5885/5248 5230/5871/5234
f 5228/5864/5227 5247/5885/5248 5248/5867/5230
f 5247/5885/5248 5228/5864/5227 5230/5871/5234
f 5229/5866/5229 5251/5886/5249 5250/5887/5250
f 5251/5886/5249 5229/5866/5229 5227/5865/5228
f 5251/5886/5249 5252/5888/5251 5253/5889/5252
f 5251/5886/5249 5253/5889/5252 5254/5890/5253
f 5250/5887/5250 5255/5891/5254 5256/5892/5255
f 5251/5886/5249 5254/5890/5253 5255/5891/5254
f 5255/5891/5254 5250/5887/5250 5251/5886/5249
f 5231/5868/5231 5250/5887/5250 5257/5893/5256
f 5250/5887/5250 5231/5868/5231 5229/5866/5229
f 5250/5887/5250 5256/5892/5255 5258/5894/5257
f 5250/5887/5250 5258/5894/5257 5259/5895/5258
f 5257/5893/5256 5261/5896/5259 5260/5897/5260
f 5250/5887/5250 5259/5895/5258 5261/5896/5259
f 5261/5896/5259 5257/5893/5256 5250/5887/5250
f 5232/5869/5232 5257/5893/5256 5262/5898/5261
f 5257/5893/5256 5232/5869/5232 5231/5868/5231
f 5257/5893/5256 5260/5897/5260 5263/5899/5262
f 5257/5893/5256 5263/5899/5262 5264/5900/5263
f 5262/5898/5261 5265/5901/5264 5266/5902/5265
f 5257/5893/5256 5264/5900/5263 5265/5901/5264
f 5265/5901/5264 5262/5898/5261 5257/5893/5256
f 5233/5870/5233 5262/5898/5261 5267/5903/5266
f 5262/5898/5261 5233/5870/5233 5232/5869/5232
f 5262/5898/5261 5266/5902/5265 5268/5904/5267
f 5262/5898/5261 5268/5904/5267 5269/5905/5268
f 5267/5903/5266 5270/5906/5269 5271/5907/5270
f 5262/5898/5261 5269/5905/5268 5270/5906/5269
f 5270/5906/5269 5267/5903/5266 5262/5898/5261
f 5234/5872/5235 5267/5903/5266 5272/5908/5271
f 5267/5903/5266 5234/5872/5235 5233/5870/5233
f 5267/5903/5266 5271/5907/5270 5273/5909/5272
f 5267/5903/5266 5273/5909/5272 5274/5910/5273
f 5272/5908/5271 5275/5911/5274 5276/5912/5275
f 5267/5903/5266 5274/5910/5273 5275/5911/5274
f 5275/5911/5274 5272/5908/5271 5267/5903/5266
f 5235/5873/5236 5272/5908/5271 5277/5913/5276
f 5272/5908/5271 5235/5873/5236 5234/5872/5235
f 5272/5908/5271 5276/5912/5275 5278/5914/5277
f 5272/5908/5271 5278/5914/5277 5279/5915/5278
f 5277/5913/5276 5280/5916/5279 5281/5917/5280
f 5272/5908/5271 5279/5915/5278 5280/5916/5279
f 5280/5916/5279 5277/5913/5276 5272/5908/5271
f 5236/5874/5237 5277/5913/5276 5282/5918/5281
f 5277/5913/5276 5236/5874/5237 5235/5873/5236
f 5277/5913/5276 5281/5917/5280 5283/5919/5282
f 5277/5913/5276 5283/5919/5282 5284/5920/5283
f 5282/5918/5281 5285/5921/5284 5286/5922/5285
f 5277/5913/5276 5284/5920/5283 5285/5921/5284
f 5285/5921/5284 5282/5918/5281 5277/5913/5276
f 5238/5876/5239 5282/5918/5281 5287/5923/5286
f 5282/5918/5281 5238/5876/5239 5236/5874/5237
f 5282/5918/5281 5286/5922/5285 5288/5924/5287
f 5282/5918/5281 5288/5924/5287 5289/5925/5288
f 5287/5923/5286 5290/5926/5289 5291/5927/5290
f 5282/5918/5281 5289/5925/5288 5290/5926/5289
f 5290/5926/5289 5287/5923/5286 5282/5918/5281
f 5239/5877/5240 5287/5923/5286 5292/5928/5291
f 5287/5923/5286 5239/5877/5240 5238/5876/5239
f 5287/5923/5286 5291/5927/5290 5293/5929/5292
f 5287/5923/5286 5293/5929/5292 5294/5930/5293
f 5292/5928/5291 5295/5931/5294 5296/5932/5295
f 5287/5923/5286 5294/5930/5293 5295/5931/5294
f 5295/5931/5294 5292/5928/5291 5287/5923/5286
f 5240/5878/5241 5292/5928/5291 5297/5933/5296
f 5292/5928/5291 5240/5878/5241 5239/5877/5240
f 5292/5928/5291 5296/5932/5295 5298/5934/5297
f 5292/5928/5291 5298/5934/5297 5299/5935/5298
f 5297/5933/5296 5300/5936/5299 5301/5937/5300
f 5292/5928/5291 5299/5935/5298 5300/5936/5299
f 5300/5936/5299 5297/5933/5296 5292/5928/5291
f 5241/5879/5242 5297/5933/5296 5302/5938/5301
f 5297/5933/5296 5241/5879/5242 5240/5878/5241
f 5297/5933/5296 5301/5937/5300 5303/5939/5302
f 5297/5933/5296 5303/5939/5302 5304/5940/5303
f 5302/5938/5301 5305/5941/5304 5306/5942/5305
f 5297/5933/5296 5304/5940/5303 5305/5941/5304
f 5305/5941/5304 5302/5938/5301 5297/5933/5296
f 5243/5881/5244 5302/5938/5301 5307/5943/5306
f 5302/5938/5301 5243/5881/5244 5241/5879/5242
f 5302/5938/5301 5306/5942/5305 5308/5944/5307
f 5302/5938/5301 5308/5944/5307 5309/5945/5308
f 5307/5943/5306 5310/5946/5309 5311/5947/5310
f 5302/5938/5301 5309/5945/5308 5310/5946/5309
f 5310/5946/5309 5307/5943/5306 5302/5938/5301
f 5244/5882/5245 5307/5943/5306 5312/5948/5311
f 5307/5943/5306 5244/5882/5245 5243/5881/5244
f 5307/5943/5306 5311/5947/5310 5313/5949/5312
f 5307/5943/5306 5313/5949/5312 5314/5950/5313
f 5312/5948/5311 5315/5951/5314 5316/5952/5315
f 5307/5943/5306 5314/5950/5313 5315/5951/5314
f 5315/5951/5314 5312/5948/5311 5307/5943/5306
f 5245/5883/5246 5312/5948/5311 5317/5953/5316
f 5312/5948/5311 5245/5883/5246 5244/5882/5245
f 5312/5948/5311 5316/5952/5315 5318/5954/5317
f 5312/5948/5311 5318/5954/5317 5319/5955/5318
f 5317/5953/5316 5320/5956/5319 5321/5957/5320
f 5312/5948/5311 5319/5955/5318 5320/5956/5319
f 5320/5956/5319 5317/5953/5316 5312/5948/5311
f 5246/5884/5247 5317/5953/5316 5322/5958/5321
f 5317/5953/5316 5246/5884/5247 5245/5883/5246
f 5317/5953/5316 5321/5957/5320 5323/5959/5322
f 5317/5953/5316 5323/5959/5322 5324/5960/5323
f 5322/5958/5321 5325/5961/5324 5326/5962/5325
f 5317/5953/5316 5324/5960/5323 5325/5961/5324
f 5325/5961/5324 5322/5958/5321 5317/5953/5316
f 5247/5885/5248 5322/5958/5321 5327/5963/5326
f 5322/5958/5321 5247/5885/5248 5246/5884/5247
f 5322/5958/5321 5326/5962/5325 5328/5964/5327
f 5322/5958/5321 5328/5964/5327 5329/5965/5328
f 5327/5963/5326 5330/5966/5329 5331/5967/5330
f 5322/5958/5321 5329/5965/5328 5330/5966/5329
f 5330/5966/5329 5327/5963/5326 5322/5958/5321
f 5248/5867/5230 5327/5963/5326 5332/5968/5331
f 5327/5963/5326 5248/5867/5230 5247/5885/5248
f 5327/5963/5326 5331/5967/5330 5333/5969/5332
f 5327/5963/5326 5333/5969/5332 5334/5970/5333
f 5332/5968/5331 5335/5971/5334 5336/5972/5335
f 5327/5963/5326 5334/5970/5333 5335/5971/5334
f 5335/5971/5334 5332/5968/5331 5327/5963/5326
f 5227/5865/5228 5332/5968/5331 5251/5886/5249
f 5332/5968/5331 5227/5865/5228 5248/5867/5230
f 5332/5968/5331 5336/5972/5335 5337/5973/5336
f 5332/5968/5331 5337/5973/5336 5338/5974/5337
f 5251/5886/5249 5339/5975/5338 5252/5888/5251
f 5332/5968/5331 5338/5974/5337 5339/5975/5338
f 5339/5975/5338 5251/5886/5249 5332/5968/5331
f 5249/5976/5339 5314/5977/5313 5313/5978/5312
